Date,Machine,Units_Produced,Defective_Units,Quality_Rate
2025-01-01,Machine CNC,682,57,91.64
2025-01-01,Tour industriel,754,50,93.37
2025-01-01,Fraiseuse industrielle,895,49,94.53
2025-01-01,Perceuse a colonne,853,42,95.08
2025-01-01,Presse hydraulique,892,42,95.29
2025-01-01,Presse mecanique,935,58,93.8
2025-01-01,Machine de decoupe laser,952,45,95.27
2025-01-01,Machine de decoupe plasma,987,92,90.68
2025-01-01,Machine de soudage robotisee,960,82,91.46
2025-01-01,Robot assemblage,968,58,94.01
2025-01-01,Machine de moulage par injection,1009,53,94.75
2025-01-01,Machine extrusion,893,42,95.3
2025-01-01,Machine de pliage,886,23,97.4
2025-01-01,Machine de polissage,889,32,96.4
2025-01-01,Machine de peinture industrielle,922,77,91.65
2025-01-01,Machine emballage,970,81,91.65
2025-01-01,Etiqueteuse automatique,909,73,91.97
2025-01-01,Convoyeur industriel,985,67,93.2
2025-01-01,Machine de controle qualite par vision,972,42,95.68
2025-01-01,Machine de palettisation automatique,967,39,95.97
2025-01-02,Machine CNC,743,57,92.33
2025-01-02,Tour industriel,809,57,92.95
2025-01-02,Fraiseuse industrielle,820,50,93.9
2025-01-02,Perceuse a colonne,830,43,94.82
2025-01-02,Presse hydraulique,851,45,94.71
2025-01-02,Presse mecanique,939,53,94.36
2025-01-02,Machine de decoupe laser,895,39,95.64
2025-01-02,Machine de decoupe plasma,904,86,90.49
2025-01-02,Machine de soudage robotisee,912,71,92.21
2025-01-02,Robot assemblage,891,54,93.94
2025-01-02,Machine de moulage par injection,900,48,94.67
2025-01-02,Machine extrusion,904,30,96.68
2025-01-02,Machine de pliage,928,29,96.88
2025-01-02,Machine de polissage,914,37,95.95
2025-01-02,Machine de peinture industrielle,944,88,90.68
2025-01-02,Machine emballage,917,81,91.17
2025-01-02,Etiqueteuse automatique,949,72,92.41
2025-01-02,Convoyeur industriel,993,60,93.96
2025-01-02,Machine de controle qualite par vision,983,50,94.91
2025-01-02,Machine de palettisation automatique,1040,39,96.25
2025-01-03,Machine CNC,771,59,92.35
2025-01-03,Tour industriel,763,48,93.71
2025-01-03,Fraiseuse industrielle,824,48,94.17
2025-01-03,Perceuse a colonne,879,44,94.99
2025-01-03,Presse hydraulique,862,41,95.24
2025-01-03,Presse mecanique,888,40,95.5
2025-01-03,Machine de decoupe laser,874,46,94.74
2025-01-03,Machine de decoupe plasma,897,85,90.52
2025-01-03,Machine de soudage robotisee,859,73,91.5
2025-01-03,Robot assemblage,939,52,94.46
2025-01-03,Machine de moulage par injection,915,38,95.85
2025-01-03,Machine extrusion,923,38,95.88
2025-01-03,Machine de pliage,914,32,96.5
2025-01-03,Machine de polissage,906,29,96.8
2025-01-03,Machine de peinture industrielle,980,93,90.51
2025-01-03,Machine emballage,968,85,91.22
2025-01-03,Etiqueteuse automatique,1023,83,91.89
2025-01-03,Convoyeur industriel,1013,71,92.99
2025-01-03,Machine de controle qualite par vision,1016,46,95.47
2025-01-03,Machine de palettisation automatique,1054,34,96.77
2025-01-04,Machine CNC,765,61,92.03
2025-01-04,Tour industriel,726,46,93.66
2025-01-04,Fraiseuse industrielle,764,44,94.24
2025-01-04,Perceuse a colonne,780,34,95.64
2025-01-04,Presse hydraulique,892,48,94.62
2025-01-04,Presse mecanique,854,46,94.61
2025-01-04,Machine de decoupe laser,875,46,94.74
2025-01-04,Machine de decoupe plasma,876,86,90.18
2025-01-04,Machine de soudage robotisee,912,67,92.65
2025-01-04,Robot assemblage,934,57,93.9
2025-01-04,Machine de moulage par injection,908,38,95.81
2025-01-04,Machine extrusion,1004,37,96.31
2025-01-04,Machine de pliage,985,37,96.24
2025-01-04,Machine de polissage,972,41,NaN
2025-01-04,Machine de peinture industrielle,986,85,91.38
2025-01-04,Machine emballage,990,91,90.81
2025-01-04,Etiqueteuse automatique,1016,77,92.42
2025-01-04,Convoyeur industriel,988,59,94.03
2025-01-04,Machine de controle qualite par vision,1018,52,94.89
2025-01-04,Machine de palettisation automatique,1026,30,97.08
2025-01-05,Machine CNC,731,58,92.07
2025-01-05,Tour industriel,805,58,92.8
2025-01-05,Fraiseuse industrielle,761,41,94.61
2025-01-05,Perceuse a colonne,733,39,94.68
2025-01-05,Presse hydraulique,806,46,94.29
2025-01-05,Presse mecanique,879,40,95.45
2025-01-05,Machine de decoupe laser,839,46,94.52
2025-01-05,Machine de decoupe plasma,918,88,90.41
2025-01-05,Machine de soudage robotisee,927,71,92.34
2025-01-05,Robot assemblage,1002,57,94.31
2025-01-05,Machine de moulage par injection,963,38,96.05
2025-01-05,Machine extrusion,1044,47,95.5
2025-01-05,Machine de pliage,965,33,96.58
2025-01-05,Machine de polissage,1017,41,95.97
2025-01-05,Machine de peinture industrielle,985,86,91.27
2025-01-05,Machine emballage,995,87,91.26
2025-01-05,Etiqueteuse automatique,1009,82,91.87
2025-01-05,Convoyeur industriel,963,59,93.87
2025-01-05,Machine de controle qualite par vision,973,42,95.68
2025-01-05,Machine de palettisation automatique,989,33,96.66
2025-01-06,Machine CNC,665,52,92.18
2025-01-06,Tour industriel,712,45,93.68
2025-01-06,Fraiseuse industrielle,720,47,93.47
2025-01-06,Perceuse a colonne,783,37,95.27
2025-01-06,Presse hydraulique,891,46,94.84
2025-01-06,Presse mecanique,817,36,95.59
2025-01-06,Machine de decoupe laser,900,41,95.44
2025-01-06,Machine de decoupe plasma,954,85,91.09
2025-01-06,Machine de soudage robotisee,952,75,92.12
2025-01-06,Robot assemblage,1016,60,94.09
2025-01-06,Machine de moulage par injection,918,42,95.42
2025-01-06,Machine extrusion,NaN,34,96.62
2025-01-06,Machine de pliage,1017,39,96.17
2025-01-06,Machine de polissage,992,40,95.97
2025-01-06,Machine de peinture industrielle,947,94,90.07
2025-01-06,Machine emballage,959,79,91.76
2025-01-06,Etiqueteuse automatique,935,72,92.3
2025-01-06,Convoyeur industriel,922,61,93.38
2025-01-06,Machine de controle qualite par vision,962,38,96.05
2025-01-06,Machine de palettisation automatique,977,35,96.42
2025-01-07,Machine CNC,664,49,92.62
2025-01-07,Tour industriel,762,46,93.96
2025-01-07,Fraiseuse industrielle,813,45,94.46
2025-01-07,Perceuse a colonne,848,43,94.93
2025-01-07,Presse hydraulique,879,49,94.43
2025-01-07,Presse mecanique,977,55,94.37
2025-01-07,Machine de decoupe laser,939,48,94.89
2025-01-07,Machine de decoupe plasma,992,83,91.63
2025-01-07,Machine de soudage robotisee,927,76,NaN
2025-01-07,Robot assemblage,987,58,94.12
2025-01-07,Machine de moulage par injection,976,58,94.06
2025-01-07,Machine extrusion,973,38,96.09
2025-01-07,Machine de pliage,955,40,95.81
2025-01-07,Machine de polissage,923,35,96.21
2025-01-07,Machine de peinture industrielle,922,90,90.24
2025-01-07,Machine emballage,951,75,92.11
2025-01-07,Etiqueteuse automatique,930,67,92.8
2025-01-07,Convoyeur industriel,909,55,93.95
2025-01-07,Machine de controle qualite par vision,991,44,95.56
2025-01-07,Machine de palettisation automatique,914,33,96.39
2025-01-08,Machine CNC,692,49,92.92
2025-01-08,Tour industriel,746,53,92.9
2025-01-08,Fraiseuse industrielle,783,50,93.61
2025-01-08,Perceuse a colonne,893,48,94.62
2025-01-08,Presse hydraulique,915,53,94.21
2025-01-08,Presse mecanique,923,54,94.15
2025-01-08,Machine de decoupe laser,913,45,95.07
2025-01-08,Machine de decoupe plasma,942,85,90.98
2025-01-08,Machine de soudage robotisee,957,74,92.27
2025-01-08,Robot assemblage,956,54,94.35
2025-01-08,Machine de moulage par injection,959,38,96.04
2025-01-08,Machine extrusion,956,35,96.34
2025-01-08,Machine de pliage,896,32,96.43
2025-01-08,Machine de polissage,896,40,95.54
2025-01-08,Machine de peinture industrielle,933,92,90.14
2025-01-08,Machine emballage,893,85,90.48
2025-01-08,Etiqueteuse automatique,917,71,92.26
2025-01-08,Convoyeur industriel,953,55,94.23
2025-01-08,Machine de controle qualite par vision,916,40,95.63
2025-01-08,Machine de palettisation automatique,1047,31,97.04
2025-01-09,Machine CNC,744,56,92.47
2025-01-09,Tour industriel,838,47,94.39
2025-01-09,Fraiseuse industrielle,820,42,94.88
2025-01-09,Perceuse a colonne,859,51,94.06
2025-01-09,Presse hydraulique,878,51,94.19
2025-01-09,Presse mecanique,907,53,94.16
2025-01-09,Machine de decoupe laser,897,43,95.21
2025-01-09,Machine de decoupe plasma,961,86,91.05
2025-01-09,Machine de soudage robotisee,894,58,93.51
2025-01-09,Robot assemblage,914,54,94.09
2025-01-09,Machine de moulage par injection,925,45,95.14
2025-01-09,Machine extrusion,902,42,95.34
2025-01-09,Machine de pliage,918,34,96.3
2025-01-09,Machine de polissage,901,32,96.45
2025-01-09,Machine de peinture industrielle,929,84,90.96
2025-01-09,Machine emballage,906,81,91.06
2025-01-09,Etiqueteuse automatique,970,70,92.78
2025-01-09,Convoyeur industriel,980,62,93.67
2025-01-09,Machine de controle qualite par vision,1026,41,96.0
2025-01-09,Machine de palettisation automatique,1049,39,96.28
2025-01-10,Machine CNC,760,54,92.89
2025-01-10,Tour industriel,799,47,94.12
2025-01-10,Fraiseuse industrielle,822,46,NaN
2025-01-10,Perceuse a colonne,817,50,93.88
2025-01-10,Presse hydraulique,846,47,94.44
2025-01-10,Presse mecanique,849,46,94.58
2025-01-10,Machine de decoupe laser,854,48,94.38
2025-01-10,Machine de decoupe plasma,907,85,90.63
2025-01-10,Machine de soudage robotisee,887,60,93.24
2025-01-10,Robot assemblage,905,48,94.7
2025-01-10,Machine de moulage par injection,942,51,94.59
2025-01-10,Machine extrusion,951,39,95.9
2025-01-10,Machine de pliage,904,29,96.79
2025-01-10,Machine de polissage,954,41,95.7
2025-01-10,Machine de peinture industrielle,981,100,89.81
2025-01-10,Machine emballage,985,88,91.07
2025-01-10,Etiqueteuse automatique,1030,70,93.2
2025-01-10,Convoyeur industriel,983,54,94.51
2025-01-10,Machine de controle qualite par vision,1008,41,95.93
2025-01-10,Machine de palettisation automatique,1085,29,97.33
2025-01-11,Machine CNC,716,51,92.88
2025-01-11,Tour industriel,790,47,94.05
2025-01-11,Fraiseuse industrielle,761,42,94.48
2025-01-11,Perceuse a colonne,831,42,94.95
2025-01-11,Presse hydraulique,830,46,94.46
2025-01-11,Presse mecanique,873,51,94.16
2025-01-11,Machine de decoupe laser,882,39,95.58
2025-01-11,Machine de decoupe plasma,881,74,91.6
2025-01-11,Machine de soudage robotisee,883,67,92.41
2025-01-11,Robot assemblage,NaN,61,93.39
2025-01-11,Machine de moulage par injection,913,46,94.96
2025-01-11,Machine extrusion,932,45,95.17
2025-01-11,Machine de pliage,908,41,95.48
2025-01-11,Machine de polissage,958,44,95.41
2025-01-11,Machine de peinture industrielle,999,94,90.59
2025-01-11,Machine emballage,1022,92,91.0
2025-01-11,Etiqueteuse automatique,1065,72,93.24
2025-01-11,Convoyeur industriel,1022,57,94.42
2025-01-11,Machine de controle qualite par vision,1019,31,96.96
2025-01-11,Machine de palettisation automatique,1022,32,96.87
2025-01-12,Machine CNC,684,43,93.71
2025-01-12,Tour industriel,734,47,93.6
2025-01-12,Fraiseuse industrielle,762,42,94.49
2025-01-12,Perceuse a colonne,814,51,93.73
2025-01-12,Presse hydraulique,738,47,93.63
2025-01-12,Presse mecanique,818,43,94.74
2025-01-12,Machine de decoupe laser,888,36,95.95
2025-01-12,Machine de decoupe plasma,870,71,NaN
2025-01-12,Machine de soudage robotisee,907,62,93.16
2025-01-12,Robot assemblage,930,52,94.41
2025-01-12,Machine de moulage par injection,966,42,95.65
2025-01-12,Machine extrusion,916,39,95.74
2025-01-12,Machine de pliage,972,48,95.06
2025-01-12,Machine de polissage,1008,39,96.13
2025-01-12,Machine de peinture industrielle,954,88,90.78
2025-01-12,Machine emballage,973,80,91.78
2025-01-12,Etiqueteuse automatique,1019,69,93.23
2025-01-12,Convoyeur industriel,1006,52,94.83
2025-01-12,Machine de controle qualite par vision,1001,34,96.6
2025-01-12,Machine de palettisation automatique,972,40,95.88
2025-01-13,Machine CNC,666,47,92.94
2025-01-13,Tour industriel,730,48,93.42
2025-01-13,Fraiseuse industrielle,750,36,95.2
2025-01-13,Perceuse a colonne,820,49,94.02
2025-01-13,Presse hydraulique,810,53,93.46
2025-01-13,Presse mecanique,866,46,94.69
2025-01-13,Machine de decoupe laser,929,43,95.37
2025-01-13,Machine de decoupe plasma,929,72,92.25
2025-01-13,Machine de soudage robotisee,952,67,92.96
2025-01-13,Robot assemblage,935,57,93.9
2025-01-13,Machine de moulage par injection,1030,45,95.63
2025-01-13,Machine extrusion,1010,39,96.14
2025-01-13,Machine de pliage,1012,42,95.85
2025-01-13,Machine de polissage,1029,54,94.75
2025-01-13,Machine de peinture industrielle,989,93,90.6
2025-01-13,Machine emballage,966,72,92.55
2025-01-13,Etiqueteuse automatique,954,67,92.98
2025-01-13,Convoyeur industriel,955,48,94.97
2025-01-13,Machine de controle qualite par vision,947,35,96.3
2025-01-13,Machine de palettisation automatique,956,32,96.65
2025-01-14,Machine CNC,715,43,93.99
2025-01-14,Tour industriel,759,44,94.2
2025-01-14,Fraiseuse industrielle,814,49,93.98
2025-01-14,Perceuse a colonne,814,51,93.73
2025-01-14,Presse hydraulique,907,56,93.83
2025-01-14,Presse mecanique,922,54,94.14
2025-01-14,Machine de decoupe laser,931,41,95.6
2025-01-14,Machine de decoupe plasma,975,81,91.69
2025-01-14,Machine de soudage robotisee,986,72,92.7
2025-01-14,Robot assemblage,953,48,94.96
2025-01-14,Machine de moulage par injection,949,47,95.05
2025-01-14,Machine extrusion,997,41,95.89
2025-01-14,Machine de pliage,921,46,95.01
2025-01-14,Machine de polissage,929,41,95.59
2025-01-14,Machine de peinture industrielle,937,87,90.72
2025-01-14,Machine emballage,908,78,91.41
2025-01-14,Etiqueteuse automatique,910,64,92.97
2025-01-14,Convoyeur industriel,907,49,94.6
2025-01-14,Machine de controle qualite par vision,899,37,95.88
2025-01-14,Machine de palettisation automatique,1012,33,96.74
2025-01-15,Machine CNC,771,52,93.26
2025-01-15,Tour industriel,797,51,93.6
2025-01-15,Fraiseuse industrielle,846,51,93.97
2025-01-15,Perceuse a colonne,885,71,91.98
2025-01-15,Presse hydraulique,960,64,93.33
2025-01-15,Presse mecanique,890,44,95.06
2025-01-15,Machine de decoupe laser,958,42,95.62
2025-01-15,Machine de decoupe plasma,951,72,92.43
2025-01-15,Machine de soudage robotisee,995,60,93.97
2025-01-15,Robot assemblage,940,55,94.15
2025-01-15,Machine de moulage par injection,932,52,94.42
2025-01-15,Machine extrusion,918,44,95.21
2025-01-15,Machine de pliage,938,43,95.42
2025-01-15,Machine de polissage,940,39,95.85
2025-01-15,Machine de peinture industrielle,915,89,90.27
2025-01-15,Machine emballage,870,67,92.3
2025-01-15,Etiqueteuse automatique,925,60,93.51
2025-01-15,Convoyeur industriel,981,49,95.01
2025-01-15,Machine de controle qualite par vision,1038,40,96.15
2025-01-15,Machine de palettisation automatique,1028,35,96.6
2025-01-16,Machine CNC,733,58,92.09
2025-01-16,Tour industriel,826,49,94.07
2025-01-16,Fraiseuse industrielle,823,50,93.92
2025-01-16,Perceuse a colonne,887,56,93.69
2025-01-16,Presse hydraulique,898,55,93.88
2025-01-16,Presse mecanique,919,55,94.02
2025-01-16,Machine de decoupe laser,991,45,95.46
2025-01-16,Machine de decoupe plasma,923,73,92.09
2025-01-16,Machine de soudage robotisee,944,58,93.86
2025-01-16,Robot assemblage,884,48,94.57
2025-01-16,Machine de moulage par injection,903,48,94.68
2025-01-16,Machine extrusion,909,47,94.83
2025-01-16,Machine de pliage,833,43,94.84
2025-01-16,Machine de polissage,911,38,95.83
2025-01-16,Machine de peinture industrielle,924,80,91.34
2025-01-16,Machine emballage,955,71,92.57
2025-01-16,Etiqueteuse automatique,959,67,93.01
2025-01-16,Convoyeur industriel,967,49,94.93
2025-01-16,Machine de controle qualite par vision,1004,46,95.42
2025-01-16,Machine de palettisation automatique,1051,33,96.86
2025-01-17,Machine CNC,789,58,92.65
2025-01-17,Tour industriel,798,51,93.61
2025-01-17,Fraiseuse industrielle,874,58,93.36
2025-01-17,Perceuse a colonne,847,61,92.8
2025-01-17,Presse hydraulique,816,50,93.87
2025-01-17,Presse mecanique,887,51,94.25
2025-01-17,Machine de decoupe laser,906,30,96.69
2025-01-17,Machine de decoupe plasma,938,82,91.26
2025-01-17,Machine de soudage robotisee,957,62,93.52
2025-01-17,Robot assemblage,880,51,94.2
2025-01-17,Machine de moulage par injection,861,47,94.54
2025-01-17,Machine extrusion,876,45,94.86
2025-01-17,Machine de pliage,971,39,95.98
2025-01-17,Machine de polissage,961,41,95.73
2025-01-17,Machine de peinture industrielle,962,84,91.27
2025-01-17,Machine emballage,970,74,92.37
2025-01-17,Etiqueteuse automatique,1010,64,93.66
2025-01-17,Convoyeur industriel,1061,51,95.19
2025-01-17,Machine de controle qualite par vision,1029,37,96.4
2025-01-17,Machine de palettisation automatique,1057,39,96.31
2025-01-18,Machine CNC,729,54,92.59
2025-01-18,Tour industriel,776,56,92.78
2025-01-18,Fraiseuse industrielle,837,54,93.55
2025-01-18,Perceuse a colonne,800,54,93.25
2025-01-18,Presse hydraulique,886,56,93.68
2025-01-18,Presse mecanique,858,43,94.99
2025-01-18,Machine de decoupe laser,867,33,96.19
2025-01-18,Machine de decoupe plasma,880,63,92.84
2025-01-18,Machine de soudage robotisee,891,52,94.16
2025-01-18,Robot assemblage,910,47,94.84
2025-01-18,Machine de moulage par injection,919,39,95.76
2025-01-18,Machine extrusion,957,51,94.67
2025-01-18,Machine de pliage,978,50,94.89
2025-01-18,Machine de polissage,1021,46,95.49
2025-01-18,Machine de peinture industrielle,977,89,90.89
2025-01-18,Machine emballage,1041,81,92.22
2025-01-18,Etiqueteuse automatique,1042,65,93.76
2025-01-18,Convoyeur industriel,1004,45,95.52
2025-01-18,Machine de controle qualite par vision,996,35,96.49
2025-01-18,Machine de palettisation automatique,1043,36,96.55
2025-01-19,Machine CNC,780,49,93.72
2025-01-19,Tour industriel,721,47,93.48
2025-01-19,Fraiseuse industrielle,767,52,93.22
2025-01-19,Perceuse a colonne,804,56,93.03
2025-01-19,Presse hydraulique,841,51,93.94
2025-01-19,Presse mecanique,846,43,94.92
2025-01-19,Machine de decoupe laser,869,34,96.09
2025-01-19,Machine de decoupe plasma,919,62,93.25
2025-01-19,Machine de soudage robotisee,933,60,93.57
2025-01-19,Robot assemblage,932,53,94.31
2025-01-19,Machine de moulage par injection,958,49,94.89
2025-01-19,Machine extrusion,1008,48,95.24
2025-01-19,Machine de pliage,988,64,93.52
2025-01-19,Machine de polissage,983,54,94.51
2025-01-19,Machine de peinture industrielle,1002,91,90.92
2025-01-19,Machine emballage,995,76,92.36
2025-01-19,Etiqueteuse automatique,969,60,93.81
2025-01-19,Convoyeur industriel,920,42,95.43
2025-01-19,Machine de controle qualite par vision,996,33,96.69
2025-01-19,Machine de palettisation automatique,1032,37,96.41
2025-01-20,Machine CNC,679,49,92.78
2025-01-20,Tour industriel,773,56,92.76
2025-01-20,Fraiseuse industrielle,774,59,92.38
2025-01-20,Perceuse a colonne,796,48,93.97
2025-01-20,Presse hydraulique,820,51,93.78
2025-01-20,Presse mecanique,828,47,94.32
2025-01-20,Machine de decoupe laser,922,37,95.99
2025-01-20,Machine de decoupe plasma,978,73,92.54
2025-01-20,Machine de soudage robotisee,939,65,93.08
2025-01-20,Robot assemblage,967,53,94.52
2025-01-20,Machine de moulage par injection,963,59,93.87
2025-01-20,Machine extrusion,943,46,95.12
2025-01-20,Machine de pliage,1000,45,95.5
2025-01-20,Machine de polissage,996,48,95.18
2025-01-20,Machine de peinture industrielle,933,77,91.75
2025-01-20,Machine emballage,887,63,92.9
2025-01-20,Etiqueteuse automatique,928,50,94.61
2025-01-20,Convoyeur industriel,936,39,95.83
2025-01-20,Machine de controle qualite par vision,1009,34,96.63
2025-01-20,Machine de palettisation automatique,992,29,97.08
2025-01-21,Machine CNC,708,55,92.23
2025-01-21,Tour industriel,746,45,93.97
2025-01-21,Fraiseuse industrielle,736,42,94.29
2025-01-21,Perceuse a colonne,853,59,93.08
2025-01-21,Presse hydraulique,860,55,93.6
2025-01-21,Presse mecanique,966,49,94.93
2025-01-21,Machine de decoupe laser,946,39,95.88
2025-01-21,Machine de decoupe plasma,938,75,92.0
2025-01-21,Machine de soudage robotisee,967,62,93.59
2025-01-21,Robot assemblage,943,55,94.17
2025-01-21,Machine de moulage par injection,948,55,94.2
2025-01-21,Machine extrusion,978,53,94.58
2025-01-21,Machine de pliage,946,47,95.03
2025-01-21,Machine de polissage,904,39,95.69
2025-01-21,Machine de peinture industrielle,901,86,90.46
2025-01-21,Machine emballage,868,61,92.97
2025-01-21,Etiqueteuse automatique,961,56,94.17
2025-01-21,Convoyeur industriel,896,45,94.98
2025-01-21,Machine de controle qualite par vision,950,41,95.68
2025-01-21,Machine de palettisation automatique,1015,41,95.96
2025-01-22,Machine CNC,730,47,93.56
2025-01-22,Tour industriel,795,57,92.83
2025-01-22,Fraiseuse industrielle,804,56,93.03
2025-01-22,Perceuse a colonne,893,61,93.17
2025-01-22,Presse hydraulique,927,61,93.42
2025-01-22,Presse mecanique,971,52,94.64
2025-01-22,Machine de decoupe laser,941,32,96.6
2025-01-22,Machine de decoupe plasma,965,75,NaN
2025-01-22,Machine de soudage robotisee,966,55,94.31
2025-01-22,Robot assemblage,915,55,93.99
2025-01-22,Machine de moulage par injection,893,53,94.06
2025-01-22,Machine extrusion,869,45,94.82
2025-01-22,Machine de pliage,873,47,94.62
2025-01-22,Machine de polissage,913,44,95.18
2025-01-22,Machine de peinture industrielle,864,81,90.62
2025-01-22,Machine emballage,877,66,92.47
2025-01-22,Etiqueteuse automatique,880,49,94.43
2025-01-22,Convoyeur industriel,946,43,95.45
2025-01-22,Machine de controle qualite par vision,942,40,95.75
2025-01-22,Machine de palettisation automatique,1032,43,95.83
2025-01-23,Machine CNC,771,54,93.0
2025-01-23,Tour industriel,826,62,92.49
2025-01-23,Fraiseuse industrielle,851,62,92.71
2025-01-23,Perceuse a colonne,866,63,92.73
2025-01-23,Presse hydraulique,882,50,94.33
2025-01-23,Presse mecanique,921,40,95.66
2025-01-23,Machine de decoupe laser,919,31,96.63
2025-01-23,Machine de decoupe plasma,889,64,92.8
2025-01-23,Machine de soudage robotisee,929,62,93.33
2025-01-23,Robot assemblage,887,44,95.04
2025-01-23,Machine de moulage par injection,935,52,94.44
2025-01-23,Machine extrusion,880,43,95.11
2025-01-23,Machine de pliage,943,54,94.27
2025-01-23,Machine de polissage,884,48,94.57
2025-01-23,Machine de peinture industrielle,892,73,91.82
2025-01-23,Machine emballage,897,66,92.64
2025-01-23,Etiqueteuse automatique,1007,56,94.44
2025-01-23,Convoyeur industriel,956,48,94.98
2025-01-23,Machine de controle qualite par vision,994,45,95.47
2025-01-23,Machine de palettisation automatique,1037,40,96.14
2025-01-24,Machine CNC,767,53,93.09
2025-01-24,Tour industriel,790,61,92.28
2025-01-24,Fraiseuse industrielle,839,62,92.61
2025-01-24,Perceuse a colonne,829,59,92.88
2025-01-24,Presse hydraulique,874,53,93.94
2025-01-24,Presse mecanique,910,40,95.6
2025-01-24,Machine de decoupe laser,874,16,98.17
2025-01-24,Machine de decoupe plasma,917,63,93.13
2025-01-24,Machine de soudage robotisee,888,54,93.92
2025-01-24,Robot assemblage,908,48,94.71
2025-01-24,Machine de moulage par injection,890,48,94.61
2025-01-24,Machine extrusion,920,54,94.13
2025-01-24,Machine de pliage,903,50,94.46
2025-01-24,Machine de polissage,911,40,95.61
2025-01-24,Machine de peinture industrielle,934,87,90.69
2025-01-24,Machine emballage,953,67,92.97
2025-01-24,Etiqueteuse automatique,939,48,94.89
2025-01-24,Convoyeur industriel,1047,44,95.8
2025-01-24,Machine de controle qualite par vision,1058,46,95.65
2025-01-24,Machine de palettisation automatique,1055,43,95.92
2025-01-25,Machine CNC,717,57,92.05
2025-01-25,Tour industriel,765,54,92.94
2025-01-25,Fraiseuse industrielle,764,54,92.93
2025-01-25,Perceuse a colonne,805,62,92.3
2025-01-25,Presse hydraulique,824,45,94.54
2025-01-25,Presse mecanique,824,40,95.15
2025-01-25,Machine de decoupe laser,826,24,97.09
2025-01-25,Machine de decoupe plasma,847,58,93.15
2025-01-25,Machine de soudage robotisee,860,47,94.53
2025-01-25,Robot assemblage,887,53,94.02
2025-01-25,Machine de moulage par injection,906,52,94.26
2025-01-25,Machine extrusion,922,47,94.9
2025-01-25,Machine de pliage,965,52,94.61
2025-01-25,Machine de polissage,963,52,94.6
2025-01-25,Machine de peinture industrielle,965,82,91.5
2025-01-25,Machine emballage,975,61,93.74
2025-01-25,Etiqueteuse automatique,971,51,94.75
2025-01-25,Convoyeur industriel,1082,59,94.55
2025-01-25,Machine de controle qualite par vision,985,40,95.94
2025-01-25,Machine de palettisation automatique,1012,42,95.85
2025-01-26,Machine CNC,742,56,92.45
2025-01-26,Tour industriel,763,55,92.79
2025-01-26,Fraiseuse industrielle,704,57,91.9
2025-01-26,Perceuse a colonne,784,57,92.73
2025-01-26,Presse hydraulique,802,50,93.77
2025-01-26,Presse mecanique,873,36,95.88
2025-01-26,Machine de decoupe laser,884,19,97.85
2025-01-26,Machine de decoupe plasma,925,63,93.19
2025-01-26,Machine de soudage robotisee,951,68,92.85
2025-01-26,Robot assemblage,869,67,92.29
2025-01-26,Machine de moulage par injection,905,57,93.7
2025-01-26,Machine extrusion,946,55,94.19
2025-01-26,Machine de pliage,970,48,95.05
2025-01-26,Machine de polissage,969,41,95.77
2025-01-26,Machine de peinture industrielle,987,84,91.49
2025-01-26,Machine emballage,1051,80,92.39
2025-01-26,Etiqueteuse automatique,938,54,94.24
2025-01-26,Convoyeur industriel,1019,43,95.78
2025-01-26,Machine de controle qualite par vision,1028,41,96.01
2025-01-26,Machine de palettisation automatique,1020,44,95.69
2025-01-27,Machine CNC,710,56,92.11
2025-01-27,Tour industriel,717,54,92.47
2025-01-27,Fraiseuse industrielle,739,57,92.29
2025-01-27,Perceuse a colonne,800,53,93.38
2025-01-27,Presse hydraulique,829,36,95.66
2025-01-27,Presse mecanique,886,37,95.82
2025-01-27,Machine de decoupe laser,924,26,97.19
2025-01-27,Machine de decoupe plasma,915,63,93.11
2025-01-27,Machine de soudage robotisee,904,60,93.36
2025-01-27,Robot assemblage,951,57,94.01
2025-01-27,Machine de moulage par injection,1011,68,93.27
2025-01-27,Machine extrusion,942,56,94.06
2025-01-27,Machine de pliage,1018,58,94.3
2025-01-27,Machine de polissage,891,33,96.3
2025-01-27,Machine de peinture industrielle,948,77,91.88
2025-01-27,Machine emballage,930,68,92.69
2025-01-27,Etiqueteuse automatique,931,61,93.45
2025-01-27,Convoyeur industriel,918,39,95.75
2025-01-27,Machine de controle qualite par vision,948,39,95.89
2025-01-27,Machine de palettisation automatique,996,51,94.88
2025-01-28,Machine CNC,699,51,92.7
2025-01-28,Tour industriel,738,56,92.41
2025-01-28,Fraiseuse industrielle,809,57,92.95
2025-01-28,Perceuse a colonne,881,64,92.74
2025-01-28,Presse hydraulique,857,53,93.82
2025-01-28,Presse mecanique,930,37,96.02
2025-01-28,Machine de decoupe laser,985,27,97.26
2025-01-28,Machine de decoupe plasma,926,60,93.52
2025-01-28,Machine de soudage robotisee,949,64,93.26
2025-01-28,Robot assemblage,984,61,93.8
2025-01-28,Machine de moulage par injection,925,60,93.51
2025-01-28,Machine extrusion,954,59,93.82
2025-01-28,Machine de pliage,905,49,94.59
2025-01-28,Machine de polissage,946,48,94.93
2025-01-28,Machine de peinture industrielle,876,72,91.78
2025-01-28,Machine emballage,924,55,94.05
2025-01-28,Etiqueteuse automatique,893,40,95.52
2025-01-28,Convoyeur industriel,927,47,94.93
2025-01-28,Machine de controle qualite par vision,905,42,95.36
2025-01-28,Machine de palettisation automatique,996,42,95.78
2025-01-29,Machine CNC,715,50,93.01
2025-01-29,Tour industriel,781,61,92.19
2025-01-29,Fraiseuse industrielle,870,67,92.3
2025-01-29,Perceuse a colonne,883,64,92.75
2025-01-29,Presse hydraulique,850,42,95.06
2025-01-29,Presse mecanique,899,39,95.66
2025-01-29,Machine de decoupe laser,977,20,97.95
2025-01-29,Machine de decoupe plasma,973,69,92.91
2025-01-29,Machine de soudage robotisee,898,52,94.21
2025-01-29,Robot assemblage,936,59,93.7
2025-01-29,Machine de moulage par injection,938,58,93.82
2025-01-29,Machine extrusion,855,49,94.27
2025-01-29,Machine de pliage,901,46,94.89
2025-01-29,Machine de polissage,895,42,95.31
2025-01-29,Machine de peinture industrielle,860,63,NaN
2025-01-29,Machine emballage,879,56,93.63
2025-01-29,Etiqueteuse automatique,958,52,94.57
2025-01-29,Convoyeur industriel,945,44,95.34
2025-01-29,Machine de controle qualite par vision,976,54,94.47
2025-01-29,Machine de palettisation automatique,1038,52,94.99
2025-01-30,Machine CNC,773,63,91.85
2025-01-30,Tour industriel,892,81,90.92
2025-01-30,Fraiseuse industrielle,860,68,92.09
2025-01-30,Perceuse a colonne,903,64,92.91
2025-01-30,Presse hydraulique,890,46,94.83
2025-01-30,Presse mecanique,933,33,96.46
2025-01-30,Machine de decoupe laser,880,21,97.61
2025-01-30,Machine de decoupe plasma,902,67,92.57
2025-01-30,Machine de soudage robotisee,907,64,92.94
2025-01-30,Robot assemblage,916,57,93.78
2025-01-30,Machine de moulage par injection,855,54,93.68
2025-01-30,Machine extrusion,896,59,93.42
2025-01-30,Machine de pliage,884,43,95.14
2025-01-30,Machine de polissage,929,30,96.77
2025-01-30,Machine de peinture industrielle,931,81,91.3
2025-01-30,Machine emballage,941,51,94.58
2025-01-30,Etiqueteuse automatique,941,49,94.79
2025-01-30,Convoyeur industriel,982,48,95.11
2025-01-30,Machine de controle qualite par vision,1059,54,94.9
2025-01-30,Machine de palettisation automatique,1029,51,95.04
2025-01-31,Machine CNC,803,70,91.28
2025-01-31,Tour industriel,873,68,92.21
2025-01-31,Fraiseuse industrielle,849,62,92.7
2025-01-31,Perceuse a colonne,882,56,93.65
2025-01-31,Presse hydraulique,883,51,94.22
2025-01-31,Presse mecanique,901,31,96.56
2025-01-31,Machine de decoupe laser,857,16,98.13
2025-01-31,Machine de decoupe plasma,885,62,92.99
2025-01-31,Machine de soudage robotisee,860,54,93.72
2025-01-31,Robot assemblage,878,59,93.28
2025-01-31,Machine de moulage par injection,893,63,92.95
2025-01-31,Machine extrusion,883,48,94.56
2025-01-31,Machine de pliage,891,51,94.28
2025-01-31,Machine de polissage,918,29,96.84
2025-01-31,Machine de peinture industrielle,1027,78,92.41
2025-01-31,Machine emballage,921,48,94.79
2025-01-31,Etiqueteuse automatique,988,54,94.53
2025-01-31,Convoyeur industriel,992,52,94.76
2025-01-31,Machine de controle qualite par vision,1022,63,93.84
2025-01-31,Machine de palettisation automatique,1092,53,95.15
2025-02-01,Machine CNC,844,67,92.06
2025-02-01,Tour industriel,772,58,92.49
2025-02-01,Fraiseuse industrielle,789,64,91.89
2025-02-01,Perceuse a colonne,849,57,93.29
2025-02-01,Presse hydraulique,819,43,94.75
2025-02-01,Presse mecanique,861,31,96.4
2025-02-01,Machine de decoupe laser,859,18,97.9
2025-02-01,Machine de decoupe plasma,887,62,93.01
2025-02-01,Machine de soudage robotisee,888,56,93.69
2025-02-01,Robot assemblage,920,64,93.04
2025-02-01,Machine de moulage par injection,916,62,93.23
2025-02-01,Machine extrusion,895,57,93.63
2025-02-01,Machine de pliage,944,50,94.7
2025-02-01,Machine de polissage,976,38,96.11
2025-02-01,Machine de peinture industrielle,988,75,NaN
2025-02-01,Machine emballage,1003,58,94.22
2025-02-01,Etiqueteuse automatique,1014,56,94.48
2025-02-01,Convoyeur industriel,1001,55,94.51
2025-02-01,Machine de controle qualite par vision,1057,54,94.89
2025-02-01,Machine de palettisation automatique,1025,57,94.44
2025-02-02,Machine CNC,754,65,91.38
2025-02-02,Tour industriel,760,63,91.71
2025-02-02,Fraiseuse industrielle,792,59,92.55
2025-02-02,Perceuse a colonne,806,51,93.67
2025-02-02,Presse hydraulique,817,38,95.35
2025-02-02,Presse mecanique,884,30,96.61
2025-02-02,Machine de decoupe laser,865,17,98.03
2025-02-02,Machine de decoupe plasma,875,61,93.03
2025-02-02,Machine de soudage robotisee,951,61,93.59
2025-02-02,Robot assemblage,958,57,94.05
2025-02-02,Machine de moulage par injection,935,68,92.73
2025-02-02,Machine extrusion,979,64,93.46
2025-02-02,Machine de pliage,924,50,94.59
2025-02-02,Machine de polissage,1012,38,96.25
2025-02-02,Machine de peinture industrielle,974,75,92.3
2025-02-02,Machine emballage,976,61,93.75
2025-02-02,Etiqueteuse automatique,1040,64,93.85
2025-02-02,Convoyeur industriel,991,50,94.95
2025-02-02,Machine de controle qualite par vision,1048,51,95.13
2025-02-02,Machine de palettisation automatique,995,53,94.67
2025-02-03,Machine CNC,670,56,91.64
2025-02-03,Tour industriel,805,76,90.56
2025-02-03,Fraiseuse industrielle,767,57,92.57
2025-02-03,Perceuse a colonne,804,50,93.78
2025-02-03,Presse hydraulique,856,40,95.33
2025-02-03,Presse mecanique,822,32,96.11
2025-02-03,Machine de decoupe laser,865,18,97.92
2025-02-03,Machine de decoupe plasma,922,64,93.06
2025-02-03,Machine de soudage robotisee,985,59,94.01
2025-02-03,Robot assemblage,929,72,92.25
2025-02-03,Machine de moulage par injection,924,58,93.72
2025-02-03,Machine extrusion,967,61,93.69
2025-02-03,Machine de pliage,988,48,95.14
2025-02-03,Machine de polissage,976,34,96.52
2025-02-03,Machine de peinture industrielle,915,71,92.24
2025-02-03,Machine emballage,966,56,94.2
2025-02-03,Etiqueteuse automatique,940,44,95.32
2025-02-03,Convoyeur industriel,924,50,94.59
2025-02-03,Machine de controle qualite par vision,949,58,93.89
2025-02-03,Machine de palettisation automatique,986,54,94.52
2025-02-04,Machine CNC,705,63,91.06
2025-02-04,Tour industriel,725,58,92.0
2025-02-04,Fraiseuse industrielle,817,68,91.68
2025-02-04,Perceuse a colonne,833,50,94.0
2025-02-04,Presse hydraulique,888,45,94.93
2025-02-04,Presse mecanique,913,34,96.28
2025-02-04,Machine de decoupe laser,NaN,17,98.2
2025-02-04,Machine de decoupe plasma,1018,68,93.32
2025-02-04,Machine de soudage robotisee,932,63,93.24
2025-02-04,Robot assemblage,949,71,92.52
2025-02-04,Machine de moulage par injection,993,69,93.05
2025-02-04,Machine extrusion,933,60,93.57
2025-02-04,Machine de pliage,909,40,95.6
2025-02-04,Machine de polissage,900,24,97.33
2025-02-04,Machine de peinture industrielle,911,60,93.41
2025-02-04,Machine emballage,875,50,94.29
2025-02-04,Etiqueteuse automatique,921,52,94.35
2025-02-04,Convoyeur industriel,900,48,94.67
2025-02-04,Machine de controle qualite par vision,975,62,93.64
2025-02-04,Machine de palettisation automatique,967,49,94.93
2025-02-05,Machine CNC,744,63,91.53
2025-02-05,Tour industriel,800,73,90.88
2025-02-05,Fraiseuse industrielle,846,66,92.2
2025-02-05,Perceuse a colonne,810,50,93.83
2025-02-05,Presse hydraulique,958,43,95.51
2025-02-05,Presse mecanique,957,33,96.55
2025-02-05,Machine de decoupe laser,946,17,98.2
2025-02-05,Machine de decoupe plasma,930,62,93.33
2025-02-05,Machine de soudage robotisee,897,65,92.75
2025-02-05,Robot assemblage,897,61,93.2
2025-02-05,Machine de moulage par injection,893,60,93.28
2025-02-05,Machine extrusion,894,50,94.41
2025-02-05,Machine de pliage,865,43,95.03
2025-02-05,Machine de polissage,870,29,96.67
2025-02-05,Machine de peinture industrielle,878,64,92.71
2025-02-05,Machine emballage,917,55,94.0
2025-02-05,Etiqueteuse automatique,915,44,95.19
2025-02-05,Convoyeur industriel,967,51,94.73
2025-02-05,Machine de controle qualite par vision,937,51,94.56
2025-02-05,Machine de palettisation automatique,1004,52,94.82
2025-02-06,Machine CNC,770,71,NaN
2025-02-06,Tour industriel,794,65,91.81
2025-02-06,Fraiseuse industrielle,855,65,92.4
2025-02-06,Perceuse a colonne,901,59,93.45
2025-02-06,Presse hydraulique,959,47,95.1
2025-02-06,Presse mecanique,987,33,96.66
2025-02-06,Machine de decoupe laser,913,21,97.7
2025-02-06,Machine de decoupe plasma,874,60,93.14
2025-02-06,Machine de soudage robotisee,919,65,92.93
2025-02-06,Robot assemblage,891,62,93.04
2025-02-06,Machine de moulage par injection,889,54,93.93
2025-02-06,Machine extrusion,926,55,94.06
2025-02-06,Machine de pliage,893,48,94.62
2025-02-06,Machine de polissage,904,29,96.79
2025-02-06,Machine de peinture industrielle,873,63,92.78
2025-02-06,Machine emballage,934,55,94.11
2025-02-06,Etiqueteuse automatique,946,53,94.4
2025-02-06,Convoyeur industriel,990,65,93.43
2025-02-06,Machine de controle qualite par vision,994,52,94.77
2025-02-06,Machine de palettisation automatique,1043,55,94.73
2025-02-07,Machine CNC,822,80,90.27
2025-02-07,Tour industriel,808,70,91.34
2025-02-07,Fraiseuse industrielle,872,65,92.55
2025-02-07,Perceuse a colonne,840,49,94.17
2025-02-07,Presse hydraulique,824,37,95.51
2025-02-07,Presse mecanique,870,23,97.36
2025-02-07,Machine de decoupe laser,886,20,97.74
2025-02-07,Machine de decoupe plasma,854,60,92.97
2025-02-07,Machine de soudage robotisee,878,69,92.14
2025-02-07,Robot assemblage,874,62,92.91
2025-02-07,Machine de moulage par injection,882,61,NaN
2025-02-07,Machine extrusion,885,50,94.35
2025-02-07,Machine de pliage,849,42,95.05
2025-02-07,Machine de polissage,914,31,96.61
2025-02-07,Machine de peinture industrielle,929,68,92.68
2025-02-07,Machine emballage,993,57,94.26
2025-02-07,Etiqueteuse automatique,1015,58,94.29
2025-02-07,Convoyeur industriel,1010,63,93.76
2025-02-07,Machine de controle qualite par vision,1047,59,94.36
2025-02-07,Machine de palettisation automatique,1038,56,94.61
2025-02-08,Machine CNC,786,64,91.86
2025-02-08,Tour industriel,757,62,91.81
2025-02-08,Fraiseuse industrielle,829,56,93.24
2025-02-08,Perceuse a colonne,858,51,94.06
2025-02-08,Presse hydraulique,854,33,96.14
2025-02-08,Presse mecanique,810,26,96.79
2025-02-08,Machine de decoupe laser,826,12,98.55
2025-02-08,Machine de decoupe plasma,919,63,93.14
2025-02-08,Machine de soudage robotisee,830,62,92.53
2025-02-08,Robot assemblage,854,69,91.92
2025-02-08,Machine de moulage par injection,850,62,92.71
2025-02-08,Machine extrusion,902,45,95.01
2025-02-08,Machine de pliage,904,41,95.46
2025-02-08,Machine de polissage,976,24,97.54
2025-02-08,Machine de peinture industrielle,1006,65,93.54
2025-02-08,Machine emballage,936,58,93.8
2025-02-08,Etiqueteuse automatique,949,50,94.73
2025-02-08,Convoyeur industriel,978,65,93.35
2025-02-08,Machine de controle qualite par vision,1071,58,94.58
2025-02-08,Machine de palettisation automatique,1046,59,94.36
2025-02-09,Machine CNC,692,68,90.17
2025-02-09,Tour industriel,772,68,91.19
2025-02-09,Fraiseuse industrielle,805,57,92.92
2025-02-09,Perceuse a colonne,808,48,94.06
2025-02-09,Presse hydraulique,866,37,95.73
2025-02-09,Presse mecanique,834,27,96.76
2025-02-09,Machine de decoupe laser,882,27,96.94
2025-02-09,Machine de decoupe plasma,900,66,92.67
2025-02-09,Machine de soudage robotisee,898,68,92.43
2025-02-09,Robot assemblage,912,65,92.87
2025-02-09,Machine de moulage par injection,920,74,91.96
2025-02-09,Machine extrusion,906,52,94.26
2025-02-09,Machine de pliage,992,51,94.86
2025-02-09,Machine de polissage,947,24,97.47
2025-02-09,Machine de peinture industrielle,984,70,92.89
2025-02-09,Machine emballage,938,50,94.67
2025-02-09,Etiqueteuse automatique,953,54,94.33
2025-02-09,Convoyeur industriel,955,64,93.3
2025-02-09,Machine de controle qualite par vision,974,60,93.84
2025-02-09,Machine de palettisation automatique,1042,55,94.72
2025-02-10,Machine CNC,706,60,91.5
2025-02-10,Tour industriel,759,61,91.96
2025-02-10,Fraiseuse industrielle,789,50,93.66
2025-02-10,Perceuse a colonne,826,47,94.31
2025-02-10,Presse hydraulique,827,38,95.41
2025-02-10,Presse mecanique,828,32,96.14
2025-02-10,Machine de decoupe laser,864,21,97.57
2025-02-10,Machine de decoupe plasma,916,72,92.14
2025-02-10,Machine de soudage robotisee,937,71,92.42
2025-02-10,Robot assemblage,919,69,92.49
2025-02-10,Machine de moulage par injection,952,65,93.17
2025-02-10,Machine extrusion,924,58,93.72
2025-02-10,Machine de pliage,982,34,96.54
2025-02-10,Machine de polissage,899,22,97.55
2025-02-10,Machine de peinture industrielle,927,66,92.88
2025-02-10,Machine emballage,936,66,92.95
2025-02-10,Etiqueteuse automatique,921,52,94.35
2025-02-10,Convoyeur industriel,976,58,94.06
2025-02-10,Machine de controle qualite par vision,938,60,93.6
2025-02-10,Machine de palettisation automatique,946,55,94.19
2025-02-11,Machine CNC,700,65,90.71
2025-02-11,Tour industriel,773,67,91.33
2025-02-11,Fraiseuse industrielle,798,61,92.36
2025-02-11,Perceuse a colonne,859,50,94.18
2025-02-11,Presse hydraulique,894,36,95.97
2025-02-11,Presse mecanique,903,24,97.34
2025-02-11,Machine de decoupe laser,973,29,97.02
2025-02-11,Machine de decoupe plasma,906,65,92.83
2025-02-11,Machine de soudage robotisee,945,69,92.7
2025-02-11,Robot assemblage,989,73,92.62
2025-02-11,Machine de moulage par injection,885,66,92.54
2025-02-11,Machine extrusion,949,47,95.05
2025-02-11,Machine de pliage,927,40,95.69
2025-02-11,Machine de polissage,860,15,98.26
2025-02-11,Machine de peinture industrielle,912,NaN,93.09
2025-02-11,Machine emballage,925,54,94.16
2025-02-11,Etiqueteuse automatique,909,62,93.18
2025-02-11,Convoyeur industriel,989,67,93.23
2025-02-11,Machine de controle qualite par vision,940,64,93.19
2025-02-11,Machine de palettisation automatique,1037,67,93.54
2025-02-12,Machine CNC,792,69,91.29
2025-02-12,Tour industriel,878,77,91.23
2025-02-12,Fraiseuse industrielle,835,61,92.69
2025-02-12,Perceuse a colonne,883,46,94.79
2025-02-12,Presse hydraulique,955,31,96.75
2025-02-12,Presse mecanique,858,24,97.2
2025-02-12,Machine de decoupe laser,996,35,96.49
2025-02-12,Machine de decoupe plasma,923,74,91.98
2025-02-12,Machine de soudage robotisee,901,76,91.56
2025-02-12,Robot assemblage,908,66,92.73
2025-02-12,Machine de moulage par injection,946,66,93.02
2025-02-12,Machine extrusion,879,57,93.52
2025-02-12,Machine de pliage,835,33,96.05
2025-02-12,Machine de polissage,897,27,96.99
2025-02-12,Machine de peinture industrielle,870,58,93.33
2025-02-12,Machine emballage,921,60,93.49
2025-02-12,Etiqueteuse automatique,948,56,94.09
2025-02-12,Convoyeur industriel,907,58,93.61
2025-02-12,Machine de controle qualite par vision,949,59,93.78
2025-02-12,Machine de palettisation automatique,1055,68,93.55
2025-02-13,Machine CNC,780,74,90.51
2025-02-13,Tour industriel,823,71,91.37
2025-02-13,Fraiseuse industrielle,841,59,92.98
2025-02-13,Perceuse a colonne,882,40,95.46
2025-02-13,Presse hydraulique,970,34,96.49
2025-02-13,Presse mecanique,959,33,96.56
2025-02-13,Machine de decoupe laser,891,18,97.98
2025-02-13,Machine de decoupe plasma,942,76,91.93
2025-02-13,Machine de soudage robotisee,822,65,92.09
2025-02-13,Robot assemblage,880,63,92.84
2025-02-13,Machine de moulage par injection,830,50,93.98
2025-02-13,Machine extrusion,886,45,94.92
2025-02-13,Machine de pliage,886,33,96.28
2025-02-13,Machine de polissage,890,19,97.87
2025-02-13,Machine de peinture industrielle,854,64,92.51
2025-02-13,Machine emballage,946,61,93.55
2025-02-13,Etiqueteuse automatique,970,64,93.4
2025-02-13,Convoyeur industriel,963,60,93.77
2025-02-13,Machine de controle qualite par vision,1017,64,93.71
2025-02-13,Machine de palettisation automatique,1102,61,94.46
2025-02-14,Machine CNC,746,70,90.62
2025-02-14,Tour industriel,866,74,91.45
2025-02-14,Fraiseuse industrielle,864,60,93.06
2025-02-14,Perceuse a colonne,878,42,95.22
2025-02-14,Presse hydraulique,842,29,96.56
2025-02-14,Presse mecanique,894,30,96.64
2025-02-14,Machine de decoupe laser,906,28,96.91
2025-02-14,Machine de decoupe plasma,858,72,91.61
2025-02-14,Machine de soudage robotisee,811,63,92.23
2025-02-14,Robot assemblage,863,69,92.0
2025-02-14,Machine de moulage par injection,876,55,93.72
2025-02-14,Machine extrusion,792,43,94.57
2025-02-14,Machine de pliage,851,25,97.06
2025-02-14,Machine de polissage,948,15,98.42
2025-02-14,Machine de peinture industrielle,979,61,93.77
2025-02-14,Machine emballage,988,72,92.71
2025-02-14,Etiqueteuse automatique,990,59,94.04
2025-02-14,Convoyeur industriel,1010,61,93.96
2025-02-14,Machine de controle qualite par vision,NaN,69,93.12
2025-02-14,Machine de palettisation automatique,1059,58,94.52
2025-02-15,Machine CNC,832,74,91.11
2025-02-15,Tour industriel,784,61,92.22
2025-02-15,Fraiseuse industrielle,825,54,93.45
2025-02-15,Perceuse a colonne,827,46,94.44
2025-02-15,Presse hydraulique,878,35,96.01
2025-02-15,Presse mecanique,836,21,97.49
2025-02-15,Machine de decoupe laser,881,24,97.28
2025-02-15,Machine de decoupe plasma,910,68,92.53
2025-02-15,Machine de soudage robotisee,872,72,91.74
2025-02-15,Robot assemblage,859,63,92.67
2025-02-15,Machine de moulage par injection,873,62,92.9
2025-02-15,Machine extrusion,936,48,94.87
2025-02-15,Machine de pliage,920,35,96.2
2025-02-15,Machine de polissage,975,24,97.54
2025-02-15,Machine de peinture industrielle,965,73,92.44
2025-02-15,Machine emballage,991,67,93.24
2025-02-15,Etiqueteuse automatique,1039,78,92.49
2025-02-15,Convoyeur industriel,990,59,94.04
2025-02-15,Machine de controle qualite par vision,1052,60,94.3
2025-02-15,Machine de palettisation automatique,1075,49,95.44
2025-02-16,Machine CNC,761,69,90.93
2025-02-16,Tour industriel,742,61,91.78
2025-02-16,Fraiseuse industrielle,763,46,93.97
2025-02-16,Perceuse a colonne,817,38,95.35
2025-02-16,Presse hydraulique,805,29,96.4
2025-02-16,Presse mecanique,894,24,97.32
2025-02-16,Machine de decoupe laser,833,24,97.12
2025-02-16,Machine de decoupe plasma,847,63,92.56
2025-02-16,Machine de soudage robotisee,915,76,91.69
2025-02-16,Robot assemblage,931,75,91.94
2025-02-16,Machine de moulage par injection,907,62,93.16
2025-02-16,Machine extrusion,973,49,94.96
2025-02-16,Machine de pliage,956,28,97.07
2025-02-16,Machine de polissage,956,23,97.59
2025-02-16,Machine de peinture industrielle,1029,69,93.29
2025-02-16,Machine emballage,941,70,92.56
2025-02-16,Etiqueteuse automatique,967,70,92.76
2025-02-16,Convoyeur industriel,935,63,93.26
2025-02-16,Machine de controle qualite par vision,979,57,94.18
2025-02-16,Machine de palettisation automatique,1022,50,95.11
2025-02-17,Machine CNC,713,65,90.88
2025-02-17,Tour industriel,768,64,91.67
2025-02-17,Fraiseuse industrielle,792,49,93.81
2025-02-17,Perceuse a colonne,799,49,93.87
2025-02-17,Presse hydraulique,814,29,96.44
2025-02-17,Presse mecanique,820,25,96.95
2025-02-17,Machine de decoupe laser,863,27,96.87
2025-02-17,Machine de decoupe plasma,925,71,92.32
2025-02-17,Machine de soudage robotisee,927,73,92.13
2025-02-17,Robot assemblage,976,73,92.52
2025-02-17,Machine de moulage par injection,939,53,94.36
2025-02-17,Machine extrusion,938,51,94.56
2025-02-17,Machine de pliage,948,NaN,96.73
2025-02-17,Machine de polissage,950,22,97.68
2025-02-17,Machine de peinture industrielle,937,65,93.06
2025-02-17,Machine emballage,944,55,94.17
2025-02-17,Etiqueteuse automatique,954,64,93.29
2025-02-17,Convoyeur industriel,1015,75,92.61
2025-02-17,Machine de controle qualite par vision,947,58,93.88
2025-02-17,Machine de palettisation automatique,1007,49,95.13
2025-02-18,Machine CNC,766,67,91.25
2025-02-18,Tour industriel,804,62,92.29
2025-02-18,Fraiseuse industrielle,831,51,93.86
2025-02-18,Perceuse a colonne,857,42,95.1
2025-02-18,Presse hydraulique,902,27,97.01
2025-02-18,Presse mecanique,866,23,97.34
2025-02-18,Machine de decoupe laser,962,30,96.88
2025-02-18,Machine de decoupe plasma,908,72,92.07
2025-02-18,Machine de soudage robotisee,913,80,91.24
2025-02-18,Robot assemblage,974,76,92.2
2025-02-18,Machine de moulage par injection,926,65,92.98
2025-02-18,Machine extrusion,872,40,95.41
2025-02-18,Machine de pliage,881,27,96.94
2025-02-18,Machine de polissage,913,19,97.92
2025-02-18,Machine de peinture industrielle,909,70,92.3
2025-02-18,Machine emballage,930,65,93.01
2025-02-18,Etiqueteuse automatique,915,68,92.57
2025-02-18,Convoyeur industriel,956,71,92.57
2025-02-18,Machine de controle qualite par vision,1009,68,93.26
2025-02-18,Machine de palettisation automatique,989,55,94.44
2025-02-19,Machine CNC,780,71,90.9
2025-02-19,Tour industriel,815,64,92.15
2025-02-19,Fraiseuse industrielle,869,57,93.44
2025-02-19,Perceuse a colonne,913,37,95.95
2025-02-19,Presse hydraulique,914,37,95.95
2025-02-19,Presse mecanique,925,45,95.14
2025-02-19,Machine de decoupe laser,988,39,96.05
2025-02-19,Machine de decoupe plasma,925,82,91.14
2025-02-19,Machine de soudage robotisee,909,78,91.42
2025-02-19,Robot assemblage,920,65,92.93
2025-02-19,Machine de moulage par injection,864,46,94.68
2025-02-19,Machine extrusion,888,37,95.83
2025-02-19,Machine de pliage,873,27,96.91
2025-02-19,Machine de polissage,890,19,97.87
2025-02-19,Machine de peinture industrielle,903,67,92.58
2025-02-19,Machine emballage,899,67,92.55
2025-02-19,Etiqueteuse automatique,932,68,92.7
2025-02-19,Convoyeur industriel,951,63,93.38
2025-02-19,Machine de controle qualite par vision,994,65,93.46
2025-02-19,Machine de palettisation automatique,980,43,95.61
2025-02-20,Machine CNC,800,69,NaN
2025-02-20,Tour industriel,847,67,92.09
2025-02-20,Fraiseuse industrielle,831,50,93.98
2025-02-20,Perceuse a colonne,889,43,95.16
2025-02-20,Presse hydraulique,891,31,96.52
2025-02-20,Presse mecanique,933,27,97.11
2025-02-20,Machine de decoupe laser,862,27,96.87
2025-02-20,Machine de decoupe plasma,904,69,92.37
2025-02-20,Machine de soudage robotisee,855,64,92.51
2025-02-20,Robot assemblage,836,63,92.46
2025-02-20,Machine de moulage par injection,858,54,93.71
2025-02-20,Machine extrusion,834,40,95.2
2025-02-20,Machine de pliage,849,30,96.47
2025-02-20,Machine de polissage,872,20,97.71
2025-02-20,Machine de peinture industrielle,881,57,93.53
2025-02-20,Machine emballage,941,69,92.67
2025-02-20,Etiqueteuse automatique,916,62,93.23
2025-02-20,Convoyeur industriel,1038,75,92.77
2025-02-20,Machine de controle qualite par vision,1030,58,94.37
2025-02-20,Machine de palettisation automatique,1073,48,95.53
2025-02-21,Machine CNC,833,72,91.36
2025-02-21,Tour industriel,820,61,92.56
2025-02-21,Fraiseuse industrielle,854,46,94.61
2025-02-21,Perceuse a colonne,902,44,95.12
2025-02-21,Presse hydraulique,914,35,96.17
2025-02-21,Presse mecanique,897,32,96.43
2025-02-21,Machine de decoupe laser,849,24,97.17
2025-02-21,Machine de decoupe plasma,825,72,91.27
2025-02-21,Machine de soudage robotisee,842,66,92.16
2025-02-21,Robot assemblage,877,60,93.16
2025-02-21,Machine de moulage par injection,868,48,94.47
2025-02-21,Machine extrusion,866,32,96.3
2025-02-21,Machine de pliage,862,25,97.1
2025-02-21,Machine de polissage,914,18,98.03
2025-02-21,Machine de peinture industrielle,927,65,92.99
2025-02-21,Machine emballage,983,74,92.47
2025-02-21,Etiqueteuse automatique,1004,81,91.93
2025-02-21,Convoyeur industriel,973,65,93.32
2025-02-21,Machine de controle qualite par vision,1073,56,94.78
2025-02-21,Machine de palettisation automatique,1047,45,95.7
2025-02-22,Machine CNC,813,73,NaN
2025-02-22,Tour industriel,823,60,92.71
2025-02-22,Fraiseuse industrielle,796,50,93.72
2025-02-22,Perceuse a colonne,852,36,95.77
2025-02-22,Presse hydraulique,866,31,96.42
2025-02-22,Presse mecanique,832,27,96.75
2025-02-22,Machine de decoupe laser,812,35,95.69
2025-02-22,Machine de decoupe plasma,879,82,90.67
2025-02-22,Machine de soudage robotisee,884,69,92.19
2025-02-22,Robot assemblage,840,63,92.5
2025-02-22,Machine de moulage par injection,948,62,93.46
2025-02-22,Machine extrusion,879,38,95.68
2025-02-22,Machine de pliage,929,28,96.99
2025-02-22,Machine de polissage,1019,26,97.45
2025-02-22,Machine de peinture industrielle,921,68,92.62
2025-02-22,Machine emballage,1007,74,92.65
2025-02-22,Etiqueteuse automatique,989,75,92.42
2025-02-22,Convoyeur industriel,985,67,93.2
2025-02-22,Machine de controle qualite par vision,988,56,94.33
2025-02-22,Machine de palettisation automatique,1044,40,96.17
2025-02-23,Machine CNC,739,55,92.56
2025-02-23,Tour industriel,769,54,92.98
2025-02-23,Fraiseuse industrielle,847,49,94.21
2025-02-23,Perceuse a colonne,804,40,95.02
2025-02-23,Presse hydraulique,812,25,96.92
2025-02-23,Presse mecanique,833,26,96.88
2025-02-23,Machine de decoupe laser,885,27,96.95
2025-02-23,Machine de decoupe plasma,886,81,90.86
2025-02-23,Machine de soudage robotisee,844,72,91.47
2025-02-23,Robot assemblage,909,62,93.18
2025-02-23,Machine de moulage par injection,911,49,94.62
2025-02-23,Machine extrusion,947,38,95.99
2025-02-23,Machine de pliage,859,26,96.97
2025-02-23,Machine de polissage,951,22,97.69
2025-02-23,Machine de peinture industrielle,1017,80,92.13
2025-02-23,Machine emballage,971,73,92.48
2025-02-23,Etiqueteuse automatique,970,73,92.47
2025-02-23,Convoyeur industriel,989,67,93.23
2025-02-23,Machine de controle qualite par vision,998,62,93.79
2025-02-23,Machine de palettisation automatique,1015,44,95.67
2025-02-24,Machine CNC,713,65,90.88
2025-02-24,Tour industriel,800,59,92.62
2025-02-24,Fraiseuse industrielle,841,50,94.05
2025-02-24,Perceuse a colonne,811,41,94.94
2025-02-24,Presse hydraulique,851,26,96.94
2025-02-24,Presse mecanique,840,30,96.43
2025-02-24,Machine de decoupe laser,909,37,95.93
2025-02-24,Machine de decoupe plasma,915,77,91.58
2025-02-24,Machine de soudage robotisee,886,68,92.33
2025-02-24,Robot assemblage,944,64,93.22
2025-02-24,Machine de moulage par injection,928,51,94.5
2025-02-24,Machine extrusion,925,39,95.78
2025-02-24,Machine de pliage,963,25,97.4
2025-02-24,Machine de polissage,916,17,98.14
2025-02-24,Machine de peinture industrielle,972,70,92.8
2025-02-24,Machine emballage,924,75,91.88
2025-02-24,Etiqueteuse automatique,926,NaN,92.01
2025-02-24,Convoyeur industriel,969,59,93.91
2025-02-24,Machine de controle qualite par vision,876,60,93.15
2025-02-24,Machine de palettisation automatique,928,34,96.34
2025-02-25,Machine CNC,743,67,90.98
2025-02-25,Tour industriel,741,51,93.12
2025-02-25,Fraiseuse industrielle,834,51,93.88
2025-02-25,Perceuse a colonne,846,45,94.68
2025-02-25,Presse hydraulique,831,38,95.43
2025-02-25,Presse mecanique,935,35,96.26
2025-02-25,Machine de decoupe laser,882,36,95.92
2025-02-25,Machine de decoupe plasma,905,81,91.05
2025-02-25,Machine de soudage robotisee,917,75,91.82
2025-02-25,Robot assemblage,929,63,93.22
2025-02-25,Machine de moulage par injection,944,54,94.28
2025-02-25,Machine extrusion,917,36,96.07
2025-02-25,Machine de pliage,892,21,97.65
2025-02-25,Machine de polissage,886,14,98.42
2025-02-25,Machine de peinture industrielle,894,64,92.84
2025-02-25,Machine emballage,895,74,91.73
2025-02-25,Etiqueteuse automatique,916,74,91.92
2025-02-25,Convoyeur industriel,1028,69,93.29
2025-02-25,Machine de controle qualite par vision,963,55,94.29
2025-02-25,Machine de palettisation automatique,1042,40,96.16
2025-02-26,Machine CNC,752,63,91.62
2025-02-26,Tour industriel,834,57,93.17
2025-02-26,Fraiseuse industrielle,838,41,95.11
2025-02-26,Perceuse a colonne,893,43,95.18
2025-02-26,Presse hydraulique,886,36,95.94
2025-02-26,Presse mecanique,902,39,95.68
2025-02-26,Machine de decoupe laser,946,36,96.19
2025-02-26,Machine de decoupe plasma,906,84,90.73
2025-02-26,Machine de soudage robotisee,950,82,91.37
2025-02-26,Robot assemblage,838,53,93.68
2025-02-26,Machine de moulage par injection,860,43,95.0
2025-02-26,Machine extrusion,863,32,96.29
2025-02-26,Machine de pliage,853,22,97.42
2025-02-26,Machine de polissage,894,22,97.54
2025-02-26,Machine de peinture industrielle,907,70,92.28
2025-02-26,Machine emballage,918,74,91.94
2025-02-26,Etiqueteuse automatique,935,70,92.51
2025-02-26,Convoyeur industriel,977,71,92.73
2025-02-26,Machine de controle qualite par vision,1039,63,93.94
2025-02-26,Machine de palettisation automatique,1052,35,96.67
2025-02-27,Machine CNC,766,68,91.12
2025-02-27,Tour industriel,880,55,93.75
2025-02-27,Fraiseuse industrielle,886,49,94.47
2025-02-27,Perceuse a colonne,879,38,95.68
2025-02-27,Presse hydraulique,862,38,95.59
2025-02-27,Presse mecanique,918,32,96.51
2025-02-27,Machine de decoupe laser,894,31,96.53
2025-02-27,Machine de decoupe plasma,868,80,90.78
2025-02-27,Machine de soudage robotisee,894,70,92.17
2025-02-27,Robot assemblage,892,62,NaN
2025-02-27,Machine de moulage par injection,809,34,95.8
2025-02-27,Machine extrusion,870,28,96.78
2025-02-27,Machine de pliage,854,22,97.42
2025-02-27,Machine de polissage,837,23,97.25
2025-02-27,Machine de peinture industrielle,913,70,92.33
2025-02-27,Machine emballage,948,72,92.41
2025-02-27,Etiqueteuse automatique,916,67,92.69
2025-02-27,Convoyeur industriel,964,69,92.84
2025-02-27,Machine de controle qualite par vision,1040,56,94.62
2025-02-27,Machine de palettisation automatique,1075,36,96.65
2025-02-28,Machine CNC,808,68,91.58
2025-02-28,Tour industriel,897,59,93.42
2025-02-28,Fraiseuse industrielle,858,47,94.52
2025-02-28,Perceuse a colonne,850,40,95.29
2025-02-28,Presse hydraulique,882,32,96.37
2025-02-28,Presse mecanique,884,35,96.04
2025-02-28,Machine de decoupe laser,798,34,95.74
2025-02-28,Machine de decoupe plasma,854,77,90.98
2025-02-28,Machine de soudage robotisee,799,67,91.61
2025-02-28,Robot assemblage,848,55,93.51
2025-02-28,Machine de moulage par injection,833,51,93.88
2025-02-28,Machine extrusion,827,33,96.01
2025-02-28,Machine de pliage,854,23,97.31
2025-02-28,Machine de polissage,903,20,97.79
2025-02-28,Machine de peinture industrielle,926,79,91.47
2025-02-28,Machine emballage,952,76,92.02
2025-02-28,Etiqueteuse automatique,1000,64,93.6
2025-02-28,Convoyeur industriel,1061,69,93.5
2025-02-28,Machine de controle qualite par vision,1081,56,94.82
2025-02-28,Machine de palettisation automatique,1107,42,96.21
2025-03-01,Machine CNC,811,65,91.99
2025-03-01,Tour industriel,848,53,93.75
2025-03-01,Fraiseuse industrielle,804,NaN,94.78
2025-03-01,Perceuse a colonne,891,43,95.17
2025-03-01,Presse hydraulique,843,36,95.73
2025-03-01,Presse mecanique,839,39,95.35
2025-03-01,Machine de decoupe laser,805,33,95.9
2025-03-01,Machine de decoupe plasma,790,77,90.25
2025-03-01,Machine de soudage robotisee,801,62,92.26
2025-03-01,Robot assemblage,812,49,93.97
2025-03-01,Machine de moulage par injection,890,44,95.06
2025-03-01,Machine extrusion,892,37,95.85
2025-03-01,Machine de pliage,928,33,96.44
2025-03-01,Machine de polissage,983,23,97.66
2025-03-01,Machine de peinture industrielle,956,83,91.32
2025-03-01,Machine emballage,944,81,91.42
2025-03-01,Etiqueteuse automatique,938,76,91.9
2025-03-01,Convoyeur industriel,1047,69,93.41
2025-03-01,Machine de controle qualite par vision,1050,42,96.0
2025-03-01,Machine de palettisation automatique,1073,37,96.55
2025-03-02,Machine CNC,747,58,92.24
2025-03-02,Tour industriel,768,49,93.62
2025-03-02,Fraiseuse industrielle,799,47,94.12
2025-03-02,Perceuse a colonne,759,36,95.26
2025-03-02,Presse hydraulique,785,33,95.8
2025-03-02,Presse mecanique,793,36,95.46
2025-03-02,Machine de decoupe laser,877,48,94.53
2025-03-02,Machine de decoupe plasma,869,78,91.02
2025-03-02,Machine de soudage robotisee,860,65,92.44
2025-03-02,Robot assemblage,938,58,93.82
2025-03-02,Machine de moulage par injection,893,43,95.18
2025-03-02,Machine extrusion,969,33,96.59
2025-03-02,Machine de pliage,954,29,96.96
2025-03-02,Machine de polissage,954,32,96.65
2025-03-02,Machine de peinture industrielle,986,79,91.99
2025-03-02,Machine emballage,958,78,91.86
2025-03-02,Etiqueteuse automatique,984,75,92.38
2025-03-02,Convoyeur industriel,1031,68,93.4
2025-03-02,Machine de controle qualite par vision,989,43,95.65
2025-03-02,Machine de palettisation automatique,1002,42,95.81
2025-03-03,Machine CNC,743,60,91.92
2025-03-03,Tour industriel,797,49,93.85
2025-03-03,Fraiseuse industrielle,738,30,95.93
2025-03-03,Perceuse a colonne,820,33,95.98
2025-03-03,Presse hydraulique,783,33,95.79
2025-03-03,Presse mecanique,883,45,94.9
2025-03-03,Machine de decoupe laser,837,42,94.98
2025-03-03,Machine de decoupe plasma,919,80,91.29
2025-03-03,Machine de soudage robotisee,916,71,92.25
2025-03-03,Robot assemblage,887,58,93.46
2025-03-03,Machine de moulage par injection,899,40,95.55
2025-03-03,Machine extrusion,939,37,96.06
2025-03-03,Machine de pliage,913,37,95.95
2025-03-03,Machine de polissage,914,22,97.59
2025-03-03,Machine de peinture industrielle,957,72,92.48
2025-03-03,Machine emballage,944,78,91.74
2025-03-03,Etiqueteuse automatique,949,74,92.2
2025-03-03,Convoyeur industriel,971,53,94.54
2025-03-03,Machine de controle qualite par vision,969,45,95.36
2025-03-03,Machine de palettisation automatique,978,36,96.32
2025-03-04,Machine CNC,747,51,93.17
2025-03-04,Tour industriel,779,44,94.35
2025-03-04,Fraiseuse industrielle,796,42,94.72
2025-03-04,Perceuse a colonne,823,37,95.5
2025-03-04,Presse hydraulique,828,29,96.5
2025-03-04,Presse mecanique,912,48,94.74
2025-03-04,Machine de decoupe laser,913,37,95.95
2025-03-04,Machine de decoupe plasma,917,80,91.28
2025-03-04,Machine de soudage robotisee,956,70,92.68
2025-03-04,Robot assemblage,948,59,93.78
2025-03-04,Machine de moulage par injection,871,46,94.72
2025-03-04,Machine extrusion,839,25,97.02
2025-03-04,Machine de pliage,934,28,97.0
2025-03-04,Machine de polissage,885,26,97.06
2025-03-04,Machine de peinture industrielle,878,71,91.91
2025-03-04,Machine emballage,871,70,91.96
2025-03-04,Etiqueteuse automatique,963,74,92.32
2025-03-04,Convoyeur industriel,983,57,94.2
2025-03-04,Machine de controle qualite par vision,973,46,95.27
2025-03-04,Machine de palettisation automatique,NaN,35,96.71
2025-03-05,Machine CNC,809,63,92.21
2025-03-05,Tour industriel,820,51,93.78
2025-03-05,Fraiseuse industrielle,862,47,94.55
2025-03-05,Perceuse a colonne,856,44,94.86
2025-03-05,Presse hydraulique,913,41,95.51
2025-03-05,Presse mecanique,946,49,94.82
2025-03-05,Machine de decoupe laser,912,46,94.96
2025-03-05,Machine de decoupe plasma,909,83,90.87
2025-03-05,Machine de soudage robotisee,921,66,92.83
2025-03-05,Robot assemblage,850,52,93.88
2025-03-05,Machine de moulage par injection,884,37,95.81
2025-03-05,Machine extrusion,885,31,96.5
2025-03-05,Machine de pliage,861,30,96.52
2025-03-05,Machine de polissage,859,30,96.51
2025-03-05,Machine de peinture industrielle,873,78,91.07
2025-03-05,Machine emballage,904,75,91.7
2025-03-05,Etiqueteuse automatique,967,71,92.66
2025-03-05,Convoyeur industriel,928,57,93.86
2025-03-05,Machine de controle qualite par vision,966,40,95.86
2025-03-05,Machine de palettisation automatique,1032,37,96.41
2025-03-06,Machine CNC,790,55,93.04
2025-03-06,Tour industriel,859,55,93.6
2025-03-06,Fraiseuse industrielle,882,58,93.42
2025-03-06,Perceuse a colonne,885,39,95.59
2025-03-06,Presse hydraulique,912,40,95.61
2025-03-06,Presse mecanique,862,50,94.2
2025-03-06,Machine de decoupe laser,867,40,95.39
2025-03-06,Machine de decoupe plasma,839,75,91.06
2025-03-06,Machine de soudage robotisee,847,64,92.44
2025-03-06,Robot assemblage,892,54,93.95
2025-03-06,Machine de moulage par injection,820,42,94.88
2025-03-06,Machine extrusion,863,21,97.57
2025-03-06,Machine de pliage,876,36,95.89
2025-03-06,Machine de polissage,913,32,96.5
2025-03-06,Machine de peinture industrielle,879,73,91.7
2025-03-06,Machine emballage,895,77,91.4
2025-03-06,Etiqueteuse automatique,1018,79,92.24
2025-03-06,Convoyeur industriel,971,56,94.23
2025-03-06,Machine de controle qualite par vision,1067,NaN,95.69
2025-03-06,Machine de palettisation automatique,1102,34,96.91
2025-03-07,Machine CNC,819,56,93.16
2025-03-07,Tour industriel,858,45,94.76
2025-03-07,Fraiseuse industrielle,897,46,94.87
2025-03-07,Perceuse a colonne,850,43,94.94
2025-03-07,Presse hydraulique,865,44,94.91
2025-03-07,Presse mecanique,808,40,95.05
2025-03-07,Machine de decoupe laser,858,37,95.69
2025-03-07,Machine de decoupe plasma,870,76,91.26
2025-03-07,Machine de soudage robotisee,866,69,92.03
2025-03-07,Robot assemblage,852,52,93.9
2025-03-07,Machine de moulage par injection,840,31,96.31
2025-03-07,Machine extrusion,890,26,97.08
2025-03-07,Machine de pliage,876,25,97.15
2025-03-07,Machine de polissage,881,31,96.48
2025-03-07,Machine de peinture industrielle,930,81,91.29
2025-03-07,Machine emballage,945,77,91.85
2025-03-07,Etiqueteuse automatique,981,65,93.37
2025-03-07,Convoyeur industriel,1035,55,94.69
2025-03-07,Machine de controle qualite par vision,1072,44,95.9
2025-03-07,Machine de palettisation automatique,1054,33,96.87
2025-03-08,Machine CNC,784,54,93.11
2025-03-08,Tour industriel,792,45,94.32
2025-03-08,Fraiseuse industrielle,818,51,93.77
2025-03-08,Perceuse a colonne,801,35,95.63
2025-03-08,Presse hydraulique,764,35,95.42
2025-03-08,Presse mecanique,865,42,95.14
2025-03-08,Machine de decoupe laser,846,36,95.74
2025-03-08,Machine de decoupe plasma,796,66,91.71
2025-03-08,Machine de soudage robotisee,817,61,92.53
2025-03-08,Robot assemblage,828,48,94.2
2025-03-08,Machine de moulage par injection,868,38,95.62
2025-03-08,Machine extrusion,899,27,97.0
2025-03-08,Machine de pliage,931,33,96.46
2025-03-08,Machine de polissage,926,33,96.44
2025-03-08,Machine de peinture industrielle,972,80,91.77
2025-03-08,Machine emballage,940,73,92.23
2025-03-08,Etiqueteuse automatique,996,67,93.27
2025-03-08,Convoyeur industriel,999,46,95.4
2025-03-08,Machine de controle qualite par vision,1088,40,96.32
2025-03-08,Machine de palettisation automatique,1069,29,97.29
2025-03-09,Machine CNC,742,49,93.4
2025-03-09,Tour industriel,768,43,94.4
2025-03-09,Fraiseuse industrielle,756,38,94.97
2025-03-09,Perceuse a colonne,827,46,94.44
2025-03-09,Presse hydraulique,844,46,94.55
2025-03-09,Presse mecanique,824,43,94.78
2025-03-09,Machine de decoupe laser,896,40,95.54
2025-03-09,Machine de decoupe plasma,859,69,91.97
2025-03-09,Machine de soudage robotisee,877,59,93.27
2025-03-09,Robot assemblage,916,49,94.65
2025-03-09,Machine de moulage par injection,903,37,95.9
2025-03-09,Machine extrusion,945,33,96.51
2025-03-09,Machine de pliage,925,37,96.0
2025-03-09,Machine de polissage,968,29,97.0
2025-03-09,Machine de peinture industrielle,986,88,91.08
2025-03-09,Machine emballage,969,83,91.43
2025-03-09,Etiqueteuse automatique,1013,78,92.3
2025-03-09,Convoyeur industriel,1002,57,94.31
2025-03-09,Machine de controle qualite par vision,1018,43,95.78
2025-03-09,Machine de palettisation automatique,1013,28,97.24
2025-03-10,Machine CNC,766,44,94.26
2025-03-10,Tour industriel,729,40,94.51
2025-03-10,Fraiseuse industrielle,810,42,94.81
2025-03-10,Perceuse a colonne,825,44,94.67
2025-03-10,Presse hydraulique,872,46,94.72
2025-03-10,Presse mecanique,888,45,94.93
2025-03-10,Machine de decoupe laser,813,36,95.57
2025-03-10,Machine de decoupe plasma,856,73,91.47
2025-03-10,Machine de soudage robotisee,885,58,93.45
2025-03-10,Robot assemblage,859,52,93.95
2025-03-10,Machine de moulage par injection,911,32,96.49
2025-03-10,Machine extrusion,900,34,96.22
2025-03-10,Machine de pliage,912,35,96.16
2025-03-10,Machine de polissage,844,40,95.26
2025-03-10,Machine de peinture industrielle,957,83,91.33
2025-03-10,Machine emballage,957,81,91.54
2025-03-10,Etiqueteuse automatique,984,63,93.6
2025-03-10,Convoyeur industriel,915,48,94.75
2025-03-10,Machine de controle qualite par vision,1002,42,95.81
2025-03-10,Machine de palettisation automatique,999,28,97.2
2025-03-11,Machine CNC,718,48,93.31
2025-03-11,Tour industriel,823,47,94.29
2025-03-11,Fraiseuse industrielle,769,40,94.8
2025-03-11,Perceuse a colonne,779,47,93.97
2025-03-11,Presse hydraulique,883,45,94.9
2025-03-11,Presse mecanique,844,45,94.67
2025-03-11,Machine de decoupe laser,876,37,95.78
2025-03-11,Machine de decoupe plasma,903,76,91.58
2025-03-11,Machine de soudage robotisee,898,60,93.32
2025-03-11,Robot assemblage,860,40,95.35
2025-03-11,Machine de moulage par injection,952,45,95.27
2025-03-11,Machine extrusion,913,42,95.4
2025-03-11,Machine de pliage,897,29,96.77
2025-03-11,Machine de polissage,898,39,95.66
2025-03-11,Machine de peinture industrielle,898,78,91.31
2025-03-11,Machine emballage,856,70,91.82
2025-03-11,Etiqueteuse automatique,932,69,92.6
2025-03-11,Convoyeur industriel,930,48,94.84
2025-03-11,Machine de controle qualite par vision,952,31,96.74
2025-03-11,Machine de palettisation automatique,1020,29,97.16
2025-03-12,Machine CNC,752,50,NaN
2025-03-12,Tour industriel,811,43,94.7
2025-03-12,Fraiseuse industrielle,858,44,94.87
2025-03-12,Perceuse a colonne,883,56,93.66
2025-03-12,Presse hydraulique,894,45,94.97
2025-03-12,Presse mecanique,898,49,94.54
2025-03-12,Machine de decoupe laser,896,35,96.09
2025-03-12,Machine de decoupe plasma,908,77,91.52
2025-03-12,Machine de soudage robotisee,955,59,93.82
2025-03-12,Robot assemblage,868,50,NaN
2025-03-12,Machine de moulage par injection,889,42,95.28
2025-03-12,Machine extrusion,884,35,96.04
2025-03-12,Machine de pliage,838,30,96.42
2025-03-12,Machine de polissage,898,43,95.21
2025-03-12,Machine de peinture industrielle,879,82,90.67
2025-03-12,Machine emballage,903,74,91.81
2025-03-12,Etiqueteuse automatique,921,56,93.92
2025-03-12,Convoyeur industriel,936,51,94.55
2025-03-12,Machine de controle qualite par vision,1009,45,95.54
2025-03-12,Machine de palettisation automatique,1061,27,97.46
2025-03-13,Machine CNC,886,57,93.57
2025-03-13,Tour industriel,831,45,94.58
2025-03-13,Fraiseuse industrielle,909,50,94.5
2025-03-13,Perceuse a colonne,907,52,94.27
2025-03-13,Presse hydraulique,859,50,94.18
2025-03-13,Presse mecanique,909,51,94.39
2025-03-13,Machine de decoupe laser,867,28,96.77
2025-03-13,Machine de decoupe plasma,813,57,92.99
2025-03-13,Machine de soudage robotisee,839,59,92.97
2025-03-13,Robot assemblage,852,45,94.72
2025-03-13,Machine de moulage par injection,860,27,96.86
2025-03-13,Machine extrusion,840,31,96.31
2025-03-13,Machine de pliage,819,44,94.63
2025-03-13,Machine de polissage,909,37,95.93
2025-03-13,Machine de peinture industrielle,882,78,91.16
2025-03-13,Machine emballage,843,71,91.58
2025-03-13,Etiqueteuse automatique,949,58,93.89
2025-03-13,Convoyeur industriel,998,53,94.69
2025-03-13,Machine de controle qualite par vision,1039,42,95.96
2025-03-13,Machine de palettisation automatique,1085,33,96.96
2025-03-14,Machine CNC,870,65,92.53
2025-03-14,Tour industriel,828,46,94.44
2025-03-14,Fraiseuse industrielle,862,50,94.2
2025-03-14,Perceuse a colonne,890,51,94.27
2025-03-14,Presse hydraulique,881,51,94.21
2025-03-14,Presse mecanique,850,42,95.06
2025-03-14,Machine de decoupe laser,827,35,95.77
2025-03-14,Machine de decoupe plasma,790,62,92.15
2025-03-14,Machine de soudage robotisee,824,48,94.17
2025-03-14,Robot assemblage,823,39,95.26
2025-03-14,Machine de moulage par injection,833,37,95.56
2025-03-14,Machine extrusion,827,30,96.37
2025-03-14,Machine de pliage,835,38,95.45
2025-03-14,Machine de polissage,871,29,96.67
2025-03-14,Machine de peinture industrielle,890,73,91.8
2025-03-14,Machine emballage,958,75,92.17
2025-03-14,Etiqueteuse automatique,978,64,93.46
2025-03-14,Convoyeur industriel,1036,52,94.98
2025-03-14,Machine de controle qualite par vision,1093,40,96.34
2025-03-14,Machine de palettisation automatique,1082,25,97.69
2025-03-15,Machine CNC,834,53,93.65
2025-03-15,Tour industriel,819,43,94.75
2025-03-15,Fraiseuse industrielle,836,52,NaN
2025-03-15,Perceuse a colonne,868,57,93.43
2025-03-15,Presse hydraulique,834,52,93.76
2025-03-15,Presse mecanique,803,39,95.14
2025-03-15,Machine de decoupe laser,821,29,96.47
2025-03-15,Machine de decoupe plasma,762,59,92.26
2025-03-15,Machine de soudage robotisee,764,47,93.85
2025-03-15,Robot assemblage,845,42,95.03
2025-03-15,Machine de moulage par injection,874,41,95.31
2025-03-15,Machine extrusion,819,36,95.6
2025-03-15,Machine de pliage,903,32,96.46
2025-03-15,Machine de polissage,980,41,95.82
2025-03-15,Machine de peinture industrielle,963,81,91.59
2025-03-15,Machine emballage,975,73,92.51
2025-03-15,Etiqueteuse automatique,1050,71,93.24
2025-03-15,Convoyeur industriel,1070,58,94.58
2025-03-15,Machine de controle qualite par vision,1043,44,95.78
2025-03-15,Machine de palettisation automatique,1069,35,96.73
2025-03-16,Machine CNC,820,50,93.9
2025-03-16,Tour industriel,743,44,94.08
2025-03-16,Fraiseuse industrielle,853,47,94.49
2025-03-16,Perceuse a colonne,781,44,94.37
2025-03-16,Presse hydraulique,798,38,95.24
2025-03-16,Presse mecanique,796,42,94.72
2025-03-16,Machine de decoupe laser,851,40,95.3
2025-03-16,Machine de decoupe plasma,852,71,91.67
2025-03-16,Machine de soudage robotisee,945,52,94.5
2025-03-16,Robot assemblage,882,47,94.67
2025-03-16,Machine de moulage par injection,899,48,94.66
2025-03-16,Machine extrusion,876,38,95.66
2025-03-16,Machine de pliage,941,46,95.11
2025-03-16,Machine de polissage,972,47,95.16
2025-03-16,Machine de peinture industrielle,981,87,91.13
2025-03-16,Machine emballage,965,77,92.02
2025-03-16,Etiqueteuse automatique,974,62,93.63
2025-03-16,Convoyeur industriel,974,48,95.07
2025-03-16,Machine de controle qualite par vision,1055,31,97.06
2025-03-16,Machine de palettisation automatique,1006,33,96.72
2025-03-17,Machine CNC,761,50,93.43
2025-03-17,Tour industriel,749,40,94.66
2025-03-17,Fraiseuse industrielle,765,49,93.59
2025-03-17,Perceuse a colonne,800,46,94.25
2025-03-17,Presse hydraulique,839,53,93.68
2025-03-17,Presse mecanique,825,44,94.67
2025-03-17,Machine de decoupe laser,876,34,96.12
2025-03-17,Machine de decoupe plasma,879,68,92.26
2025-03-17,Machine de soudage robotisee,884,53,94.0
2025-03-17,Robot assemblage,922,49,94.69
2025-03-17,Machine de moulage par injection,924,41,95.56
2025-03-17,Machine extrusion,1002,40,96.01
2025-03-17,Machine de pliage,960,43,95.52
2025-03-17,Machine de polissage,931,39,95.81
2025-03-17,Machine de peinture industrielle,953,94,90.14
2025-03-17,Machine emballage,926,70,92.44
2025-03-17,Etiqueteuse automatique,1006,59,94.14
2025-03-17,Convoyeur industriel,1018,50,95.09
2025-03-17,Machine de controle qualite par vision,1019,31,96.96
2025-03-17,Machine de palettisation automatique,997,27,97.29
2025-03-18,Machine CNC,761,45,94.09
2025-03-18,Tour industriel,773,47,93.92
2025-03-18,Fraiseuse industrielle,830,47,94.34
2025-03-18,Perceuse a colonne,849,NaN,94.82
2025-03-18,Presse hydraulique,843,57,93.24
2025-03-18,Presse mecanique,880,50,94.32
2025-03-18,Machine de decoupe laser,892,33,96.3
2025-03-18,Machine de decoupe plasma,946,74,92.18
2025-03-18,Machine de soudage robotisee,914,57,93.76
2025-03-18,Robot assemblage,872,41,95.3
2025-03-18,Machine de moulage par injection,903,40,95.57
2025-03-18,Machine extrusion,882,43,95.12
2025-03-18,Machine de pliage,921,44,95.22
2025-03-18,Machine de polissage,903,43,95.24
2025-03-18,Machine de peinture industrielle,872,81,90.71
2025-03-18,Machine emballage,906,67,92.6
2025-03-18,Etiqueteuse automatique,913,53,94.19
2025-03-18,Convoyeur industriel,931,37,96.03
2025-03-18,Machine de controle qualite par vision,996,36,96.39
2025-03-18,Machine de palettisation automatique,1036,31,97.01
2025-03-19,Machine CNC,807,54,93.31
2025-03-19,Tour industriel,793,50,93.69
2025-03-19,Fraiseuse industrielle,847,61,92.8
2025-03-19,Perceuse a colonne,909,61,93.29
2025-03-19,Presse hydraulique,894,56,93.74
2025-03-19,Presse mecanique,926,50,94.6
2025-03-19,Machine de decoupe laser,925,34,96.32
2025-03-19,Machine de decoupe plasma,872,63,92.78
2025-03-19,Machine de soudage robotisee,838,50,94.03
2025-03-19,Robot assemblage,852,38,95.54
2025-03-19,Machine de moulage par injection,842,36,95.72
2025-03-19,Machine extrusion,862,39,95.48
2025-03-19,Machine de pliage,892,43,95.18
2025-03-19,Machine de polissage,843,39,95.37
2025-03-19,Machine de peinture industrielle,826,75,90.92
2025-03-19,Machine emballage,930,69,92.58
2025-03-19,Etiqueteuse automatique,934,50,94.65
2025-03-19,Convoyeur industriel,950,42,95.58
2025-03-19,Machine de controle qualite par vision,1046,36,96.56
2025-03-19,Machine de palettisation automatique,1074,34,96.83
2025-03-20,Machine CNC,801,50,93.76
2025-03-20,Tour industriel,875,57,93.49
2025-03-20,Fraiseuse industrielle,837,57,93.19
2025-03-20,Perceuse a colonne,850,58,93.18
2025-03-20,Presse hydraulique,914,59,93.54
2025-03-20,Presse mecanique,873,39,95.53
2025-03-20,Machine de decoupe laser,855,35,95.91
2025-03-20,Machine de decoupe plasma,848,53,93.75
2025-03-20,Machine de soudage robotisee,817,45,94.49
2025-03-20,Robot assemblage,791,39,95.07
2025-03-20,Machine de moulage par injection,852,41,95.19
2025-03-20,Machine extrusion,843,42,95.02
2025-03-20,Machine de pliage,864,41,95.25
2025-03-20,Machine de polissage,811,41,94.94
2025-03-20,Machine de peinture industrielle,839,72,91.42
2025-03-20,Machine emballage,886,68,92.33
2025-03-20,Etiqueteuse automatique,998,61,93.89
2025-03-20,Convoyeur industriel,1057,46,95.65
2025-03-20,Machine de controle qualite par vision,1141,39,96.58
2025-03-20,Machine de palettisation automatique,1089,39,96.42
2025-03-21,Machine CNC,899,57,93.66
2025-03-21,Tour industriel,883,59,93.32
2025-03-21,Fraiseuse industrielle,858,56,93.47
2025-03-21,Perceuse a colonne,873,55,93.7
2025-03-21,Presse hydraulique,840,48,94.29
2025-03-21,Presse mecanique,838,41,95.11
2025-03-21,Machine de decoupe laser,840,29,96.55
2025-03-21,Machine de decoupe plasma,797,60,92.47
2025-03-21,Machine de soudage robotisee,820,43,94.76
2025-03-21,Robot assemblage,800,42,94.75
2025-03-21,Machine de moulage par injection,837,49,94.15
2025-03-21,Machine extrusion,861,38,95.59
2025-03-21,Machine de pliage,829,37,95.54
2025-03-21,Machine de polissage,871,39,95.52
2025-03-21,Machine de peinture industrielle,932,88,90.56
2025-03-21,Machine emballage,981,63,93.58
2025-03-21,Etiqueteuse automatique,1008,66,93.45
2025-03-21,Convoyeur industriel,1055,45,95.73
2025-03-21,Machine de controle qualite par vision,1052,46,95.63
2025-03-21,Machine de palettisation automatique,1115,41,96.32
2025-03-22,Machine CNC,808,50,93.81
2025-03-22,Tour industriel,845,52,93.85
2025-03-22,Fraiseuse industrielle,796,52,93.47
2025-03-22,Perceuse a colonne,795,49,93.84
2025-03-22,Presse hydraulique,782,43,94.5
2025-03-22,Presse mecanique,783,37,95.27
2025-03-22,Machine de decoupe laser,753,27,96.41
2025-03-22,Machine de decoupe plasma,851,61,92.83
2025-03-22,Machine de soudage robotisee,832,49,94.11
2025-03-22,Robot assemblage,788,47,94.04
2025-03-22,Machine de moulage par injection,889,41,95.39
2025-03-22,Machine extrusion,894,51,94.3
2025-03-22,Machine de pliage,900,46,94.89
2025-03-22,Machine de polissage,933,40,95.71
2025-03-22,Machine de peinture industrielle,910,84,90.77
2025-03-22,Machine emballage,953,68,92.86
2025-03-22,Etiqueteuse automatique,1047,55,94.75
2025-03-22,Convoyeur industriel,1003,35,96.51
2025-03-22,Machine de controle qualite par vision,1083,44,95.94
2025-03-22,Machine de palettisation automatique,1113,39,96.5
2025-03-23,Machine CNC,778,55,92.93
2025-03-23,Tour industriel,797,52,93.48
2025-03-23,Fraiseuse industrielle,740,52,92.97
2025-03-23,Perceuse a colonne,788,51,93.53
2025-03-23,Presse hydraulique,808,43,94.68
2025-03-23,Presse mecanique,853,39,95.43
2025-03-23,Machine de decoupe laser,852,25,NaN
2025-03-23,Machine de decoupe plasma,842,56,93.35
2025-03-23,Machine de soudage robotisee,823,47,94.29
2025-03-23,Robot assemblage,874,48,94.51
2025-03-23,Machine de moulage par injection,933,45,95.18
2025-03-23,Machine extrusion,938,42,95.52
2025-03-23,Machine de pliage,911,50,94.51
2025-03-23,Machine de polissage,983,48,95.12
2025-03-23,Machine de peinture industrielle,984,84,91.46
2025-03-23,Machine emballage,919,67,92.71
2025-03-23,Etiqueteuse automatique,1002,58,94.21
2025-03-23,Convoyeur industriel,1003,47,95.31
2025-03-23,Machine de controle qualite par vision,969,42,95.67
2025-03-23,Machine de palettisation automatique,1057,38,96.4
2025-03-24,Machine CNC,758,53,93.01
2025-03-24,Tour industriel,745,46,93.83
2025-03-24,Fraiseuse industrielle,824,56,93.2
2025-03-24,Perceuse a colonne,766,56,92.69
2025-03-24,Presse hydraulique,808,49,93.94
2025-03-24,Presse mecanique,836,41,95.1
2025-03-24,Machine de decoupe laser,902,26,97.12
2025-03-24,Machine de decoupe plasma,813,51,93.73
2025-03-24,Machine de soudage robotisee,857,47,94.52
2025-03-24,Robot assemblage,896,48,94.64
2025-03-24,Machine de moulage par injection,960,54,94.38
2025-03-24,Machine extrusion,902,53,94.12
2025-03-24,Machine de pliage,929,53,94.29
2025-03-24,Machine de polissage,915,45,95.08
2025-03-24,Machine de peinture industrielle,924,78,91.56
2025-03-24,Machine emballage,903,59,93.47
2025-03-24,Etiqueteuse automatique,935,47,94.97
2025-03-24,Convoyeur industriel,944,40,95.76
2025-03-24,Machine de controle qualite par vision,999,46,95.4
2025-03-24,Machine de palettisation automatique,1022,45,95.6
2025-03-25,Machine CNC,762,53,93.04
2025-03-25,Tour industriel,754,53,92.97
2025-03-25,Fraiseuse industrielle,822,62,92.46
2025-03-25,Perceuse a colonne,839,58,93.09
2025-03-25,Presse hydraulique,873,51,94.16
2025-03-25,Presse mecanique,875,31,96.46
2025-03-25,Machine de decoupe laser,891,19,97.87
2025-03-25,Machine de decoupe plasma,955,67,92.98
2025-03-25,Machine de soudage robotisee,925,55,94.05
2025-03-25,Robot assemblage,877,43,95.1
2025-03-25,Machine de moulage par injection,850,48,94.35
2025-03-25,Machine extrusion,867,48,94.46
2025-03-25,Machine de pliage,866,48,94.46
2025-03-25,Machine de polissage,877,41,95.32
2025-03-25,Machine de peinture industrielle,NaN,71,91.8
2025-03-25,Machine emballage,909,58,93.62
2025-03-25,Etiqueteuse automatique,894,40,95.53
2025-03-25,Convoyeur industriel,903,37,95.9
2025-03-25,Machine de controle qualite par vision,971,43,95.57
2025-03-25,Machine de palettisation automatique,1036,50,95.17
2025-03-26,Machine CNC,701,54,92.3
2025-03-26,Tour industriel,799,52,93.49
2025-03-26,Fraiseuse industrielle,847,50,94.1
2025-03-26,Perceuse a colonne,845,63,92.54
2025-03-26,Presse hydraulique,874,46,94.74
2025-03-26,Presse mecanique,898,37,95.88
2025-03-26,Machine de decoupe laser,906,28,96.91
2025-03-26,Machine de decoupe plasma,960,73,92.4
2025-03-26,Machine de soudage robotisee,873,45,94.85
2025-03-26,Robot assemblage,836,41,95.1
2025-03-26,Machine de moulage par injection,846,38,95.51
2025-03-26,Machine extrusion,848,59,93.04
2025-03-26,Machine de pliage,867,46,94.69
2025-03-26,Machine de polissage,892,40,95.52
2025-03-26,Machine de peinture industrielle,860,61,92.91
2025-03-26,Machine emballage,893,54,93.95
2025-03-26,Etiqueteuse automatique,904,43,95.24
2025-03-26,Convoyeur industriel,978,35,96.42
2025-03-26,Machine de controle qualite par vision,1012,42,95.85
2025-03-26,Machine de palettisation automatique,1069,49,95.42
2025-03-27,Machine CNC,819,60,92.67
2025-03-27,Tour industriel,827,56,93.23
2025-03-27,Fraiseuse industrielle,933,66,92.93
2025-03-27,Perceuse a colonne,847,58,93.15
2025-03-27,Presse hydraulique,825,51,93.82
2025-03-27,Presse mecanique,833,30,96.4
2025-03-27,Machine de decoupe laser,902,25,97.23
2025-03-27,Machine de decoupe plasma,848,58,93.16
2025-03-27,Machine de soudage robotisee,865,45,94.8
2025-03-27,Robot assemblage,804,44,94.53
2025-03-27,Machine de moulage par injection,819,51,93.77
2025-03-27,Machine extrusion,834,50,94.0
2025-03-27,Machine de pliage,880,NaN,94.55
2025-03-27,Machine de polissage,865,33,96.18
2025-03-27,Machine de peinture industrielle,881,70,92.05
2025-03-27,Machine emballage,948,65,93.14
2025-03-27,Etiqueteuse automatique,975,47,95.18
2025-03-27,Convoyeur industriel,1082,41,96.21
2025-03-27,Machine de controle qualite par vision,1074,45,95.81
2025-03-27,Machine de palettisation automatique,1104,38,96.56
2025-03-28,Machine CNC,862,60,93.04
2025-03-28,Tour industriel,831,65,92.18
2025-03-28,Fraiseuse industrielle,862,64,92.58
2025-03-28,Perceuse a colonne,853,58,93.2
2025-03-28,Presse hydraulique,861,43,95.01
2025-03-28,Presse mecanique,815,34,95.83
2025-03-28,Machine de decoupe laser,826,20,97.58
2025-03-28,Machine de decoupe plasma,803,52,93.52
2025-03-28,Machine de soudage robotisee,811,42,94.82
2025-03-28,Robot assemblage,794,45,94.33
2025-03-28,Machine de moulage par injection,835,42,94.97
2025-03-28,Machine extrusion,830,46,94.46
2025-03-28,Machine de pliage,882,39,95.58
2025-03-28,Machine de polissage,881,40,95.46
2025-03-28,Machine de peinture industrielle,941,78,91.71
2025-03-28,Machine emballage,934,57,93.9
2025-03-28,Etiqueteuse automatique,1002,45,95.51
2025-03-28,Convoyeur industriel,1068,44,95.88
2025-03-28,Machine de controle qualite par vision,1104,46,95.83
2025-03-28,Machine de palettisation automatique,1156,56,95.16
2025-03-29,Machine CNC,798,60,92.48
2025-03-29,Tour industriel,855,63,92.63
2025-03-29,Fraiseuse industrielle,829,48,94.21
2025-03-29,Perceuse a colonne,772,47,93.91
2025-03-29,Presse hydraulique,805,46,94.29
2025-03-29,Presse mecanique,780,31,96.03
2025-03-29,Machine de decoupe laser,784,20,97.45
2025-03-29,Machine de decoupe plasma,802,51,93.64
2025-03-29,Machine de soudage robotisee,818,48,94.13
2025-03-29,Robot assemblage,796,50,93.72
2025-03-29,Machine de moulage par injection,851,47,94.48
2025-03-29,Machine extrusion,882,54,93.88
2025-03-29,Machine de pliage,906,48,94.7
2025-03-29,Machine de polissage,947,37,96.09
2025-03-29,Machine de peinture industrielle,998,71,92.89
2025-03-29,Machine emballage,951,65,93.17
2025-03-29,Etiqueteuse automatique,1075,43,96.0
2025-03-29,Convoyeur industriel,1028,50,95.14
2025-03-29,Machine de controle qualite par vision,1032,46,95.54
2025-03-29,Machine de palettisation automatique,1099,47,95.72
2025-03-30,Machine CNC,741,57,92.31
2025-03-30,Tour industriel,802,53,93.39
2025-03-30,Fraiseuse industrielle,750,58,92.27
2025-03-30,Perceuse a colonne,813,53,93.48
2025-03-30,Presse hydraulique,751,42,94.41
2025-03-30,Presse mecanique,783,38,95.15
2025-03-30,Machine de decoupe laser,818,24,NaN
2025-03-30,Machine de decoupe plasma,796,45,94.35
2025-03-30,Machine de soudage robotisee,831,51,93.86
2025-03-30,Robot assemblage,863,57,93.4
2025-03-30,Machine de moulage par injection,902,47,94.79
2025-03-30,Machine extrusion,899,50,94.44
2025-03-30,Machine de pliage,882,48,94.56
2025-03-30,Machine de polissage,914,36,96.06
2025-03-30,Machine de peinture industrielle,944,65,93.11
2025-03-30,Machine emballage,963,56,94.18
2025-03-30,Etiqueteuse automatique,987,48,95.14
2025-03-30,Convoyeur industriel,1000,52,94.8
2025-03-30,Machine de controle qualite par vision,1024,43,95.8
2025-03-30,Machine de palettisation automatique,1007,44,95.63
2025-03-31,Machine CNC,767,56,92.7
2025-03-31,Tour industriel,700,54,92.29
2025-03-31,Fraiseuse industrielle,791,55,93.05
2025-03-31,Perceuse a colonne,752,45,94.02
2025-03-31,Presse hydraulique,820,39,95.24
2025-03-31,Presse mecanique,833,31,96.28
2025-03-31,Machine de decoupe laser,826,14,NaN
2025-03-31,Machine de decoupe plasma,848,56,93.4
2025-03-31,Machine de soudage robotisee,897,50,94.43
2025-03-31,Robot assemblage,873,54,93.81
2025-03-31,Machine de moulage par injection,915,65,92.9
2025-03-31,Machine extrusion,948,63,93.35
2025-03-31,Machine de pliage,926,48,94.82
2025-03-31,Machine de polissage,878,31,96.47
2025-03-31,Machine de peinture industrielle,926,75,91.9
2025-03-31,Machine emballage,961,58,93.96
2025-03-31,Etiqueteuse automatique,946,47,95.03
2025-03-31,Convoyeur industriel,1005,38,96.22
2025-03-31,Machine de controle qualite par vision,1037,55,94.7
2025-03-31,Machine de palettisation automatique,1031,47,95.44
2025-04-01,Machine CNC,749,54,92.79
2025-04-01,Tour industriel,835,57,93.17
2025-04-01,Fraiseuse industrielle,796,57,92.84
2025-04-01,Perceuse a colonne,864,57,93.4
2025-04-01,Presse hydraulique,839,38,95.47
2025-04-01,Presse mecanique,878,32,96.36
2025-04-01,Machine de decoupe laser,848,16,98.11
2025-04-01,Machine de decoupe plasma,849,54,93.64
2025-04-01,Machine de soudage robotisee,870,64,92.64
2025-04-01,Robot assemblage,883,54,93.88
2025-04-01,Machine de moulage par injection,861,55,93.61
2025-04-01,Machine extrusion,906,52,94.26
2025-04-01,Machine de pliage,864,40,95.37
2025-04-01,Machine de polissage,842,37,95.61
2025-04-01,Machine de peinture industrielle,854,59,93.09
2025-04-01,Machine emballage,893,54,93.95
2025-04-01,Etiqueteuse automatique,937,56,94.02
2025-04-01,Convoyeur industriel,NaN,39,96.0
2025-04-01,Machine de controle qualite par vision,988,48,95.14
2025-04-01,Machine de palettisation automatique,1050,53,94.95
2025-04-02,Machine CNC,799,63,92.12
2025-04-02,Tour industriel,832,65,92.19
2025-04-02,Fraiseuse industrielle,883,68,92.3
2025-04-02,Perceuse a colonne,864,54,93.75
2025-04-02,Presse hydraulique,881,39,95.57
2025-04-02,Presse mecanique,881,26,97.05
2025-04-02,Machine de decoupe laser,872,19,97.82
2025-04-02,Machine de decoupe plasma,891,54,93.94
2025-04-02,Machine de soudage robotisee,908,58,93.61
2025-04-02,Robot assemblage,903,55,93.91
2025-04-02,Machine de moulage par injection,820,57,93.05
2025-04-02,Machine extrusion,860,51,94.07
2025-04-02,Machine de pliage,807,41,94.92
2025-04-02,Machine de polissage,839,31,96.31
2025-04-02,Machine de peinture industrielle,891,63,92.93
2025-04-02,Machine emballage,917,55,94.0
2025-04-02,Etiqueteuse automatique,984,41,95.83
2025-04-02,Convoyeur industriel,966,49,94.93
2025-04-02,Machine de controle qualite par vision,997,42,95.79
2025-04-02,Machine de palettisation automatique,1108,58,94.77
2025-04-03,Machine CNC,842,64,92.4
2025-04-03,Tour industriel,848,72,91.51
2025-04-03,Fraiseuse industrielle,848,69,91.86
2025-04-03,Perceuse a colonne,843,57,93.24
2025-04-03,Presse hydraulique,868,42,95.16
2025-04-03,Presse mecanique,815,27,96.69
2025-04-03,Machine de decoupe laser,850,11,98.71
2025-04-03,Machine de decoupe plasma,805,48,94.04
2025-04-03,Machine de soudage robotisee,786,46,94.15
2025-04-03,Robot assemblage,778,50,93.57
2025-04-03,Machine de moulage par injection,841,51,93.94
2025-04-03,Machine extrusion,869,58,93.33
2025-04-03,Machine de pliage,805,38,95.28
2025-04-03,Machine de polissage,886,28,96.84
2025-04-03,Machine de peinture industrielle,903,53,94.13
2025-04-03,Machine emballage,959,57,94.06
2025-04-03,Etiqueteuse automatique,974,56,94.25
2025-04-03,Convoyeur industriel,1035,52,94.98
2025-04-03,Machine de controle qualite par vision,1054,51,95.16
2025-04-03,Machine de palettisation automatique,1145,65,94.32
2025-04-04,Machine CNC,820,62,92.44
2025-04-04,Tour industriel,824,62,92.48
2025-04-04,Fraiseuse industrielle,834,63,92.45
2025-04-04,Perceuse a colonne,859,53,93.83
2025-04-04,Presse hydraulique,810,40,95.06
2025-04-04,Presse mecanique,769,22,97.14
2025-04-04,Machine de decoupe laser,832,20,97.6
2025-04-04,Machine de decoupe plasma,819,49,94.02
2025-04-04,Machine de soudage robotisee,806,48,94.04
2025-04-04,Robot assemblage,822,57,93.07
2025-04-04,Machine de moulage par injection,810,48,94.07
2025-04-04,Machine extrusion,840,54,93.57
2025-04-04,Machine de pliage,868,37,95.74
2025-04-04,Machine de polissage,894,27,96.98
2025-04-04,Machine de peinture industrielle,952,54,94.33
2025-04-04,Machine emballage,903,51,94.35
2025-04-04,Etiqueteuse automatique,990,56,94.34
2025-04-04,Convoyeur industriel,1059,51,95.18
2025-04-04,Machine de controle qualite par vision,1093,62,94.33
2025-04-04,Machine de palettisation automatique,1165,60,94.85
2025-04-05,Machine CNC,790,62,92.15
2025-04-05,Tour industriel,769,57,92.59
2025-04-05,Fraiseuse industrielle,814,65,92.01
2025-04-05,Perceuse a colonne,849,53,93.76
2025-04-05,Presse hydraulique,796,27,96.61
2025-04-05,Presse mecanique,793,25,96.85
2025-04-05,Machine de decoupe laser,811,19,97.66
2025-04-05,Machine de decoupe plasma,779,50,93.58
2025-04-05,Machine de soudage robotisee,782,55,92.97
2025-04-05,Robot assemblage,791,52,93.43
2025-04-05,Machine de moulage par injection,816,65,NaN
2025-04-05,Machine extrusion,917,50,94.55
2025-04-05,Machine de pliage,892,34,96.19
2025-04-05,Machine de polissage,930,28,96.99
2025-04-05,Machine de peinture industrielle,972,64,93.42
2025-04-05,Machine emballage,997,51,94.88
2025-04-05,Etiqueteuse automatique,1009,47,95.34
2025-04-05,Convoyeur industriel,1035,55,94.69
2025-04-05,Machine de controle qualite par vision,1124,58,94.84
2025-04-05,Machine de palettisation automatique,1088,53,95.13
2025-04-06,Machine CNC,734,64,91.28
2025-04-06,Tour industriel,784,63,91.96
2025-04-06,Fraiseuse industrielle,750,57,92.4
2025-04-06,Perceuse a colonne,826,43,94.79
2025-04-06,Presse hydraulique,832,42,94.95
2025-04-06,Presse mecanique,799,22,97.25
2025-04-06,Machine de decoupe laser,770,18,97.66
2025-04-06,Machine de decoupe plasma,741,50,93.25
2025-04-06,Machine de soudage robotisee,827,56,93.23
2025-04-06,Robot assemblage,819,61,92.55
2025-04-06,Machine de moulage par injection,906,61,93.27
2025-04-06,Machine extrusion,889,56,93.7
2025-04-06,Machine de pliage,894,39,95.64
2025-04-06,Machine de polissage,896,26,97.1
2025-04-06,Machine de peinture industrielle,972,65,93.31
2025-04-06,Machine emballage,980,54,94.49
2025-04-06,Etiqueteuse automatique,1001,43,95.7
2025-04-06,Convoyeur industriel,1015,53,94.78
2025-04-06,Machine de controle qualite par vision,1054,57,94.59
2025-04-06,Machine de palettisation automatique,1065,58,94.55
2025-04-07,Machine CNC,769,58,92.46
2025-04-07,Tour industriel,763,66,91.35
2025-04-07,Fraiseuse industrielle,797,55,93.1
2025-04-07,Perceuse a colonne,814,47,94.23
2025-04-07,Presse hydraulique,872,43,95.07
2025-04-07,Presse mecanique,870,23,97.36
2025-04-07,Machine de decoupe laser,864,11,98.73
2025-04-07,Machine de decoupe plasma,857,63,92.65
2025-04-07,Machine de soudage robotisee,819,57,93.04
2025-04-07,Robot assemblage,924,60,93.51
2025-04-07,Machine de moulage par injection,843,57,93.24
2025-04-07,Machine extrusion,909,59,93.51
2025-04-07,Machine de pliage,896,37,95.87
2025-04-07,Machine de polissage,995,25,97.49
2025-04-07,Machine de peinture industrielle,916,61,93.34
2025-04-07,Machine emballage,959,61,93.64
2025-04-07,Etiqueteuse automatique,1006,58,94.23
2025-04-07,Convoyeur industriel,977,52,94.68
2025-04-07,Machine de controle qualite par vision,984,50,94.92
2025-04-07,Machine de palettisation automatique,1023,41,95.99
2025-04-08,Machine CNC,742,67,90.97
2025-04-08,Tour industriel,776,64,91.75
2025-04-08,Fraiseuse industrielle,789,54,93.16
2025-04-08,Perceuse a colonne,803,54,93.28
2025-04-08,Presse hydraulique,834,37,95.56
2025-04-08,Presse mecanique,862,28,96.75
2025-04-08,Machine de decoupe laser,882,15,98.3
2025-04-08,Machine de decoupe plasma,893,67,92.5
2025-04-08,Machine de soudage robotisee,831,58,93.02
2025-04-08,Robot assemblage,935,72,92.3
2025-04-08,Machine de moulage par injection,830,56,93.25
2025-04-08,Machine extrusion,898,57,93.65
2025-04-08,Machine de pliage,910,44,95.16
2025-04-08,Machine de polissage,850,29,96.59
2025-04-08,Machine de peinture industrielle,923,61,93.39
2025-04-08,Machine emballage,988,46,95.34
2025-04-08,Etiqueteuse automatique,989,54,94.54
2025-04-08,Convoyeur industriel,951,57,94.01
2025-04-08,Machine de controle qualite par vision,983,53,94.61
2025-04-08,Machine de palettisation automatique,1069,55,94.86
2025-04-09,Machine CNC,820,70,91.46
2025-04-09,Tour industriel,853,71,91.68
2025-04-09,Fraiseuse industrielle,907,65,92.83
2025-04-09,Perceuse a colonne,848,51,93.99
2025-04-09,Presse hydraulique,888,37,95.83
2025-04-09,Presse mecanique,918,32,96.51
2025-04-09,Machine de decoupe laser,931,9,99.03
2025-04-09,Machine de decoupe plasma,850,57,93.29
2025-04-09,Machine de soudage robotisee,861,62,92.8
2025-04-09,Robot assemblage,852,62,92.72
2025-04-09,Machine de moulage par injection,822,54,93.43
2025-04-09,Machine extrusion,805,49,93.91
2025-04-09,Machine de pliage,844,37,95.62
2025-04-09,Machine de polissage,858,23,97.32
2025-04-09,Machine de peinture industrielle,871,62,92.88
2025-04-09,Machine emballage,888,48,94.59
2025-04-09,Etiqueteuse automatique,957,53,94.46
2025-04-09,Convoyeur industriel,1019,49,95.19
2025-04-09,Machine de controle qualite par vision,1060,65,93.87
2025-04-09,Machine de palettisation automatique,1140,69,93.95
2025-04-10,Machine CNC,848,78,90.8
2025-04-10,Tour industriel,851,70,91.77
2025-04-10,Fraiseuse industrielle,924,66,92.86
2025-04-10,Perceuse a colonne,881,49,94.44
2025-04-10,Presse hydraulique,856,39,95.44
2025-04-10,Presse mecanique,843,21,97.51
2025-04-10,Machine de decoupe laser,849,18,97.88
2025-04-10,Machine de decoupe plasma,840,55,93.45
2025-04-10,Machine de soudage robotisee,823,65,92.1
2025-04-10,Robot assemblage,803,54,93.28
2025-04-10,Machine de moulage par injection,798,51,93.61
2025-04-10,Machine extrusion,809,40,95.06
2025-04-10,Machine de pliage,840,44,94.76
2025-04-10,Machine de polissage,929,21,97.74
2025-04-10,Machine de peinture industrielle,919,57,93.8
2025-04-10,Machine emballage,928,55,94.07
2025-04-10,Etiqueteuse automatique,968,55,94.32
2025-04-10,Convoyeur industriel,1042,55,94.72
2025-04-10,Machine de controle qualite par vision,1092,70,93.59
2025-04-10,Machine de palettisation automatique,1105,55,95.02
2025-04-11,Machine CNC,850,75,91.18
2025-04-11,Tour industriel,839,69,91.78
2025-04-11,Fraiseuse industrielle,835,58,93.05
2025-04-11,Perceuse a colonne,850,42,95.06
2025-04-11,Presse hydraulique,843,27,96.8
2025-04-11,Presse mecanique,803,16,98.01
2025-04-11,Machine de decoupe laser,809,16,98.02
2025-04-11,Machine de decoupe plasma,773,55,92.88
2025-04-11,Machine de soudage robotisee,775,60,92.26
2025-04-11,Robot assemblage,810,56,93.09
2025-04-11,Machine de moulage par injection,766,51,93.34
2025-04-11,Machine extrusion,794,39,95.09
2025-04-11,Machine de pliage,855,28,96.73
2025-04-11,Machine de polissage,819,22,97.31
2025-04-11,Machine de peinture industrielle,953,63,93.39
2025-04-11,Machine emballage,943,58,93.85
2025-04-11,Etiqueteuse automatique,1062,56,94.73
2025-04-11,Convoyeur industriel,998,59,94.09
2025-04-11,Machine de controle qualite par vision,1046,56,94.65
2025-04-11,Machine de palettisation automatique,1122,54,95.19
2025-04-12,Machine CNC,782,71,90.92
2025-04-12,Tour industriel,773,65,91.59
2025-04-12,Fraiseuse industrielle,832,59,92.91
2025-04-12,Perceuse a colonne,817,46,94.37
2025-04-12,Presse hydraulique,790,32,95.95
2025-04-12,Presse mecanique,812,21,97.41
2025-04-12,Machine de decoupe laser,735,14,98.1
2025-04-12,Machine de decoupe plasma,785,56,92.87
2025-04-12,Machine de soudage robotisee,787,58,92.63
2025-04-12,Robot assemblage,788,61,92.26
2025-04-12,Machine de moulage par injection,842,57,93.23
2025-04-12,Machine extrusion,812,44,94.58
2025-04-12,Machine de pliage,888,37,95.83
2025-04-12,Machine de polissage,919,19,97.93
2025-04-12,Machine de peinture industrielle,947,61,93.56
2025-04-12,Machine emballage,1044,70,93.3
2025-04-12,Etiqueteuse automatique,1034,75,92.75
2025-04-12,Convoyeur industriel,1096,69,93.7
2025-04-12,Machine de controle qualite par vision,1120,65,94.2
2025-04-12,Machine de palettisation automatique,1121,53,95.27
2025-04-13,Machine CNC,725,64,91.17
2025-04-13,Tour industriel,786,71,90.97
2025-04-13,Fraiseuse industrielle,845,64,92.43
2025-04-13,Perceuse a colonne,719,37,94.85
2025-04-13,Presse hydraulique,770,31,95.97
2025-04-13,Presse mecanique,761,23,96.98
2025-04-13,Machine de decoupe laser,791,17,97.85
2025-04-13,Machine de decoupe plasma,818,59,92.79
2025-04-13,Machine de soudage robotisee,826,63,92.37
2025-04-13,Robot assemblage,816,58,92.89
2025-04-13,Machine de moulage par injection,889,57,93.59
2025-04-13,Machine extrusion,894,46,94.85
2025-04-13,Machine de pliage,894,35,96.09
2025-04-13,Machine de polissage,985,24,97.56
2025-04-13,Machine de peinture industrielle,959,64,93.33
2025-04-13,Machine emballage,996,61,93.88
2025-04-13,Etiqueteuse automatique,1056,59,94.41
2025-04-13,Convoyeur industriel,1028,69,93.29
2025-04-13,Machine de controle qualite par vision,1066,63,94.09
2025-04-13,Machine de palettisation automatique,1108,47,95.76
2025-04-14,Machine CNC,746,71,90.48
2025-04-14,Tour industriel,712,58,91.85
2025-04-14,Fraiseuse industrielle,719,52,92.77
2025-04-14,Perceuse a colonne,754,32,95.76
2025-04-14,Presse hydraulique,787,32,95.93
2025-04-14,Presse mecanique,798,24,96.99
2025-04-14,Machine de decoupe laser,815,26,96.81
2025-04-14,Machine de decoupe plasma,853,63,92.61
2025-04-14,Machine de soudage robotisee,876,68,92.24
2025-04-14,Robot assemblage,879,65,92.61
2025-04-14,Machine de moulage par injection,864,50,94.21
2025-04-14,Machine extrusion,933,50,94.64
2025-04-14,Machine de pliage,925,38,95.89
2025-04-14,Machine de polissage,904,26,97.12
2025-04-14,Machine de peinture industrielle,966,58,94.0
2025-04-14,Machine emballage,932,54,94.21
2025-04-14,Etiqueteuse automatique,972,52,94.65
2025-04-14,Convoyeur industriel,992,69,93.04
2025-04-14,Machine de controle qualite par vision,1064,59,94.45
2025-04-14,Machine de palettisation automatique,1004,50,95.02
2025-04-15,Machine CNC,816,72,91.18
2025-04-15,Tour industriel,746,56,92.49
2025-04-15,Fraiseuse industrielle,820,57,93.05
2025-04-15,Perceuse a colonne,809,43,94.68
2025-04-15,Presse hydraulique,831,22,97.35
2025-04-15,Presse mecanique,892,25,97.2
2025-04-15,Machine de decoupe laser,901,21,97.67
2025-04-15,Machine de decoupe plasma,848,65,92.33
2025-04-15,Machine de soudage robotisee,895,70,92.18
2025-04-15,Robot assemblage,878,59,93.28
2025-04-15,Machine de moulage par injection,892,44,95.07
2025-04-15,Machine extrusion,929,46,95.05
2025-04-15,Machine de pliage,918,31,96.62
2025-04-15,Machine de polissage,904,20,97.79
2025-04-15,Machine de peinture industrielle,900,55,93.89
2025-04-15,Machine emballage,926,56,93.95
2025-04-15,Etiqueteuse automatique,961,58,93.96
2025-04-15,Convoyeur industriel,1001,62,93.81
2025-04-15,Machine de controle qualite par vision,998,67,93.29
2025-04-15,Machine de palettisation automatique,1060,55,94.81
2025-04-16,Machine CNC,772,71,90.8
2025-04-16,Tour industriel,797,67,91.59
2025-04-16,Fraiseuse industrielle,839,44,94.76
2025-04-16,Perceuse a colonne,878,34,96.13
2025-04-16,Presse hydraulique,867,35,95.96
2025-04-16,Presse mecanique,902,28,96.9
2025-04-16,Machine de decoupe laser,865,18,97.92
2025-04-16,Machine de decoupe plasma,834,71,91.49
2025-04-16,Machine de soudage robotisee,883,64,92.75
2025-04-16,Robot assemblage,840,60,92.86
2025-04-16,Machine de moulage par injection,808,52,93.56
2025-04-16,Machine extrusion,846,33,96.1
2025-04-16,Machine de pliage,858,29,96.62
2025-04-16,Machine de polissage,858,18,97.9
2025-04-16,Machine de peinture industrielle,869,54,93.79
2025-04-16,Machine emballage,909,53,94.17
2025-04-16,Etiqueteuse automatique,1005,62,93.83
2025-04-16,Convoyeur industriel,1059,68,93.58
2025-04-16,Machine de controle qualite par vision,1063,58,94.54
2025-04-16,Machine de palettisation automatique,1092,56,94.87
2025-04-17,Machine CNC,829,76,90.83
2025-04-17,Tour industriel,840,66,92.14
2025-04-17,Fraiseuse industrielle,884,57,93.55
2025-04-17,Perceuse a colonne,834,38,95.44
2025-04-17,Presse hydraulique,883,24,97.28
2025-04-17,Presse mecanique,840,18,97.86
2025-04-17,Machine de decoupe laser,868,25,97.12
2025-04-17,Machine de decoupe plasma,810,68,91.6
2025-04-17,Machine de soudage robotisee,817,68,91.68
2025-04-17,Robot assemblage,790,60,92.41
2025-04-17,Machine de moulage par injection,771,46,94.03
2025-04-17,Machine extrusion,780,41,94.74
2025-04-17,Machine de pliage,850,24,97.18
2025-04-17,Machine de polissage,817,13,98.41
2025-04-17,Machine de peinture industrielle,892,58,93.5
2025-04-17,Machine emballage,943,65,93.11
2025-04-17,Etiqueteuse automatique,981,67,93.17
2025-04-17,Convoyeur industriel,1078,63,94.16
2025-04-17,Machine de controle qualite par vision,1112,64,94.24
2025-04-17,Machine de palettisation automatique,1159,47,95.94
2025-04-18,Machine CNC,824,70,91.5
2025-04-18,Tour industriel,839,70,91.66
2025-04-18,Fraiseuse industrielle,837,43,94.86
2025-04-18,Perceuse a colonne,848,39,95.4
2025-04-18,Presse hydraulique,833,24,97.12
2025-04-18,Presse mecanique,841,31,96.31
2025-04-18,Machine de decoupe laser,858,14,98.37
2025-04-18,Machine de decoupe plasma,784,67,91.45
2025-04-18,Machine de soudage robotisee,765,56,92.68
2025-04-18,Robot assemblage,772,67,91.32
2025-04-18,Machine de moulage par injection,813,49,93.97
2025-04-18,Machine extrusion,835,39,95.33
2025-04-18,Machine de pliage,874,26,97.03
2025-04-18,Machine de polissage,859,18,97.9
2025-04-18,Machine de peinture industrielle,936,59,93.7
2025-04-18,Machine emballage,970,62,93.61
2025-04-18,Etiqueteuse automatique,993,70,92.95
2025-04-18,Convoyeur industriel,1070,73,93.18
2025-04-18,Machine de controle qualite par vision,1091,73,93.31
2025-04-18,Machine de palettisation automatique,1159,48,95.86
2025-04-19,Machine CNC,801,64,92.01
2025-04-19,Tour industriel,853,59,93.08
2025-04-19,Fraiseuse industrielle,NaN,47,94.05
2025-04-19,Perceuse a colonne,775,35,95.48
2025-04-19,Presse hydraulique,736,24,96.74
2025-04-19,Presse mecanique,788,21,97.34
2025-04-19,Machine de decoupe laser,790,22,97.22
2025-04-19,Machine de decoupe plasma,781,65,91.68
2025-04-19,Machine de soudage robotisee,807,68,91.57
2025-04-19,Robot assemblage,798,66,91.73
2025-04-19,Machine de moulage par injection,833,47,94.36
2025-04-19,Machine extrusion,925,37,96.0
2025-04-19,Machine de pliage,934,32,96.57
2025-04-19,Machine de polissage,925,21,97.73
2025-04-19,Machine de peinture industrielle,1006,63,93.74
2025-04-19,Machine emballage,1002,62,93.81
2025-04-19,Etiqueteuse automatique,1066,67,93.71
2025-04-19,Convoyeur industriel,1100,67,NaN
2025-04-19,Machine de controle qualite par vision,1084,57,94.74
2025-04-19,Machine de palettisation automatique,1160,49,95.78
2025-04-20,Machine CNC,795,66,91.7
2025-04-20,Tour industriel,769,61,92.07
2025-04-20,Fraiseuse industrielle,778,48,93.83
2025-04-20,Perceuse a colonne,758,31,95.91
2025-04-20,Presse hydraulique,799,28,96.5
2025-04-20,Presse mecanique,NaN,26,96.51
2025-04-20,Machine de decoupe laser,763,22,97.12
2025-04-20,Machine de decoupe plasma,798,65,91.85
2025-04-20,Machine de soudage robotisee,864,79,90.86
2025-04-20,Robot assemblage,835,59,92.93
2025-04-20,Machine de moulage par injection,902,52,94.24
2025-04-20,Machine extrusion,894,37,95.86
2025-04-20,Machine de pliage,907,24,97.35
2025-04-20,Machine de polissage,921,11,98.81
2025-04-20,Machine de peinture industrielle,928,57,93.86
2025-04-20,Machine emballage,987,71,92.81
2025-04-20,Etiqueteuse automatique,1010,64,NaN
2025-04-20,Convoyeur industriel,1062,70,93.41
2025-04-20,Machine de controle qualite par vision,1026,56,94.54
2025-04-20,Machine de palettisation automatique,1083,43,96.03
2025-04-21,Machine CNC,720,74,89.72
2025-04-21,Tour industriel,751,56,92.54
2025-04-21,Fraiseuse industrielle,781,43,94.49
2025-04-21,Perceuse a colonne,803,32,96.01
2025-04-21,Presse hydraulique,807,22,97.27
2025-04-21,Presse mecanique,830,23,97.23
2025-04-21,Machine de decoupe laser,846,26,96.93
2025-04-21,Machine de decoupe plasma,813,64,92.13
2025-04-21,Machine de soudage robotisee,903,73,91.92
2025-04-21,Robot assemblage,844,54,93.6
2025-04-21,Machine de moulage par injection,884,47,94.68
2025-04-21,Machine extrusion,876,43,95.09
2025-04-21,Machine de pliage,953,25,97.38
2025-04-21,Machine de polissage,922,NaN,98.92
2025-04-21,Machine de peinture industrielle,953,63,93.39
2025-04-21,Machine emballage,957,59,93.83
2025-04-21,Etiqueteuse automatique,1013,77,92.4
2025-04-21,Convoyeur industriel,979,60,93.87
2025-04-21,Machine de controle qualite par vision,1050,62,94.1
2025-04-21,Machine de palettisation automatique,1070,38,96.45
2025-04-22,Machine CNC,743,65,91.25
2025-04-22,Tour industriel,723,52,92.81
2025-04-22,Fraiseuse industrielle,802,47,94.14
2025-04-22,Perceuse a colonne,831,36,95.67
2025-04-22,Presse hydraulique,820,27,96.71
2025-04-22,Presse mecanique,832,25,97.0
2025-04-22,Machine de decoupe laser,854,22,97.42
2025-04-22,Machine de decoupe plasma,858,68,92.07
2025-04-22,Machine de soudage robotisee,862,69,92.0
2025-04-22,Robot assemblage,908,61,93.28
2025-04-22,Machine de moulage par injection,888,52,94.14
2025-04-22,Machine extrusion,868,38,95.62
2025-04-22,Machine de pliage,884,25,97.17
2025-04-22,Machine de polissage,895,22,97.54
2025-04-22,Machine de peinture industrielle,891,60,93.27
2025-04-22,Machine emballage,907,65,92.83
2025-04-22,Etiqueteuse automatique,932,64,93.13
2025-04-22,Convoyeur industriel,974,65,93.33
2025-04-22,Machine de controle qualite par vision,1035,63,93.91
2025-04-22,Machine de palettisation automatique,1095,40,96.35
2025-04-23,Machine CNC,802,73,90.9
2025-04-23,Tour industriel,770,49,93.64
2025-04-23,Fraiseuse industrielle,836,35,95.81
2025-04-23,Perceuse a colonne,807,38,95.29
2025-04-23,Presse hydraulique,858,29,96.62
2025-04-23,Presse mecanique,860,31,96.4
2025-04-23,Machine de decoupe laser,877,30,96.58
2025-04-23,Machine de decoupe plasma,868,75,91.36
2025-04-23,Machine de soudage robotisee,827,58,92.99
2025-04-23,Robot assemblage,872,56,93.58
2025-04-23,Machine de moulage par injection,823,45,94.53
2025-04-23,Machine extrusion,864,38,95.6
2025-04-23,Machine de pliage,885,24,97.29
2025-04-23,Machine de polissage,878,16,98.18
2025-04-23,Machine de peinture industrielle,892,67,92.49
2025-04-23,Machine emballage,955,73,92.36
2025-04-23,Etiqueteuse automatique,972,66,93.21
2025-04-23,Convoyeur industriel,1003,70,93.02
2025-04-23,Machine de controle qualite par vision,1117,59,94.72
2025-04-23,Machine de palettisation automatique,1112,43,96.13
2025-04-24,Machine CNC,789,66,91.63
2025-04-24,Tour industriel,885,58,93.45
2025-04-24,Fraiseuse industrielle,845,45,94.67
2025-04-24,Perceuse a colonne,876,41,95.32
2025-04-24,Presse hydraulique,886,36,95.94
2025-04-24,Presse mecanique,811,30,96.3
2025-04-24,Machine de decoupe laser,762,27,96.46
2025-04-24,Machine de decoupe plasma,788,69,91.24
2025-04-24,Machine de soudage robotisee,774,63,91.86
2025-04-24,Robot assemblage,785,54,93.12
2025-04-24,Machine de moulage par injection,827,44,94.68
2025-04-24,Machine extrusion,803,29,96.39
2025-04-24,Machine de pliage,856,24,97.2
2025-04-24,Machine de polissage,838,9,98.93
2025-04-24,Machine de peinture industrielle,873,62,92.9
2025-04-24,Machine emballage,906,65,92.83
2025-04-24,Etiqueteuse automatique,986,73,92.6
2025-04-24,Convoyeur industriel,1089,73,93.3
2025-04-24,Machine de controle qualite par vision,1139,60,94.73
2025-04-24,Machine de palettisation automatique,1166,38,96.74
2025-04-25,Machine CNC,780,66,91.54
2025-04-25,Tour industriel,807,53,93.43
2025-04-25,Fraiseuse industrielle,848,42,95.05
2025-04-25,Perceuse a colonne,814,31,96.19
2025-04-25,Presse hydraulique,795,25,96.86
2025-04-25,Presse mecanique,803,22,97.26
2025-04-25,Machine de decoupe laser,741,27,96.36
2025-04-25,Machine de decoupe plasma,774,63,91.86
2025-04-25,Machine de soudage robotisee,776,68,91.24
2025-04-25,Robot assemblage,773,48,93.79
2025-04-25,Machine de moulage par injection,844,40,95.26
2025-04-25,Machine extrusion,818,27,96.7
2025-04-25,Machine de pliage,804,22,97.26
2025-04-25,Machine de polissage,905,24,97.35
2025-04-25,Machine de peinture industrielle,890,65,92.7
2025-04-25,Machine emballage,994,75,92.45
2025-04-25,Etiqueteuse automatique,1017,80,92.13
2025-04-25,Convoyeur industriel,1060,70,93.4
2025-04-25,Machine de controle qualite par vision,1136,51,95.51
2025-04-25,Machine de palettisation automatique,1121,36,96.79
2025-04-26,Machine CNC,782,64,91.82
2025-04-26,Tour industriel,789,54,93.16
2025-04-26,Fraiseuse industrielle,791,35,95.58
2025-04-26,Perceuse a colonne,810,31,96.17
2025-04-26,Presse hydraulique,779,25,96.79
2025-04-26,Presse mecanique,774,28,96.38
2025-04-26,Machine de decoupe laser,815,36,95.58
2025-04-26,Machine de decoupe plasma,780,63,91.92
2025-04-26,Machine de soudage robotisee,740,58,92.16
2025-04-26,Robot assemblage,838,62,92.6
2025-04-26,Machine de moulage par injection,808,39,95.17
2025-04-26,Machine extrusion,884,36,95.93
2025-04-26,Machine de pliage,853,22,97.42
2025-04-26,Machine de polissage,888,12,98.65
2025-04-26,Machine de peinture industrielle,950,68,92.84
2025-04-26,Machine emballage,1003,70,93.02
2025-04-26,Etiqueteuse automatique,1047,72,93.12
2025-04-26,Convoyeur industriel,1047,60,94.27
2025-04-26,Machine de controle qualite par vision,1101,52,95.28
2025-04-26,Machine de palettisation automatique,1126,32,97.16
2025-04-27,Machine CNC,778,68,91.26
2025-04-27,Tour industriel,770,52,93.25
2025-04-27,Fraiseuse industrielle,774,34,95.61
2025-04-27,Perceuse a colonne,741,23,96.9
2025-04-27,Presse hydraulique,724,32,95.58
2025-04-27,Presse mecanique,765,27,96.47
2025-04-27,Machine de decoupe laser,763,25,96.72
2025-04-27,Machine de decoupe plasma,829,75,90.95
2025-04-27,Machine de soudage robotisee,813,61,92.5
2025-04-27,Robot assemblage,863,55,93.63
2025-04-27,Machine de moulage par injection,897,45,94.98
2025-04-27,Machine extrusion,900,36,96.0
2025-04-27,Machine de pliage,943,23,97.56
2025-04-27,Machine de polissage,949,24,97.47
2025-04-27,Machine de peinture industrielle,1013,85,91.61
2025-04-27,Machine emballage,988,82,91.7
2025-04-27,Etiqueteuse automatique,1063,73,93.13
2025-04-27,Convoyeur industriel,1014,65,93.59
2025-04-27,Machine de controle qualite par vision,1084,59,94.56
2025-04-27,Machine de palettisation automatique,1080,39,96.39
2025-04-28,Machine CNC,733,59,91.95
2025-04-28,Tour industriel,713,46,93.55
2025-04-28,Fraiseuse industrielle,744,32,95.7
2025-04-28,Perceuse a colonne,721,32,95.56
2025-04-28,Presse hydraulique,792,32,95.96
2025-04-28,Presse mecanique,810,35,95.68
2025-04-28,Machine de decoupe laser,849,33,96.11
2025-04-28,Machine de decoupe plasma,809,71,91.22
2025-04-28,Machine de soudage robotisee,867,63,92.73
2025-04-28,Robot assemblage,888,51,94.26
2025-04-28,Machine de moulage par injection,874,36,95.88
2025-04-28,Machine extrusion,913,31,96.6
2025-04-28,Machine de pliage,905,22,97.57
2025-04-28,Machine de polissage,953,21,97.8
2025-04-28,Machine de peinture industrielle,963,73,92.42
2025-04-28,Machine emballage,1008,83,91.77
2025-04-28,Etiqueteuse automatique,989,71,92.82
2025-04-28,Convoyeur industriel,997,62,93.78
2025-04-28,Machine de controle qualite par vision,1050,52,95.05
2025-04-28,Machine de palettisation automatique,1085,41,96.22
2025-04-29,Machine CNC,751,59,92.14
2025-04-29,Tour industriel,698,40,94.27
2025-04-29,Fraiseuse industrielle,798,38,95.24
2025-04-29,Perceuse a colonne,794,32,95.97
2025-04-29,Presse hydraulique,819,33,95.97
2025-04-29,Presse mecanique,820,39,95.24
2025-04-29,Machine de decoupe laser,854,36,95.78
2025-04-29,Machine de decoupe plasma,859,77,91.04
2025-04-29,Machine de soudage robotisee,894,73,91.83
2025-04-29,Robot assemblage,883,52,94.11
2025-04-29,Machine de moulage par injection,841,40,95.24
2025-04-29,Machine extrusion,854,23,97.31
2025-04-29,Machine de pliage,920,21,97.72
2025-04-29,Machine de polissage,913,20,97.81
2025-04-29,Machine de peinture industrielle,927,67,92.77
2025-04-29,Machine emballage,927,73,92.13
2025-04-29,Etiqueteuse automatique,976,72,92.62
2025-04-29,Convoyeur industriel,978,60,93.87
2025-04-29,Machine de controle qualite par vision,1058,49,95.37
2025-04-29,Machine de palettisation automatique,1089,38,96.51
2025-04-30,Machine CNC,773,61,92.11
2025-04-30,Tour industriel,824,54,93.45
2025-04-30,Fraiseuse industrielle,778,35,95.5
2025-04-30,Perceuse a colonne,850,42,95.06
2025-04-30,Presse hydraulique,802,41,94.89
2025-04-30,Presse mecanique,854,38,95.55
2025-04-30,Machine de decoupe laser,803,38,95.27
2025-04-30,Machine de decoupe plasma,789,75,90.49
2025-04-30,Machine de soudage robotisee,868,60,93.09
2025-04-30,Robot assemblage,781,51,93.47
2025-04-30,Machine de moulage par injection,828,39,95.29
2025-04-30,Machine extrusion,828,29,96.5
2025-04-30,Machine de pliage,866,22,97.46
2025-04-30,Machine de polissage,891,17,98.09
2025-04-30,Machine de peinture industrielle,938,70,92.54
2025-04-30,Machine emballage,914,72,92.12
2025-04-30,Etiqueteuse automatique,988,74,92.51
2025-04-30,Convoyeur industriel,1049,59,94.38
2025-04-30,Machine de controle qualite par vision,1072,48,95.52
2025-04-30,Machine de palettisation automatique,1157,34,97.06
2025-05-01,Machine CNC,872,63,92.78
2025-05-01,Tour industriel,836,54,93.54
2025-05-01,Fraiseuse industrielle,851,37,95.65
2025-05-01,Perceuse a colonne,902,36,96.01
2025-05-01,Presse hydraulique,844,34,95.97
2025-05-01,Presse mecanique,880,43,95.11
2025-05-01,Machine de decoupe laser,830,34,95.9
2025-05-01,Machine de decoupe plasma,744,NaN,91.4
2025-05-01,Machine de soudage robotisee,845,67,92.07
2025-05-01,Robot assemblage,834,49,94.12
2025-05-01,Machine de moulage par injection,837,34,95.94
2025-05-01,Machine extrusion,811,29,96.42
2025-05-01,Machine de pliage,827,22,97.34
2025-05-01,Machine de polissage,905,19,97.9
2025-05-01,Machine de peinture industrielle,936,76,91.88
2025-05-01,Machine emballage,943,83,91.2
2025-05-01,Etiqueteuse automatique,1023,69,93.26
2025-05-01,Convoyeur industriel,1042,61,94.15
2025-05-01,Machine de controle qualite par vision,1107,47,95.75
2025-05-01,Machine de palettisation automatique,1169,39,96.66
2025-05-02,Machine CNC,799,66,91.74
2025-05-02,Tour industriel,821,46,94.4
2025-05-02,Fraiseuse industrielle,818,35,95.72
2025-05-02,Perceuse a colonne,800,38,95.25
2025-05-02,Presse hydraulique,816,31,96.2
2025-05-02,Presse mecanique,806,32,96.03
2025-05-02,Machine de decoupe laser,802,31,96.13
2025-05-02,Machine de decoupe plasma,732,61,91.67
2025-05-02,Machine de soudage robotisee,777,59,92.41
2025-05-02,Robot assemblage,809,48,94.07
2025-05-02,Machine de moulage par injection,783,30,96.17
2025-05-02,Machine extrusion,815,32,96.07
2025-05-02,Machine de pliage,827,16,98.07
2025-05-02,Machine de polissage,951,26,97.27
2025-05-02,Machine de peinture industrielle,959,74,92.28
2025-05-02,Machine emballage,1017,78,92.33
2025-05-02,Etiqueteuse automatique,1003,72,92.82
2025-05-02,Convoyeur industriel,1138,69,93.94
2025-05-02,Machine de controle qualite par vision,1140,50,95.61
2025-05-02,Machine de palettisation automatique,1138,26,97.72
2025-05-03,Machine CNC,775,54,93.03
2025-05-03,Tour industriel,818,49,94.01
2025-05-03,Fraiseuse industrielle,751,42,94.41
2025-05-03,Perceuse a colonne,739,31,95.81
2025-05-03,Presse hydraulique,803,30,96.26
2025-05-03,Presse mecanique,802,33,95.89
2025-05-03,Machine de decoupe laser,757,30,96.04
2025-05-03,Machine de decoupe plasma,766,64,91.64
2025-05-03,Machine de soudage robotisee,786,58,92.62
2025-05-03,Robot assemblage,801,43,94.63
2025-05-03,Machine de moulage par injection,822,39,95.26
2025-05-03,Machine extrusion,791,30,96.21
2025-05-03,Machine de pliage,890,26,97.08
2025-05-03,Machine de polissage,908,26,97.14
2025-05-03,Machine de peinture industrielle,1022,84,91.78
2025-05-03,Machine emballage,1008,79,92.16
2025-05-03,Etiqueteuse automatique,1057,66,93.76
2025-05-03,Convoyeur industriel,1076,64,94.05
2025-05-03,Machine de controle qualite par vision,1137,54,95.25
2025-05-03,Machine de palettisation automatique,1106,22,98.01
2025-05-04,Machine CNC,779,55,92.94
2025-05-04,Tour industriel,752,39,94.81
2025-05-04,Fraiseuse industrielle,747,34,95.45
2025-05-04,Perceuse a colonne,763,32,95.81
2025-05-04,Presse hydraulique,703,32,95.45
2025-05-04,Presse mecanique,801,36,95.51
2025-05-04,Machine de decoupe laser,788,32,95.94
2025-05-04,Machine de decoupe plasma,830,75,90.96
2025-05-04,Machine de soudage robotisee,851,63,92.6
2025-05-04,Robot assemblage,856,44,94.86
2025-05-04,Machine de moulage par injection,881,36,95.91
2025-05-04,Machine extrusion,881,28,96.82
2025-05-04,Machine de pliage,937,26,97.23
2025-05-04,Machine de polissage,914,27,97.05
2025-05-04,Machine de peinture industrielle,1051,87,91.72
2025-05-04,Machine emballage,976,85,91.29
2025-05-04,Etiqueteuse automatique,978,68,93.05
2025-05-04,Convoyeur industriel,1039,65,93.74
2025-05-04,Machine de controle qualite par vision,1091,48,95.6
2025-05-04,Machine de palettisation automatique,1083,30,97.23
2025-05-05,Machine CNC,794,57,92.82
2025-05-05,Tour industriel,756,41,94.58
2025-05-05,Fraiseuse industrielle,NaN,41,94.5
2025-05-05,Perceuse a colonne,763,31,95.94
2025-05-05,Presse hydraulique,781,37,95.26
2025-05-05,Presse mecanique,794,30,96.22
2025-05-05,Machine de decoupe laser,809,33,95.92
2025-05-05,Machine de decoupe plasma,803,68,91.53
2025-05-05,Machine de soudage robotisee,842,60,92.87
2025-05-05,Robot assemblage,888,46,94.82
2025-05-05,Machine de moulage par injection,844,32,96.21
2025-05-05,Machine extrusion,872,30,96.56
2025-05-05,Machine de pliage,961,27,97.19
2025-05-05,Machine de polissage,897,32,96.43
2025-05-05,Machine de peinture industrielle,939,75,92.01
2025-05-05,Machine emballage,956,84,91.21
2025-05-05,Etiqueteuse automatique,980,75,92.35
2025-05-05,Convoyeur industriel,1008,64,93.65
2025-05-05,Machine de controle qualite par vision,1041,47,95.49
2025-05-05,Machine de palettisation automatique,1107,32,97.11
2025-05-06,Machine CNC,735,54,92.65
2025-05-06,Tour industriel,799,42,94.74
2025-05-06,Fraiseuse industrielle,734,37,94.96
2025-05-06,Perceuse a colonne,805,40,95.03
2025-05-06,Presse hydraulique,828,40,95.17
2025-05-06,Presse mecanique,788,40,94.92
2025-05-06,Machine de decoupe laser,850,45,94.71
2025-05-06,Machine de decoupe plasma,871,68,92.19
2025-05-06,Machine de soudage robotisee,877,55,93.73
2025-05-06,Robot assemblage,902,40,95.57
2025-05-06,Machine de moulage par injection,860,33,96.16
2025-05-06,Machine extrusion,864,29,96.64
2025-05-06,Machine de pliage,853,18,97.89
2025-05-06,Machine de polissage,942,25,97.35
2025-05-06,Machine de peinture industrielle,888,70,92.12
2025-05-06,Machine emballage,923,76,91.77
2025-05-06,Etiqueteuse automatique,994,71,92.86
2025-05-06,Convoyeur industriel,1011,58,94.26
2025-05-06,Machine de controle qualite par vision,1037,35,96.62
2025-05-06,Machine de palettisation automatique,1097,25,97.72
2025-05-07,Machine CNC,757,51,93.26
2025-05-07,Tour industriel,803,42,94.77
2025-05-07,Fraiseuse industrielle,814,34,95.82
2025-05-07,Perceuse a colonne,818,36,95.6
2025-05-07,Presse hydraulique,844,38,95.5
2025-05-07,Presse mecanique,832,35,95.79
2025-05-07,Machine de decoupe laser,858,40,95.34
2025-05-07,Machine de decoupe plasma,802,61,92.39
2025-05-07,Machine de soudage robotisee,774,53,93.15
2025-05-07,Robot assemblage,873,45,94.85
2025-05-07,Machine de moulage par injection,865,33,96.18
2025-05-07,Machine extrusion,833,30,96.4
2025-05-07,Machine de pliage,850,38,95.53
2025-05-07,Machine de polissage,908,28,96.92
2025-05-07,Machine de peinture industrielle,917,75,91.82
2025-05-07,Machine emballage,876,67,92.35
2025-05-07,Etiqueteuse automatique,981,77,92.15
2025-05-07,Convoyeur industriel,1018,43,95.78
2025-05-07,Machine de controle qualite par vision,1051,46,95.62
2025-05-07,Machine de palettisation automatique,1088,25,97.7
2025-05-08,Machine CNC,870,54,93.79
2025-05-08,Tour industriel,822,43,94.77
2025-05-08,Fraiseuse industrielle,880,44,95.0
2025-05-08,Perceuse a colonne,849,43,94.94
2025-05-08,Presse hydraulique,814,37,95.45
2025-05-08,Presse mecanique,774,40,94.83
2025-05-08,Machine de decoupe laser,791,30,96.21
2025-05-08,Machine de decoupe plasma,798,68,91.48
2025-05-08,Machine de soudage robotisee,806,55,93.18
2025-05-08,Robot assemblage,805,47,94.16
2025-05-08,Machine de moulage par injection,856,36,95.79
2025-05-08,Machine extrusion,812,26,96.8
2025-05-08,Machine de pliage,870,28,96.78
2025-05-08,Machine de polissage,890,29,96.74
2025-05-08,Machine de peinture industrielle,936,85,90.92
2025-05-08,Machine emballage,932,68,92.7
2025-05-08,Etiqueteuse automatique,1025,68,93.37
2025-05-08,Convoyeur industriel,1056,52,95.08
2025-05-08,Machine de controle qualite par vision,1088,36,96.69
2025-05-08,Machine de palettisation automatique,1170,27,97.69
2025-05-09,Machine CNC,867,61,92.96
2025-05-09,Tour industriel,847,41,95.16
2025-05-09,Fraiseuse industrielle,856,40,95.33
2025-05-09,Perceuse a colonne,776,35,95.49
2025-05-09,Presse hydraulique,765,41,94.64
2025-05-09,Presse mecanique,774,38,95.09
2025-05-09,Machine de decoupe laser,813,33,95.94
2025-05-09,Machine de decoupe plasma,714,54,92.44
2025-05-09,Machine de soudage robotisee,761,50,93.43
2025-05-09,Robot assemblage,790,45,94.3
2025-05-09,Machine de moulage par injection,769,30,96.1
2025-05-09,Machine extrusion,816,30,96.32
2025-05-09,Machine de pliage,881,34,96.14
2025-05-09,Machine de polissage,870,27,96.9
2025-05-09,Machine de peinture industrielle,994,87,91.25
2025-05-09,Machine emballage,987,75,92.4
2025-05-09,Etiqueteuse automatique,1064,65,93.89
2025-05-09,Convoyeur industriel,1142,53,95.36
2025-05-09,Machine de controle qualite par vision,1141,47,95.88
2025-05-09,Machine de palettisation automatique,1153,23,98.01
2025-05-10,Machine CNC,816,57,93.01
2025-05-10,Tour industriel,745,38,94.9
2025-05-10,Fraiseuse industrielle,781,39,95.01
2025-05-10,Perceuse a colonne,793,43,94.58
2025-05-10,Presse hydraulique,754,44,94.16
2025-05-10,Presse mecanique,797,34,95.73
2025-05-10,Machine de decoupe laser,760,22,97.11
2025-05-10,Machine de decoupe plasma,779,66,91.53
2025-05-10,Machine de soudage robotisee,758,42,94.46
2025-05-10,Robot assemblage,732,31,95.77
2025-05-10,Machine de moulage par injection,836,25,97.01
2025-05-10,Machine extrusion,868,31,96.43
2025-05-10,Machine de pliage,928,32,96.55
2025-05-10,Machine de polissage,939,34,96.38
2025-05-10,Machine de peinture industrielle,965,87,90.98
2025-05-10,Machine emballage,967,77,92.04
2025-05-10,Etiqueteuse automatique,1121,73,93.49
2025-05-10,Convoyeur industriel,1122,58,94.83
2025-05-10,Machine de controle qualite par vision,1111,42,96.22
2025-05-10,Machine de palettisation automatique,1175,22,98.13
2025-05-11,Machine CNC,760,47,93.82
2025-05-11,Tour industriel,727,41,94.36
2025-05-11,Fraiseuse industrielle,735,38,94.83
2025-05-11,Perceuse a colonne,697,34,95.12
2025-05-11,Presse hydraulique,708,43,93.93
2025-05-11,Presse mecanique,763,36,95.28
2025-05-11,Machine de decoupe laser,724,28,96.13
2025-05-11,Machine de decoupe plasma,783,60,92.34
2025-05-11,Machine de soudage robotisee,740,44,94.05
2025-05-11,Robot assemblage,813,41,94.96
2025-05-11,Machine de moulage par injection,820,30,96.34
2025-05-11,Machine extrusion,895,37,95.87
2025-05-11,Machine de pliage,920,29,96.85
2025-05-11,Machine de polissage,978,36,96.32
2025-05-11,Machine de peinture industrielle,965,85,91.19
2025-05-11,Machine emballage,992,82,91.73
2025-05-11,Etiqueteuse automatique,1072,75,93.0
2025-05-11,Convoyeur industriel,1084,50,95.39
2025-05-11,Machine de controle qualite par vision,1071,30,97.2
2025-05-11,Machine de palettisation automatique,1088,31,97.15
2025-05-12,Machine CNC,741,50,93.25
2025-05-12,Tour industriel,718,43,94.01
2025-05-12,Fraiseuse industrielle,703,37,94.74
2025-05-12,Perceuse a colonne,792,46,94.19
2025-05-12,Presse hydraulique,669,38,94.32
2025-05-12,Presse mecanique,788,33,95.81
2025-05-12,Machine de decoupe laser,761,33,95.66
2025-05-12,Machine de decoupe plasma,819,66,91.94
2025-05-12,Machine de soudage robotisee,852,55,93.54
2025-05-12,Robot assemblage,893,46,94.85
2025-05-12,Machine de moulage par injection,868,40,95.39
2025-05-12,Machine extrusion,928,36,96.12
2025-05-12,Machine de pliage,905,30,96.69
2025-05-12,Machine de polissage,995,33,96.68
2025-05-12,Machine de peinture industrielle,907,80,91.18
2025-05-12,Machine emballage,1013,70,93.09
2025-05-12,Etiqueteuse automatique,1028,69,93.29
2025-05-12,Convoyeur industriel,1040,43,95.87
2025-05-12,Machine de controle qualite par vision,1058,29,97.26
2025-05-12,Machine de palettisation automatique,1089,33,96.97
2025-05-13,Machine CNC,731,49,93.3
2025-05-13,Tour industriel,807,43,94.67
2025-05-13,Fraiseuse industrielle,774,41,94.7
2025-05-13,Perceuse a colonne,791,41,94.82
2025-05-13,Presse hydraulique,802,42,94.76
2025-05-13,Presse mecanique,811,38,95.31
2025-05-13,Machine de decoupe laser,796,33,95.85
2025-05-13,Machine de decoupe plasma,848,61,92.81
2025-05-13,Machine de soudage robotisee,847,53,93.74
2025-05-13,Robot assemblage,843,38,95.49
2025-05-13,Machine de moulage par injection,899,31,96.55
2025-05-13,Machine extrusion,867,41,95.27
2025-05-13,Machine de pliage,885,32,96.38
2025-05-13,Machine de polissage,944,39,95.87
2025-05-13,Machine de peinture industrielle,956,85,91.11
2025-05-13,Machine emballage,945,76,91.96
2025-05-13,Etiqueteuse automatique,1006,71,92.94
2025-05-13,Convoyeur industriel,982,44,95.52
2025-05-13,Machine de controle qualite par vision,1055,38,96.4
2025-05-13,Machine de palettisation automatique,1092,31,97.16
2025-05-14,Machine CNC,785,50,93.63
2025-05-14,Tour industriel,804,45,94.4
2025-05-14,Fraiseuse industrielle,767,40,94.78
2025-05-14,Perceuse a colonne,833,45,94.6
2025-05-14,Presse hydraulique,830,NaN,94.34
2025-05-14,Presse mecanique,772,39,94.95
2025-05-14,Machine de decoupe laser,792,33,95.83
2025-05-14,Machine de decoupe plasma,835,60,92.81
2025-05-14,Machine de soudage robotisee,824,51,93.81
2025-05-14,Robot assemblage,808,35,95.67
2025-05-14,Machine de moulage par injection,818,32,96.09
2025-05-14,Machine extrusion,830,33,96.02
2025-05-14,Machine de pliage,872,29,NaN
2025-05-14,Machine de polissage,854,37,95.67
2025-05-14,Machine de peinture industrielle,940,78,91.7
2025-05-14,Machine emballage,959,73,92.39
2025-05-14,Etiqueteuse automatique,1003,51,94.92
2025-05-14,Convoyeur industriel,1050,46,95.62
2025-05-14,Machine de controle qualite par vision,1089,40,96.33
2025-05-14,Machine de palettisation automatique,1096,32,97.08
2025-05-15,Machine CNC,765,46,93.99
2025-05-15,Tour industriel,812,41,94.95
2025-05-15,Fraiseuse industrielle,816,41,94.98
2025-05-15,Perceuse a colonne,844,48,94.31
2025-05-15,Presse hydraulique,783,47,94.0
2025-05-15,Presse mecanique,781,40,94.88
2025-05-15,Machine de decoupe laser,799,21,97.37
2025-05-15,Machine de decoupe plasma,813,67,91.76
2025-05-15,Machine de soudage robotisee,877,53,93.96
2025-05-15,Robot assemblage,740,33,95.54
2025-05-15,Machine de moulage par injection,772,35,95.47
2025-05-15,Machine extrusion,837,32,96.18
2025-05-15,Machine de pliage,831,30,96.39
2025-05-15,Machine de polissage,842,28,NaN
2025-05-15,Machine de peinture industrielle,916,75,91.81
2025-05-15,Machine emballage,973,76,92.19
2025-05-15,Etiqueteuse automatique,1021,55,94.61
2025-05-15,Convoyeur industriel,1071,52,95.14
2025-05-15,Machine de controle qualite par vision,1105,36,96.74
2025-05-15,Machine de palettisation automatique,1154,35,96.97
2025-05-16,Machine CNC,805,52,93.54
2025-05-16,Tour industriel,820,45,94.51
2025-05-16,Fraiseuse industrielle,803,47,94.15
2025-05-16,Perceuse a colonne,781,41,94.75
2025-05-16,Presse hydraulique,825,49,94.06
2025-05-16,Presse mecanique,801,42,94.76
2025-05-16,Machine de decoupe laser,735,27,96.33
2025-05-16,Machine de decoupe plasma,780,52,NaN
2025-05-16,Machine de soudage robotisee,760,46,93.95
2025-05-16,Robot assemblage,778,37,95.24
2025-05-16,Machine de moulage par injection,840,36,95.71
2025-05-16,Machine extrusion,839,37,95.59
2025-05-16,Machine de pliage,902,34,96.23
2025-05-16,Machine de polissage,902,39,95.68
2025-05-16,Machine de peinture industrielle,938,83,91.15
2025-05-16,Machine emballage,988,72,92.71
2025-05-16,Etiqueteuse automatique,1087,64,94.11
2025-05-16,Convoyeur industriel,1124,48,95.73
2025-05-16,Machine de controle qualite par vision,1116,38,96.59
2025-05-16,Machine de palettisation automatique,1148,29,97.47
2025-05-17,Machine CNC,832,50,93.99
2025-05-17,Tour industriel,739,45,93.91
2025-05-17,Fraiseuse industrielle,744,40,94.62
2025-05-17,Perceuse a colonne,824,51,93.81
2025-05-17,Presse hydraulique,775,47,93.94
2025-05-17,Presse mecanique,770,39,94.94
2025-05-17,Machine de decoupe laser,712,25,96.49
2025-05-17,Machine de decoupe plasma,761,55,92.77
2025-05-17,Machine de soudage robotisee,750,44,94.13
2025-05-17,Robot assemblage,756,35,95.37
2025-05-17,Machine de moulage par injection,853,43,94.96
2025-05-17,Machine extrusion,856,35,95.91
2025-05-17,Machine de pliage,931,40,95.7
2025-05-17,Machine de polissage,1011,44,95.65
2025-05-17,Machine de peinture industrielle,1010,88,91.29
2025-05-17,Machine emballage,1064,75,92.95
2025-05-17,Etiqueteuse automatique,1113,55,95.06
2025-05-17,Convoyeur industriel,1072,45,95.8
2025-05-17,Machine de controle qualite par vision,1078,31,97.12
2025-05-17,Machine de palettisation automatique,1150,40,96.52
2025-05-18,Machine CNC,753,46,93.89
2025-05-18,Tour industriel,718,45,93.73
2025-05-18,Fraiseuse industrielle,745,43,94.23
2025-05-18,Perceuse a colonne,790,50,93.67
2025-05-18,Presse hydraulique,761,44,94.22
2025-05-18,Presse mecanique,724,34,95.3
2025-05-18,Machine de decoupe laser,790,23,97.09
2025-05-18,Machine de decoupe plasma,801,56,93.01
2025-05-18,Machine de soudage robotisee,849,47,94.46
2025-05-18,Robot assemblage,765,36,95.29
2025-05-18,Machine de moulage par injection,895,40,95.53
2025-05-18,Machine extrusion,899,38,95.77
2025-05-18,Machine de pliage,965,40,95.85
2025-05-18,Machine de polissage,925,41,95.57
2025-05-18,Machine de peinture industrielle,983,78,92.07
2025-05-18,Machine emballage,1085,80,92.63
2025-05-18,Etiqueteuse automatique,1056,53,94.98
2025-05-18,Convoyeur industriel,1066,35,96.72
2025-05-18,Machine de controle qualite par vision,1104,33,97.01
2025-05-18,Machine de palettisation automatique,1089,26,97.61
2025-05-19,Machine CNC,734,46,93.73
2025-05-19,Tour industriel,719,45,93.74
2025-05-19,Fraiseuse industrielle,746,42,94.37
2025-05-19,Perceuse a colonne,777,47,93.95
2025-05-19,Presse hydraulique,828,48,94.2
2025-05-19,Presse mecanique,768,32,95.83
2025-05-19,Machine de decoupe laser,805,27,96.65
2025-05-19,Machine de decoupe plasma,852,58,93.19
2025-05-19,Machine de soudage robotisee,811,46,94.33
2025-05-19,Robot assemblage,883,47,94.68
2025-05-19,Machine de moulage par injection,844,37,95.62
2025-05-19,Machine extrusion,874,40,95.42
2025-05-19,Machine de pliage,896,47,94.75
2025-05-19,Machine de polissage,959,42,95.62
2025-05-19,Machine de peinture industrielle,970,76,92.16
2025-05-19,Machine emballage,984,63,93.6
2025-05-19,Etiqueteuse automatique,1035,58,94.4
2025-05-19,Convoyeur industriel,1001,38,96.2
2025-05-19,Machine de controle qualite par vision,1038,39,96.24
2025-05-19,Machine de palettisation automatique,1069,28,97.38
2025-05-20,Machine CNC,765,44,94.25
2025-05-20,Tour industriel,798,49,93.86
2025-05-20,Fraiseuse industrielle,756,40,94.71
2025-05-20,Perceuse a colonne,779,49,93.71
2025-05-20,Presse hydraulique,754,44,94.16
2025-05-20,Presse mecanique,808,38,95.3
2025-05-20,Machine de decoupe laser,831,25,96.99
2025-05-20,Machine de decoupe plasma,816,50,93.87
2025-05-20,Machine de soudage robotisee,848,49,94.22
2025-05-20,Robot assemblage,904,45,95.02
2025-05-20,Machine de moulage par injection,833,39,95.32
2025-05-20,Machine extrusion,886,36,95.94
2025-05-20,Machine de pliage,874,55,93.71
2025-05-20,Machine de polissage,912,40,95.61
2025-05-20,Machine de peinture industrielle,895,76,91.51
2025-05-20,Machine emballage,930,61,93.44
2025-05-20,Etiqueteuse automatique,1010,52,94.85
2025-05-20,Convoyeur industriel,1037,48,95.37
2025-05-20,Machine de controle qualite par vision,1064,35,96.71
2025-05-20,Machine de palettisation automatique,1114,35,96.86
2025-05-21,Machine CNC,764,47,93.85
2025-05-21,Tour industriel,751,46,93.87
2025-05-21,Fraiseuse industrielle,790,54,93.16
2025-05-21,Perceuse a colonne,845,56,93.37
2025-05-21,Presse hydraulique,792,43,94.57
2025-05-21,Presse mecanique,773,34,95.6
2025-05-21,Machine de decoupe laser,831,23,97.23
2025-05-21,Machine de decoupe plasma,811,57,92.97
2025-05-21,Machine de soudage robotisee,807,43,94.67
2025-05-21,Robot assemblage,818,46,94.38
2025-05-21,Machine de moulage par injection,861,42,95.12
2025-05-21,Machine extrusion,836,39,95.33
2025-05-21,Machine de pliage,894,44,95.08
2025-05-21,Machine de polissage,894,45,94.97
2025-05-21,Machine de peinture industrielle,929,76,91.82
2025-05-21,Machine emballage,977,62,93.65
2025-05-21,Etiqueteuse automatique,989,55,94.44
2025-05-21,Convoyeur industriel,997,39,96.09
2025-05-21,Machine de controle qualite par vision,1076,32,97.03
2025-05-21,Machine de palettisation automatique,1157,41,96.46
2025-05-22,Machine CNC,810,49,93.95
2025-05-22,Tour industriel,873,64,92.67
2025-05-22,Fraiseuse industrielle,797,52,93.48
2025-05-22,Perceuse a colonne,868,61,92.97
2025-05-22,Presse hydraulique,864,55,93.63
2025-05-22,Presse mecanique,793,32,95.96
2025-05-22,Machine de decoupe laser,838,27,96.78
2025-05-22,Machine de decoupe plasma,776,50,93.56
2025-05-22,Machine de soudage robotisee,788,38,95.18
2025-05-22,Robot assemblage,796,37,95.35
2025-05-22,Machine de moulage par injection,822,41,95.01
2025-05-22,Machine extrusion,827,38,95.41
2025-05-22,Machine de pliage,851,34,96.0
2025-05-22,Machine de polissage,850,40,95.29
2025-05-22,Machine de peinture industrielle,953,82,91.4
2025-05-22,Machine emballage,976,71,92.73
2025-05-22,Etiqueteuse automatique,1002,47,95.31
2025-05-22,Convoyeur industriel,1084,38,96.49
2025-05-22,Machine de controle qualite par vision,1120,40,96.43
2025-05-22,Machine de palettisation automatique,1183,38,96.79
2025-05-23,Machine CNC,808,56,93.07
2025-05-23,Tour industriel,819,52,93.65
2025-05-23,Fraiseuse industrielle,810,52,93.58
2025-05-23,Perceuse a colonne,784,45,94.26
2025-05-23,Presse hydraulique,752,46,93.88
2025-05-23,Presse mecanique,825,33,96.0
2025-05-23,Machine de decoupe laser,NaN,19,97.55
2025-05-23,Machine de decoupe plasma,743,48,93.54
2025-05-23,Machine de soudage robotisee,775,40,94.84
2025-05-23,Robot assemblage,812,34,95.81
2025-05-23,Machine de moulage par injection,781,33,95.77
2025-05-23,Machine extrusion,803,39,95.14
2025-05-23,Machine de pliage,865,47,94.57
2025-05-23,Machine de polissage,924,34,96.32
2025-05-23,Machine de peinture industrielle,933,80,91.43
2025-05-23,Machine emballage,1084,65,94.0
2025-05-23,Etiqueteuse automatique,1040,55,94.71
2025-05-23,Convoyeur industriel,1076,46,95.72
2025-05-23,Machine de controle qualite par vision,1159,41,96.46
2025-05-23,Machine de palettisation automatique,1165,40,96.57
2025-05-24,Machine CNC,792,50,93.69
2025-05-24,Tour industriel,753,49,93.49
2025-05-24,Fraiseuse industrielle,791,50,93.68
2025-05-24,Perceuse a colonne,766,48,93.73
2025-05-24,Presse hydraulique,720,37,94.86
2025-05-24,Presse mecanique,706,23,96.74
2025-05-24,Machine de decoupe laser,723,20,97.23
2025-05-24,Machine de decoupe plasma,791,53,93.3
2025-05-24,Machine de soudage robotisee,791,42,94.69
2025-05-24,Robot assemblage,765,34,95.56
2025-05-24,Machine de moulage par injection,873,47,94.62
2025-05-24,Machine extrusion,852,44,94.84
2025-05-24,Machine de pliage,902,43,95.23
2025-05-24,Machine de polissage,988,38,96.15
2025-05-24,Machine de peinture industrielle,1002,79,92.12
2025-05-24,Machine emballage,1057,69,93.47
2025-05-24,Etiqueteuse automatique,1107,57,94.85
2025-05-24,Convoyeur industriel,1170,41,96.5
2025-05-24,Machine de controle qualite par vision,1107,43,96.12
2025-05-24,Machine de palettisation automatique,1163,39,96.65
2025-05-25,Machine CNC,781,52,93.34
2025-05-25,Tour industriel,699,42,93.99
2025-05-25,Fraiseuse industrielle,687,39,94.32
2025-05-25,Perceuse a colonne,719,45,93.74
2025-05-25,Presse hydraulique,762,34,95.54
2025-05-25,Presse mecanique,773,30,96.12
2025-05-25,Machine de decoupe laser,748,20,97.33
2025-05-25,Machine de decoupe plasma,774,51,93.41
2025-05-25,Machine de soudage robotisee,828,44,94.69
2025-05-25,Robot assemblage,834,40,95.2
2025-05-25,Machine de moulage par injection,858,47,94.52
2025-05-25,Machine extrusion,886,55,93.79
2025-05-25,Machine de pliage,929,47,NaN
2025-05-25,Machine de polissage,986,34,96.55
2025-05-25,Machine de peinture industrielle,1026,77,92.5
2025-05-25,Machine emballage,1053,61,94.21
2025-05-25,Etiqueteuse automatique,1035,53,NaN
2025-05-25,Convoyeur industriel,1089,41,96.24
2025-05-25,Machine de controle qualite par vision,1071,31,97.11
2025-05-25,Machine de palettisation automatique,1149,46,96.0
2025-05-26,Machine CNC,772,61,92.1
2025-05-26,Tour industriel,790,57,92.78
2025-05-26,Fraiseuse industrielle,719,48,93.32
2025-05-26,Perceuse a colonne,733,44,94.0
2025-05-26,Presse hydraulique,744,42,94.35
2025-05-26,Presse mecanique,764,28,96.34
2025-05-26,Machine de decoupe laser,739,16,97.83
2025-05-26,Machine de decoupe plasma,833,48,94.24
2025-05-26,Machine de soudage robotisee,782,34,95.65
2025-05-26,Robot assemblage,820,49,94.02
2025-05-26,Machine de moulage par injection,842,48,94.3
2025-05-26,Machine extrusion,873,46,94.73
2025-05-26,Machine de pliage,961,49,94.9
2025-05-26,Machine de polissage,922,47,94.9
2025-05-26,Machine de peinture industrielle,969,72,92.57
2025-05-26,Machine emballage,972,58,94.03
2025-05-26,Etiqueteuse automatique,1036,47,95.46
2025-05-26,Convoyeur industriel,1033,46,95.55
2025-05-26,Machine de controle qualite par vision,1068,45,95.79
2025-05-26,Machine de palettisation automatique,1060,32,96.98
2025-05-27,Machine CNC,696,46,93.39
2025-05-27,Tour industriel,732,49,93.31
2025-05-27,Fraiseuse industrielle,755,52,93.11
2025-05-27,Perceuse a colonne,834,55,93.41
2025-05-27,Presse hydraulique,714,32,95.52
2025-05-27,Presse mecanique,800,28,96.5
2025-05-27,Machine de decoupe laser,866,25,97.11
2025-05-27,Machine de decoupe plasma,892,54,93.95
2025-05-27,Machine de soudage robotisee,882,49,94.44
2025-05-27,Robot assemblage,883,42,95.24
2025-05-27,Machine de moulage par injection,891,44,95.06
2025-05-27,Machine extrusion,892,49,94.51
2025-05-27,Machine de pliage,908,46,94.93
2025-05-27,Machine de polissage,919,33,96.41
2025-05-27,Machine de peinture industrielle,953,71,92.55
2025-05-27,Machine emballage,959,49,94.89
2025-05-27,Etiqueteuse automatique,1007,42,95.83
2025-05-27,Convoyeur industriel,1030,43,95.83
2025-05-27,Machine de controle qualite par vision,1074,48,95.53
2025-05-27,Machine de palettisation automatique,1092,41,96.25
2025-05-28,Machine CNC,740,49,93.38
2025-05-28,Tour industriel,802,54,93.27
2025-05-28,Fraiseuse industrielle,807,54,93.31
2025-05-28,Perceuse a colonne,786,49,93.77
2025-05-28,Presse hydraulique,814,46,94.35
2025-05-28,Presse mecanique,761,22,97.11
2025-05-28,Machine de decoupe laser,768,14,98.18
2025-05-28,Machine de decoupe plasma,823,49,94.05
2025-05-28,Machine de soudage robotisee,790,42,94.68
2025-05-28,Robot assemblage,832,38,95.43
2025-05-28,Machine de moulage par injection,849,45,94.7
2025-05-28,Machine extrusion,844,52,93.84
2025-05-28,Machine de pliage,904,40,95.58
2025-05-28,Machine de polissage,935,33,96.47
2025-05-28,Machine de peinture industrielle,940,78,91.7
2025-05-28,Machine emballage,970,43,95.57
2025-05-28,Etiqueteuse automatique,996,45,95.48
2025-05-28,Convoyeur industriel,1038,37,96.44
2025-05-28,Machine de controle qualite par vision,1098,35,96.81
2025-05-28,Machine de palettisation automatique,1193,42,96.48
2025-05-29,Machine CNC,744,56,92.47
2025-05-29,Tour industriel,795,61,92.33
2025-05-29,Fraiseuse industrielle,795,49,93.84
2025-05-29,Perceuse a colonne,805,49,93.91
2025-05-29,Presse hydraulique,849,43,94.94
2025-05-29,Presse mecanique,793,26,96.72
2025-05-29,Machine de decoupe laser,797,12,98.49
2025-05-29,Machine de decoupe plasma,777,52,93.31
2025-05-29,Machine de soudage robotisee,819,45,94.51
2025-05-29,Robot assemblage,779,46,94.09
2025-05-29,Machine de moulage par injection,815,51,93.74
2025-05-29,Machine extrusion,832,43,94.83
2025-05-29,Machine de pliage,902,44,95.12
2025-05-29,Machine de polissage,923,28,96.97
2025-05-29,Machine de peinture industrielle,939,73,92.23
2025-05-29,Machine emballage,989,47,95.25
2025-05-29,Etiqueteuse automatique,1038,50,95.18
2025-05-29,Convoyeur industriel,1080,38,96.48
2025-05-29,Machine de controle qualite par vision,1164,48,95.88
2025-05-29,Machine de palettisation automatique,1142,47,95.88
2025-05-30,Machine CNC,829,62,92.52
2025-05-30,Tour industriel,775,50,93.55
2025-05-30,Fraiseuse industrielle,796,58,92.71
2025-05-30,Perceuse a colonne,815,57,93.01
2025-05-30,Presse hydraulique,773,42,94.57
2025-05-30,Presse mecanique,763,22,97.12
2025-05-30,Machine de decoupe laser,774,13,98.32
2025-05-30,Machine de decoupe plasma,693,42,93.94
2025-05-30,Machine de soudage robotisee,744,48,93.55
2025-05-30,Robot assemblage,787,53,93.27
2025-05-30,Machine de moulage par injection,789,50,93.66
2025-05-30,Machine extrusion,836,45,94.62
2025-05-30,Machine de pliage,894,47,94.74
2025-05-30,Machine de polissage,933,30,96.78
2025-05-30,Machine de peinture industrielle,947,66,93.03
2025-05-30,Machine emballage,1075,64,94.05
2025-05-30,Etiqueteuse automatique,1041,48,95.39
2025-05-30,Convoyeur industriel,1066,44,95.87
2025-05-30,Machine de controle qualite par vision,1169,56,95.21
2025-05-30,Machine de palettisation automatique,1127,53,95.3
2025-05-31,Machine CNC,814,55,93.24
2025-05-31,Tour industriel,726,54,92.56
2025-05-31,Fraiseuse industrielle,734,56,92.37
2025-05-31,Perceuse a colonne,697,46,93.4
2025-05-31,Presse hydraulique,739,35,95.26
2025-05-31,Presse mecanique,762,28,96.33
2025-05-31,Machine de decoupe laser,758,18,97.63
2025-05-31,Machine de decoupe plasma,738,40,94.58
2025-05-31,Machine de soudage robotisee,761,47,93.82
2025-05-31,Robot assemblage,778,48,93.83
2025-05-31,Machine de moulage par injection,840,49,94.17
2025-05-31,Machine extrusion,912,51,94.41
2025-05-31,Machine de pliage,845,48,94.32
2025-05-31,Machine de polissage,982,33,96.64
2025-05-31,Machine de peinture industrielle,1066,74,93.06
2025-05-31,Machine emballage,1079,63,94.16
2025-05-31,Etiqueteuse automatique,1105,48,95.66
2025-05-31,Convoyeur industriel,1124,48,95.73
2025-05-31,Machine de controle qualite par vision,1112,42,96.22
2025-05-31,Machine de palettisation automatique,1213,51,95.8
2025-06-01,Machine CNC,731,59,91.93
2025-06-01,Tour industriel,751,60,92.01
2025-06-01,Fraiseuse industrielle,765,55,92.81
2025-06-01,Perceuse a colonne,697,39,94.4
2025-06-01,Presse hydraulique,743,37,95.02
2025-06-01,Presse mecanique,751,24,96.8
2025-06-01,Machine de decoupe laser,745,13,98.26
2025-06-01,Machine de decoupe plasma,781,44,94.37
2025-06-01,Machine de soudage robotisee,759,48,93.68
2025-06-01,Robot assemblage,834,45,94.6
2025-06-01,Machine de moulage par injection,895,59,93.41
2025-06-01,Machine extrusion,912,52,94.3
2025-06-01,Machine de pliage,901,34,96.23
2025-06-01,Machine de polissage,937,32,96.58
2025-06-01,Machine de peinture industrielle,1025,78,92.39
2025-06-01,Machine emballage,1051,55,94.77
2025-06-01,Etiqueteuse automatique,1090,60,94.5
2025-06-01,Convoyeur industriel,1065,46,95.68
2025-06-01,Machine de controle qualite par vision,1135,53,95.33
2025-06-01,Machine de palettisation automatique,1152,53,95.4
2025-06-02,Machine CNC,708,55,92.23
2025-06-02,Tour industriel,720,53,92.64
2025-06-02,Fraiseuse industrielle,736,55,92.53
2025-06-02,Perceuse a colonne,729,47,93.55
2025-06-02,Presse hydraulique,778,34,95.63
2025-06-02,Presse mecanique,786,28,96.44
2025-06-02,Machine de decoupe laser,808,9,98.89
2025-06-02,Machine de decoupe plasma,822,49,94.04
2025-06-02,Machine de soudage robotisee,868,55,93.66
2025-06-02,Robot assemblage,875,54,93.83
2025-06-02,Machine de moulage par injection,943,52,94.49
2025-06-02,Machine extrusion,913,50,94.52
2025-06-02,Machine de pliage,964,46,95.23
2025-06-02,Machine de polissage,948,24,97.47
2025-06-02,Machine de peinture industrielle,1001,66,93.41
2025-06-02,Machine emballage,1007,64,93.64
2025-06-02,Etiqueteuse automatique,1020,53,94.8
2025-06-02,Convoyeur industriel,1024,48,NaN
2025-06-02,Machine de controle qualite par vision,NaN,45,95.58
2025-06-02,Machine de palettisation automatique,1126,54,95.2
2025-06-03,Machine CNC,695,51,92.66
2025-06-03,Tour industriel,731,57,92.2
2025-06-03,Fraiseuse industrielle,759,56,92.62
2025-06-03,Perceuse a colonne,753,41,94.56
2025-06-03,Presse hydraulique,750,31,95.87
2025-06-03,Presse mecanique,845,26,96.92
2025-06-03,Machine de decoupe laser,789,13,98.35
2025-06-03,Machine de decoupe plasma,760,46,93.95
2025-06-03,Machine de soudage robotisee,781,51,93.47
2025-06-03,Robot assemblage,902,60,93.35
2025-06-03,Machine de moulage par injection,877,50,94.3
2025-06-03,Machine extrusion,863,47,94.55
2025-06-03,Machine de pliage,907,42,95.37
2025-06-03,Machine de polissage,938,31,96.7
2025-06-03,Machine de peinture industrielle,919,62,93.25
2025-06-03,Machine emballage,990,51,94.85
2025-06-03,Etiqueteuse automatique,1002,44,95.61
2025-06-03,Convoyeur industriel,1044,53,94.92
2025-06-03,Machine de controle qualite par vision,1065,54,94.93
2025-06-03,Machine de palettisation automatique,1114,46,95.87
2025-06-04,Machine CNC,758,59,92.22
2025-06-04,Tour industriel,753,56,92.56
2025-06-04,Fraiseuse industrielle,799,53,93.37
2025-06-04,Perceuse a colonne,770,44,94.29
2025-06-04,Presse hydraulique,801,35,95.63
2025-06-04,Presse mecanique,782,24,96.93
2025-06-04,Machine de decoupe laser,736,8,98.91
2025-06-04,Machine de decoupe plasma,817,51,93.76
2025-06-04,Machine de soudage robotisee,860,53,93.84
2025-06-04,Robot assemblage,813,55,93.23
2025-06-04,Machine de moulage par injection,793,53,93.32
2025-06-04,Machine extrusion,866,51,94.11
2025-06-04,Machine de pliage,897,39,95.65
2025-06-04,Machine de polissage,896,23,97.43
2025-06-04,Machine de peinture industrielle,976,64,93.44
2025-06-04,Machine emballage,983,51,94.81
2025-06-04,Etiqueteuse automatique,1043,48,95.4
2025-06-04,Convoyeur industriel,1058,47,95.56
2025-06-04,Machine de controle qualite par vision,1113,48,95.69
2025-06-04,Machine de palettisation automatique,1178,56,95.25
2025-06-05,Machine CNC,778,61,92.16
2025-06-05,Tour industriel,833,62,92.56
2025-06-05,Fraiseuse industrielle,766,61,92.04
2025-06-05,Perceuse a colonne,761,43,94.35
2025-06-05,Presse hydraulique,821,37,95.49
2025-06-05,Presse mecanique,752,24,96.81
2025-06-05,Machine de decoupe laser,737,12,98.37
2025-06-05,Machine de decoupe plasma,833,57,93.16
2025-06-05,Machine de soudage robotisee,816,50,93.87
2025-06-05,Robot assemblage,754,46,93.9
2025-06-05,Machine de moulage par injection,799,49,93.87
2025-06-05,Machine extrusion,838,43,94.87
2025-06-05,Machine de pliage,847,30,96.46
2025-06-05,Machine de polissage,883,14,98.41
2025-06-05,Machine de peinture industrielle,945,60,93.65
2025-06-05,Machine emballage,1042,55,94.72
2025-06-05,Etiqueteuse automatique,1021,42,95.89
2025-06-05,Convoyeur industriel,1124,49,95.64
2025-06-05,Machine de controle qualite par vision,1136,62,94.54
2025-06-05,Machine de palettisation automatique,1187,55,95.37
2025-06-06,Machine CNC,NaN,65,91.97
2025-06-06,Tour industriel,804,66,91.79
2025-06-06,Fraiseuse industrielle,823,62,92.47
2025-06-06,Perceuse a colonne,754,41,94.56
2025-06-06,Presse hydraulique,751,26,96.54
2025-06-06,Presse mecanique,708,20,97.18
2025-06-06,Machine de decoupe laser,710,12,98.31
2025-06-06,Machine de decoupe plasma,756,48,93.65
2025-06-06,Machine de soudage robotisee,735,39,94.69
2025-06-06,Robot assemblage,763,51,NaN
2025-06-06,Machine de moulage par injection,770,45,94.16
2025-06-06,Machine extrusion,841,45,94.65
2025-06-06,Machine de pliage,890,35,96.07
2025-06-06,Machine de polissage,955,22,97.7
2025-06-06,Machine de peinture industrielle,984,62,93.7
2025-06-06,Machine emballage,1015,55,94.58
2025-06-06,Etiqueteuse automatique,1130,53,95.31
2025-06-06,Convoyeur industriel,1112,67,93.97
2025-06-06,Machine de controle qualite par vision,1154,51,95.58
2025-06-06,Machine de palettisation automatique,1209,52,95.7
2025-06-07,Machine CNC,829,69,91.68
2025-06-07,Tour industriel,763,58,92.4
2025-06-07,Fraiseuse industrielle,739,48,93.5
2025-06-07,Perceuse a colonne,754,39,94.83
2025-06-07,Presse hydraulique,677,33,95.13
2025-06-07,Presse mecanique,692,11,98.41
2025-06-07,Machine de decoupe laser,725,12,98.34
2025-06-07,Machine de decoupe plasma,745,50,93.29
2025-06-07,Machine de soudage robotisee,794,58,92.7
2025-06-07,Robot assemblage,814,60,92.63
2025-06-07,Machine de moulage par injection,838,53,93.68
2025-06-07,Machine extrusion,899,52,94.22
2025-06-07,Machine de pliage,922,38,95.88
2025-06-07,Machine de polissage,925,22,97.62
2025-06-07,Machine de peinture industrielle,1012,63,93.77
2025-06-07,Machine emballage,1069,60,94.39
2025-06-07,Etiqueteuse automatique,1080,49,95.46
2025-06-07,Convoyeur industriel,1162,65,94.41
2025-06-07,Machine de controle qualite par vision,1151,58,94.96
2025-06-07,Machine de palettisation automatique,1151,49,95.74
2025-06-08,Machine CNC,695,56,91.94
2025-06-08,Tour industriel,713,62,91.3
2025-06-08,Fraiseuse industrielle,677,48,92.91
2025-06-08,Perceuse a colonne,743,45,93.94
2025-06-08,Presse hydraulique,691,25,96.38
2025-06-08,Presse mecanique,688,17,97.53
2025-06-08,Machine de decoupe laser,725,10,98.62
2025-06-08,Machine de decoupe plasma,784,52,93.37
2025-06-08,Machine de soudage robotisee,807,50,93.8
2025-06-08,Robot assemblage,811,57,92.97
2025-06-08,Machine de moulage par injection,867,53,93.89
2025-06-08,Machine extrusion,913,50,94.52
2025-06-08,Machine de pliage,948,33,96.52
2025-06-08,Machine de polissage,986,27,97.26
2025-06-08,Machine de peinture industrielle,1006,63,93.74
2025-06-08,Machine emballage,1070,63,94.11
2025-06-08,Etiqueteuse automatique,1045,59,94.35
2025-06-08,Convoyeur industriel,1089,52,95.22
2025-06-08,Machine de controle qualite par vision,1070,59,94.49
2025-06-08,Machine de palettisation automatique,1133,59,94.79
2025-06-09,Machine CNC,702,56,92.02
2025-06-09,Tour industriel,725,61,91.59
2025-06-09,Fraiseuse industrielle,712,48,93.26
2025-06-09,Perceuse a colonne,728,33,95.47
2025-06-09,Presse hydraulique,707,26,96.32
2025-06-09,Presse mecanique,728,20,97.25
2025-06-09,Machine de decoupe laser,861,18,97.91
2025-06-09,Machine de decoupe plasma,754,51,93.24
2025-06-09,Machine de soudage robotisee,859,59,93.13
2025-06-09,Robot assemblage,844,63,92.54
2025-06-09,Machine de moulage par injection,895,57,93.63
2025-06-09,Machine extrusion,946,47,95.03
2025-06-09,Machine de pliage,NaN,34,96.56
2025-06-09,Machine de polissage,968,17,98.24
2025-06-09,Machine de peinture industrielle,987,60,93.92
2025-06-09,Machine emballage,1028,56,94.55
2025-06-09,Etiqueteuse automatique,1089,57,94.77
2025-06-09,Convoyeur industriel,1033,54,94.77
2025-06-09,Machine de controle qualite par vision,1130,62,94.51
2025-06-09,Machine de palettisation automatique,1043,49,95.3
2025-06-10,Machine CNC,732,61,91.67
2025-06-10,Tour industriel,764,56,92.67
2025-06-10,Fraiseuse industrielle,736,44,94.02
2025-06-10,Perceuse a colonne,718,33,95.4
2025-06-10,Presse hydraulique,789,29,96.32
2025-06-10,Presse mecanique,824,14,98.3
2025-06-10,Machine de decoupe laser,797,8,99.0
2025-06-10,Machine de decoupe plasma,831,57,93.14
2025-06-10,Machine de soudage robotisee,840,61,NaN
2025-06-10,Robot assemblage,848,64,92.45
2025-06-10,Machine de moulage par injection,889,55,93.81
2025-06-10,Machine extrusion,905,49,94.59
2025-06-10,Machine de pliage,931,35,96.24
2025-06-10,Machine de polissage,947,12,98.73
2025-06-10,Machine de peinture industrielle,1010,55,94.55
2025-06-10,Machine emballage,1003,55,94.52
2025-06-10,Etiqueteuse automatique,1018,60,94.11
2025-06-10,Convoyeur industriel,1045,57,94.55
2025-06-10,Machine de controle qualite par vision,1080,64,94.07
2025-06-10,Machine de palettisation automatique,1087,41,96.23
2025-06-11,Machine CNC,761,66,91.33
2025-06-11,Tour industriel,748,62,91.71
2025-06-11,Fraiseuse industrielle,769,47,93.89
2025-06-11,Perceuse a colonne,816,40,95.1
2025-06-11,Presse hydraulique,792,27,96.59
2025-06-11,Presse mecanique,784,12,98.47
2025-06-11,Machine de decoupe laser,793,18,97.73
2025-06-11,Machine de decoupe plasma,803,55,93.15
2025-06-11,Machine de soudage robotisee,847,60,92.92
2025-06-11,Robot assemblage,823,61,92.59
2025-06-11,Machine de moulage par injection,843,50,94.07
2025-06-11,Machine extrusion,836,45,94.62
2025-06-11,Machine de pliage,925,27,97.08
2025-06-11,Machine de polissage,926,19,97.95
2025-06-11,Machine de peinture industrielle,938,58,93.82
2025-06-11,Machine emballage,991,52,94.75
2025-06-11,Etiqueteuse automatique,1054,53,94.97
2025-06-11,Convoyeur industriel,1114,57,94.88
2025-06-11,Machine de controle qualite par vision,1048,51,95.13
2025-06-11,Machine de palettisation automatique,1138,54,95.25
2025-06-12,Machine CNC,814,66,91.89
2025-06-12,Tour industriel,750,58,92.27
2025-06-12,Fraiseuse industrielle,794,52,93.45
2025-06-12,Perceuse a colonne,789,41,94.8
2025-06-12,Presse hydraulique,773,23,97.02
2025-06-12,Presse mecanique,783,15,98.08
2025-06-12,Machine de decoupe laser,797,11,98.62
2025-06-12,Machine de decoupe plasma,808,55,93.19
2025-06-12,Machine de soudage robotisee,788,58,92.64
2025-06-12,Robot assemblage,842,64,92.4
2025-06-12,Machine de moulage par injection,813,52,93.6
2025-06-12,Machine extrusion,897,47,94.76
2025-06-12,Machine de pliage,918,33,96.41
2025-06-12,Machine de polissage,923,12,98.7
2025-06-12,Machine de peinture industrielle,994,55,94.47
2025-06-12,Machine emballage,971,58,94.03
2025-06-12,Etiqueteuse automatique,1061,50,95.29
2025-06-12,Convoyeur industriel,1124,66,94.13
2025-06-12,Machine de controle qualite par vision,1159,63,94.56
2025-06-12,Machine de palettisation automatique,1231,57,NaN
2025-06-13,Machine CNC,764,65,91.49
2025-06-13,Tour industriel,750,52,93.07
2025-06-13,Fraiseuse industrielle,762,48,93.7
2025-06-13,Perceuse a colonne,722,31,95.71
2025-06-13,Presse hydraulique,789,23,97.08
2025-06-13,Presse mecanique,751,18,97.6
2025-06-13,Machine de decoupe laser,747,17,97.72
2025-06-13,Machine de decoupe plasma,776,46,94.07
2025-06-13,Machine de soudage robotisee,790,54,93.16
2025-06-13,Robot assemblage,746,52,93.03
2025-06-13,Machine de moulage par injection,822,49,94.04
2025-06-13,Machine extrusion,799,37,95.37
2025-06-13,Machine de pliage,883,32,96.38
2025-06-13,Machine de polissage,963,16,98.34
2025-06-13,Machine de peinture industrielle,1008,54,94.64
2025-06-13,Machine emballage,1054,60,94.31
2025-06-13,Etiqueteuse automatique,1079,63,94.16
2025-06-13,Convoyeur industriel,1104,61,94.47
2025-06-13,Machine de controle qualite par vision,1145,66,94.24
2025-06-13,Machine de palettisation automatique,1167,50,95.72
2025-06-14,Machine CNC,805,71,91.18
2025-06-14,Tour industriel,779,54,93.07
2025-06-14,Fraiseuse industrielle,781,45,94.24
2025-06-14,Perceuse a colonne,732,27,96.31
2025-06-14,Presse hydraulique,713,27,96.21
2025-06-14,Presse mecanique,705,18,97.45
2025-06-14,Machine de decoupe laser,730,17,97.67
2025-06-14,Machine de decoupe plasma,703,48,93.17
2025-06-14,Machine de soudage robotisee,758,60,92.08
2025-06-14,Robot assemblage,789,52,NaN
2025-06-14,Machine de moulage par injection,865,57,93.41
2025-06-14,Machine extrusion,926,46,95.03
2025-06-14,Machine de pliage,939,21,97.76
2025-06-14,Machine de polissage,1000,17,98.3
2025-06-14,Machine de peinture industrielle,1038,59,94.32
2025-06-14,Machine emballage,1098,56,94.9
2025-06-14,Etiqueteuse automatique,1111,68,93.88
2025-06-14,Convoyeur industriel,1124,68,93.95
2025-06-14,Machine de controle qualite par vision,1121,68,93.93
2025-06-14,Machine de palettisation automatique,1177,46,96.09
2025-06-15,Machine CNC,698,56,91.98
2025-06-15,Tour industriel,685,51,92.55
2025-06-15,Fraiseuse industrielle,726,40,94.49
2025-06-15,Perceuse a colonne,696,30,95.69
2025-06-15,Presse hydraulique,704,24,96.59
2025-06-15,Presse mecanique,677,14,97.93
2025-06-15,Machine de decoupe laser,734,17,97.68
2025-06-15,Machine de decoupe plasma,755,56,92.58
2025-06-15,Machine de soudage robotisee,831,61,92.66
2025-06-15,Robot assemblage,824,56,93.2
2025-06-15,Machine de moulage par injection,859,50,94.18
2025-06-15,Machine extrusion,893,38,95.74
2025-06-15,Machine de pliage,951,NaN,97.16
2025-06-15,Machine de polissage,971,16,98.35
2025-06-15,Machine de peinture industrielle,1025,60,94.15
2025-06-15,Machine emballage,1077,64,94.06
2025-06-15,Etiqueteuse automatique,1060,59,94.43
2025-06-15,Convoyeur industriel,1114,68,93.9
2025-06-15,Machine de controle qualite par vision,1103,63,94.29
2025-06-15,Machine de palettisation automatique,1150,56,95.13
2025-06-16,Machine CNC,741,57,92.31
2025-06-16,Tour industriel,747,54,92.77
2025-06-16,Fraiseuse industrielle,669,39,94.17
2025-06-16,Perceuse a colonne,706,35,95.04
2025-06-16,Presse hydraulique,737,25,96.61
2025-06-16,Presse mecanique,778,22,97.17
2025-06-16,Machine de decoupe laser,736,10,98.64
2025-06-16,Machine de decoupe plasma,829,69,91.68
2025-06-16,Machine de soudage robotisee,832,63,92.43
2025-06-16,Robot assemblage,853,58,93.2
2025-06-16,Machine de moulage par injection,926,53,94.28
2025-06-16,Machine extrusion,959,42,95.62
2025-06-16,Machine de pliage,961,35,96.36
2025-06-16,Machine de polissage,971,16,98.35
2025-06-16,Machine de peinture industrielle,960,56,94.17
2025-06-16,Machine emballage,1021,60,94.12
2025-06-16,Etiqueteuse automatique,1082,75,93.07
2025-06-16,Convoyeur industriel,1067,57,94.66
2025-06-16,Machine de controle qualite par vision,1118,66,94.1
2025-06-16,Machine de palettisation automatique,1109,46,95.85
2025-06-17,Machine CNC,723,63,91.29
2025-06-17,Tour industriel,715,50,93.01
2025-06-17,Fraiseuse industrielle,735,41,94.42
2025-06-17,Perceuse a colonne,729,25,96.57
2025-06-17,Presse hydraulique,786,24,96.95
2025-06-17,Presse mecanique,778,15,98.07
2025-06-17,Machine de decoupe laser,781,12,98.46
2025-06-17,Machine de decoupe plasma,838,59,92.96
2025-06-17,Machine de soudage robotisee,842,68,91.92
2025-06-17,Robot assemblage,894,59,93.4
2025-06-17,Machine de moulage par injection,906,49,94.59
2025-06-17,Machine extrusion,906,35,96.14
2025-06-17,Machine de pliage,832,22,97.36
2025-06-17,Machine de polissage,883,16,98.19
2025-06-17,Machine de peinture industrielle,954,53,94.44
2025-06-17,Machine emballage,1009,68,93.26
2025-06-17,Etiqueteuse automatique,1023,61,94.04
2025-06-17,Convoyeur industriel,1077,68,93.69
2025-06-17,Machine de controle qualite par vision,1079,53,95.09
2025-06-17,Machine de palettisation automatique,1117,43,96.15
2025-06-18,Machine CNC,731,64,91.24
2025-06-18,Tour industriel,773,55,92.88
2025-06-18,Fraiseuse industrielle,756,44,94.18
2025-06-18,Perceuse a colonne,774,26,96.64
2025-06-18,Presse hydraulique,804,21,97.39
2025-06-18,Presse mecanique,792,23,97.1
2025-06-18,Machine de decoupe laser,872,23,97.36
2025-06-18,Machine de decoupe plasma,783,59,92.46
2025-06-18,Machine de soudage robotisee,871,66,92.42
2025-06-18,Robot assemblage,779,44,94.35
2025-06-18,Machine de moulage par injection,827,52,93.71
2025-06-18,Machine extrusion,854,35,95.9
2025-06-18,Machine de pliage,884,21,97.62
2025-06-18,Machine de polissage,951,14,98.53
2025-06-18,Machine de peinture industrielle,948,60,93.67
2025-06-18,Machine emballage,970,62,93.61
2025-06-18,Etiqueteuse automatique,1006,67,93.34
2025-06-18,Convoyeur industriel,1067,65,93.91
2025-06-18,Machine de controle qualite par vision,1123,58,94.84
2025-06-18,Machine de palettisation automatique,1150,56,95.13
2025-06-19,Machine CNC,789,59,92.52
2025-06-19,Tour industriel,755,50,NaN
2025-06-19,Fraiseuse industrielle,784,47,94.01
2025-06-19,Perceuse a colonne,800,33,95.88
2025-06-19,Presse hydraulique,788,22,97.21
2025-06-19,Presse mecanique,794,24,96.98
2025-06-19,Machine de decoupe laser,740,21,97.16
2025-06-19,Machine de decoupe plasma,760,67,91.18
2025-06-19,Machine de soudage robotisee,833,62,92.56
2025-06-19,Robot assemblage,759,57,92.49
2025-06-19,Machine de moulage par injection,809,44,94.56
2025-06-19,Machine extrusion,859,38,95.58
2025-06-19,Machine de pliage,881,25,97.16
2025-06-19,Machine de polissage,817,10,98.78
2025-06-19,Machine de peinture industrielle,966,56,94.2
2025-06-19,Machine emballage,1043,64,93.86
2025-06-19,Etiqueteuse automatique,1039,64,93.84
2025-06-19,Convoyeur industriel,1112,68,93.88
2025-06-19,Machine de controle qualite par vision,1104,56,94.93
2025-06-19,Machine de palettisation automatique,1157,44,96.2
2025-06-20,Machine CNC,780,63,91.92
2025-06-20,Tour industriel,760,48,93.68
2025-06-20,Fraiseuse industrielle,778,48,93.83
2025-06-20,Perceuse a colonne,759,27,96.44
2025-06-20,Presse hydraulique,708,22,96.89
2025-06-20,Presse mecanique,759,15,98.02
2025-06-20,Machine de decoupe laser,760,17,97.76
2025-06-20,Machine de decoupe plasma,767,56,92.7
2025-06-20,Machine de soudage robotisee,741,61,91.77
2025-06-20,Robot assemblage,762,58,92.39
2025-06-20,Machine de moulage par injection,786,47,94.02
2025-06-20,Machine extrusion,900,35,96.11
2025-06-20,Machine de pliage,928,17,98.17
2025-06-20,Machine de polissage,1020,19,98.14
2025-06-20,Machine de peinture industrielle,1010,60,94.06
2025-06-20,Machine emballage,1095,68,93.79
2025-06-20,Etiqueteuse automatique,1077,79,92.66
2025-06-20,Convoyeur industriel,1157,70,93.95
2025-06-20,Machine de controle qualite par vision,1153,58,94.97
2025-06-20,Machine de palettisation automatique,1199,44,96.33
2025-06-21,Machine CNC,778,56,92.8
2025-06-21,Tour industriel,761,48,93.69
2025-06-21,Fraiseuse industrielle,740,36,95.14
2025-06-21,Perceuse a colonne,717,30,95.82
2025-06-21,Presse hydraulique,712,25,96.49
2025-06-21,Presse mecanique,695,25,96.4
2025-06-21,Machine de decoupe laser,730,18,97.53
2025-06-21,Machine de decoupe plasma,781,68,91.29
2025-06-21,Machine de soudage robotisee,764,58,92.41
2025-06-21,Robot assemblage,818,50,93.89
2025-06-21,Machine de moulage par injection,823,43,94.78
2025-06-21,Machine extrusion,874,31,96.45
2025-06-21,Machine de pliage,940,26,97.23
2025-06-21,Machine de polissage,974,18,98.15
2025-06-21,Machine de peinture industrielle,1026,67,93.47
2025-06-21,Machine emballage,1060,72,93.21
2025-06-21,Etiqueteuse automatique,1107,84,92.41
2025-06-21,Convoyeur industriel,1155,69,94.03
2025-06-21,Machine de controle qualite par vision,1149,50,95.65
2025-06-21,Machine de palettisation automatique,1172,47,95.99
2025-06-22,Machine CNC,706,55,92.21
2025-06-22,Tour industriel,657,43,93.46
2025-06-22,Fraiseuse industrielle,708,35,95.06
2025-06-22,Perceuse a colonne,659,26,96.05
2025-06-22,Presse hydraulique,715,23,96.78
2025-06-22,Presse mecanique,718,24,96.66
2025-06-22,Machine de decoupe laser,722,23,96.81
2025-06-22,Machine de decoupe plasma,732,62,91.53
2025-06-22,Machine de soudage robotisee,776,62,92.01
2025-06-22,Robot assemblage,857,51,94.05
2025-06-22,Machine de moulage par injection,859,43,94.99
2025-06-22,Machine extrusion,905,30,96.69
2025-06-22,Machine de pliage,971,25,97.43
2025-06-22,Machine de polissage,997,9,99.1
2025-06-22,Machine de peinture industrielle,1025,68,93.37
2025-06-22,Machine emballage,1003,66,93.42
2025-06-22,Etiqueteuse automatique,1125,76,93.24
2025-06-22,Convoyeur industriel,1081,69,93.62
2025-06-22,Machine de controle qualite par vision,1177,52,95.58
2025-06-22,Machine de palettisation automatique,1090,37,96.61
2025-06-23,Machine CNC,645,55,91.47
2025-06-23,Tour industriel,724,41,94.34
2025-06-23,Fraiseuse industrielle,660,29,95.61
2025-06-23,Perceuse a colonne,712,27,96.21
2025-06-23,Presse hydraulique,741,19,97.44
2025-06-23,Presse mecanique,774,25,96.77
2025-06-23,Machine de decoupe laser,777,23,97.04
2025-06-23,Machine de decoupe plasma,788,65,91.75
2025-06-23,Machine de soudage robotisee,830,61,92.65
2025-06-23,Robot assemblage,876,54,93.84
2025-06-23,Machine de moulage par injection,910,43,95.27
2025-06-23,Machine extrusion,916,40,95.63
2025-06-23,Machine de pliage,983,31,96.85
2025-06-23,Machine de polissage,1012,10,99.01
2025-06-23,Machine de peinture industrielle,1020,68,93.33
2025-06-23,Machine emballage,1034,77,92.55
2025-06-23,Etiqueteuse automatique,1016,67,93.41
2025-06-23,Convoyeur industriel,1107,71,93.59
2025-06-23,Machine de controle qualite par vision,1118,58,94.81
2025-06-23,Machine de palettisation automatique,1117,47,95.79
2025-06-24,Machine CNC,687,54,92.14
2025-06-24,Tour industriel,704,47,93.32
2025-06-24,Fraiseuse industrielle,719,33,95.41
2025-06-24,Perceuse a colonne,753,21,97.21
2025-06-24,Presse hydraulique,787,20,97.46
2025-06-24,Presse mecanique,747,19,97.46
2025-06-24,Machine de decoupe laser,793,26,96.72
2025-06-24,Machine de decoupe plasma,866,76,91.22
2025-06-24,Machine de soudage robotisee,835,66,92.1
2025-06-24,Robot assemblage,846,51,93.97
2025-06-24,Machine de moulage par injection,921,50,94.57
2025-06-24,Machine extrusion,904,35,96.13
2025-06-24,Machine de pliage,962,21,97.82
2025-06-24,Machine de polissage,965,15,98.45
2025-06-24,Machine de peinture industrielle,1012,69,93.18
2025-06-24,Machine emballage,984,69,92.99
2025-06-24,Etiqueteuse automatique,969,67,93.09
2025-06-24,Convoyeur industriel,1083,75,93.07
2025-06-24,Machine de controle qualite par vision,1081,44,95.93
2025-06-24,Machine de palettisation automatique,1112,28,97.48
2025-06-25,Machine CNC,737,51,93.08
2025-06-25,Tour industriel,792,59,92.55
2025-06-25,Fraiseuse industrielle,758,38,94.99
2025-06-25,Perceuse a colonne,771,21,97.28
2025-06-25,Presse hydraulique,734,30,95.91
2025-06-25,Presse mecanique,760,26,96.58
2025-06-25,Machine de decoupe laser,753,25,96.68
2025-06-25,Machine de decoupe plasma,841,70,91.68
2025-06-25,Machine de soudage robotisee,878,74,91.57
2025-06-25,Robot assemblage,884,58,93.44
2025-06-25,Machine de moulage par injection,848,38,95.52
2025-06-25,Machine extrusion,919,29,96.84
2025-06-25,Machine de pliage,942,29,96.92
2025-06-25,Machine de polissage,950,15,98.42
2025-06-25,Machine de peinture industrielle,948,71,92.51
2025-06-25,Machine emballage,950,67,92.95
2025-06-25,Etiqueteuse automatique,1074,70,93.48
2025-06-25,Convoyeur industriel,1093,64,94.14
2025-06-25,Machine de controle qualite par vision,1121,63,94.38
2025-06-25,Machine de palettisation automatique,1130,35,96.9
2025-06-26,Machine CNC,782,58,92.58
2025-06-26,Tour industriel,720,38,94.72
2025-06-26,Fraiseuse industrielle,817,40,95.1
2025-06-26,Perceuse a colonne,788,34,95.69
2025-06-26,Presse hydraulique,730,20,97.26
2025-06-26,Presse mecanique,811,29,96.42
2025-06-26,Machine de decoupe laser,702,25,96.44
2025-06-26,Machine de decoupe plasma,792,67,91.54
2025-06-26,Machine de soudage robotisee,803,58,92.78
2025-06-26,Robot assemblage,848,56,93.4
2025-06-26,Machine de moulage par injection,850,35,95.88
2025-06-26,Machine extrusion,861,26,96.98
2025-06-26,Machine de pliage,875,14,98.4
2025-06-26,Machine de polissage,932,17,98.18
2025-06-26,Machine de peinture industrielle,990,70,92.93
2025-06-26,Machine emballage,989,75,92.42
2025-06-26,Etiqueteuse automatique,1100,71,93.55
2025-06-26,Convoyeur industriel,1116,62,94.44
2025-06-26,Machine de controle qualite par vision,1160,58,95.0
2025-06-26,Machine de palettisation automatique,1175,40,96.6
2025-06-27,Machine CNC,808,60,92.57
2025-06-27,Tour industriel,764,43,94.37
2025-06-27,Fraiseuse industrielle,751,32,95.74
2025-06-27,Perceuse a colonne,729,29,96.02
2025-06-27,Presse hydraulique,719,25,96.52
2025-06-27,Presse mecanique,717,29,95.96
2025-06-27,Machine de decoupe laser,731,23,96.85
2025-06-27,Machine de decoupe plasma,789,62,92.14
2025-06-27,Machine de soudage robotisee,735,60,91.84
2025-06-27,Robot assemblage,763,40,94.76
2025-06-27,Machine de moulage par injection,829,28,96.62
2025-06-27,Machine extrusion,885,24,97.29
2025-06-27,Machine de pliage,934,26,97.22
2025-06-27,Machine de polissage,993,18,98.19
2025-06-27,Machine de peinture industrielle,1012,72,92.89
2025-06-27,Machine emballage,1058,85,91.97
2025-06-27,Etiqueteuse automatique,1124,79,92.97
2025-06-27,Convoyeur industriel,1183,71,94.0
2025-06-27,Machine de controle qualite par vision,1163,67,94.24
2025-06-27,Machine de palettisation automatique,1207,30,97.51
2025-06-28,Machine CNC,696,53,92.39
2025-06-28,Tour industriel,698,39,94.41
2025-06-28,Fraiseuse industrielle,780,33,95.77
2025-06-28,Perceuse a colonne,699,26,96.28
2025-06-28,Presse hydraulique,702,27,96.15
2025-06-28,Presse mecanique,738,25,96.61
2025-06-28,Machine de decoupe laser,709,30,95.77
2025-06-28,Machine de decoupe plasma,762,60,92.13
2025-06-28,Machine de soudage robotisee,799,65,91.86
2025-06-28,Robot assemblage,787,45,94.28
2025-06-28,Machine de moulage par injection,816,36,95.59
2025-06-28,Machine extrusion,872,32,96.33
2025-06-28,Machine de pliage,960,19,98.02
2025-06-28,Machine de polissage,1011,21,97.92
2025-06-28,Machine de peinture industrielle,980,78,92.04
2025-06-28,Machine emballage,1049,75,92.85
2025-06-28,Etiqueteuse automatique,1165,84,92.79
2025-06-28,Convoyeur industriel,1185,65,94.51
2025-06-28,Machine de controle qualite par vision,1147,52,95.47
2025-06-28,Machine de palettisation automatique,1152,36,96.88
2025-06-29,Machine CNC,679,52,92.34
2025-06-29,Tour industriel,721,38,94.73
2025-06-29,Fraiseuse industrielle,677,27,96.01
2025-06-29,Perceuse a colonne,726,27,96.28
2025-06-29,Presse hydraulique,701,29,95.86
2025-06-29,Presse mecanique,710,22,96.9
2025-06-29,Machine de decoupe laser,777,31,96.01
2025-06-29,Machine de decoupe plasma,748,55,92.65
2025-06-29,Machine de soudage robotisee,784,59,92.47
2025-06-29,Robot assemblage,810,46,94.32
2025-06-29,Machine de moulage par injection,873,36,95.88
2025-06-29,Machine extrusion,908,32,96.48
2025-06-29,Machine de pliage,1019,22,97.84
2025-06-29,Machine de polissage,978,18,98.16
2025-06-29,Machine de peinture industrielle,1059,72,93.2
2025-06-29,Machine emballage,1062,75,92.94
2025-06-29,Etiqueteuse automatique,1078,79,92.67
2025-06-29,Convoyeur industriel,1118,50,95.53
2025-06-29,Machine de controle qualite par vision,1118,41,96.33
2025-06-29,Machine de palettisation automatique,1152,35,96.96
2025-06-30,Machine CNC,719,52,92.77
2025-06-30,Tour industriel,634,34,94.64
2025-06-30,Fraiseuse industrielle,651,31,95.24
2025-06-30,Perceuse a colonne,704,28,96.02
2025-06-30,Presse hydraulique,708,27,96.19
2025-06-30,Presse mecanique,760,32,95.79
2025-06-30,Machine de decoupe laser,758,35,95.38
2025-06-30,Machine de decoupe plasma,794,68,91.44
2025-06-30,Machine de soudage robotisee,839,57,93.21
2025-06-30,Robot assemblage,892,55,93.83
2025-06-30,Machine de moulage par injection,928,39,95.8
2025-06-30,Machine extrusion,905,25,97.24
2025-06-30,Machine de pliage,982,14,98.57
2025-06-30,Machine de polissage,973,14,98.56
2025-06-30,Machine de peinture industrielle,1093,86,92.13
2025-06-30,Machine emballage,1093,82,92.5
2025-06-30,Etiqueteuse automatique,1024,64,93.75
2025-06-30,Convoyeur industriel,1109,67,93.96
2025-06-30,Machine de controle qualite par vision,1063,49,NaN
2025-06-30,Machine de palettisation automatique,1124,19,98.31
2025-07-01,Machine CNC,619,44,92.89
2025-07-01,Tour industriel,713,43,93.97
2025-07-01,Fraiseuse industrielle,728,30,95.88
2025-07-01,Perceuse a colonne,702,29,95.87
2025-07-01,Presse hydraulique,729,29,96.02
2025-07-01,Presse mecanique,760,29,96.18
2025-07-01,Machine de decoupe laser,833,29,96.52
2025-07-01,Machine de decoupe plasma,828,67,91.91
2025-07-01,Machine de soudage robotisee,834,58,93.05
2025-07-01,Robot assemblage,873,45,94.85
2025-07-01,Machine de moulage par injection,838,35,95.82
2025-07-01,Machine extrusion,910,28,NaN
2025-07-01,Machine de pliage,930,20,97.85
2025-07-01,Machine de polissage,962,24,97.51
2025-07-01,Machine de peinture industrielle,936,70,92.52
2025-07-01,Machine emballage,985,74,92.49
2025-07-01,Etiqueteuse automatique,1033,65,93.71
2025-07-01,Convoyeur industriel,NaN,50,95.25
2025-07-01,Machine de controle qualite par vision,1107,47,95.75
2025-07-01,Machine de palettisation automatique,1163,26,97.76
2025-07-02,Machine CNC,661,50,92.44
2025-07-02,Tour industriel,708,36,94.92
2025-07-02,Fraiseuse industrielle,745,34,95.44
2025-07-02,Perceuse a colonne,807,30,96.28
2025-07-02,Presse hydraulique,733,34,95.36
2025-07-02,Presse mecanique,810,26,96.79
2025-07-02,Machine de decoupe laser,765,27,96.47
2025-07-02,Machine de decoupe plasma,803,60,92.53
2025-07-02,Machine de soudage robotisee,852,61,92.84
2025-07-02,Robot assemblage,814,41,94.96
2025-07-02,Machine de moulage par injection,894,28,96.87
2025-07-02,Machine extrusion,872,26,97.02
2025-07-02,Machine de pliage,886,18,97.97
2025-07-02,Machine de polissage,943,22,97.67
2025-07-02,Machine de peinture industrielle,953,75,92.13
2025-07-02,Machine emballage,1034,72,93.04
2025-07-02,Etiqueteuse automatique,1068,79,92.6
2025-07-02,Convoyeur industriel,1063,61,94.26
2025-07-02,Machine de controle qualite par vision,1122,42,96.26
2025-07-02,Machine de palettisation automatique,1168,26,97.77
2025-07-03,Machine CNC,750,47,93.73
2025-07-03,Tour industriel,761,42,94.48
2025-07-03,Fraiseuse industrielle,716,30,95.81
2025-07-03,Perceuse a colonne,741,26,96.49
2025-07-03,Presse hydraulique,784,37,95.28
2025-07-03,Presse mecanique,737,34,95.39
2025-07-03,Machine de decoupe laser,766,29,96.21
2025-07-03,Machine de decoupe plasma,792,62,92.17
2025-07-03,Machine de soudage robotisee,784,49,93.75
2025-07-03,Robot assemblage,775,44,94.32
2025-07-03,Machine de moulage par injection,830,36,95.66
2025-07-03,Machine extrusion,815,22,97.3
2025-07-03,Machine de pliage,943,28,97.03
2025-07-03,Machine de polissage,939,26,97.23
2025-07-03,Machine de peinture industrielle,976,81,91.7
2025-07-03,Machine emballage,1053,73,93.07
2025-07-03,Etiqueteuse automatique,1067,70,93.44
2025-07-03,Convoyeur industriel,1136,53,95.33
2025-07-03,Machine de controle qualite par vision,1121,41,96.34
2025-07-03,Machine de palettisation automatique,1199,36,97.0
2025-07-04,Machine CNC,757,53,93.0
2025-07-04,Tour industriel,769,43,94.41
2025-07-04,Fraiseuse industrielle,770,37,95.19
2025-07-04,Perceuse a colonne,734,32,95.64
2025-07-04,Presse hydraulique,698,30,95.7
2025-07-04,Presse mecanique,752,37,95.08
2025-07-04,Machine de decoupe laser,713,25,96.49
2025-07-04,Machine de decoupe plasma,777,67,91.38
2025-07-04,Machine de soudage robotisee,746,48,93.57
2025-07-04,Robot assemblage,772,35,95.47
2025-07-04,Machine de moulage par injection,805,29,96.4
2025-07-04,Machine extrusion,872,28,96.79
2025-07-04,Machine de pliage,924,21,97.73
2025-07-04,Machine de polissage,963,25,97.4
2025-07-04,Machine de peinture industrielle,1020,83,91.86
2025-07-04,Machine emballage,1080,76,92.96
2025-07-04,Etiqueteuse automatique,1121,77,93.13
2025-07-04,Convoyeur industriel,1176,57,95.15
2025-07-04,Machine de controle qualite par vision,1190,38,96.81
2025-07-04,Machine de palettisation automatique,1160,26,97.76
2025-07-05,Machine CNC,720,46,93.61
2025-07-05,Tour industriel,790,41,94.81
2025-07-05,Fraiseuse industrielle,807,37,95.42
2025-07-05,Perceuse a colonne,702,35,95.01
2025-07-05,Presse hydraulique,686,29,95.77
2025-07-05,Presse mecanique,678,31,95.43
2025-07-05,Machine de decoupe laser,666,26,96.1
2025-07-05,Machine de decoupe plasma,697,59,91.54
2025-07-05,Machine de soudage robotisee,782,54,93.09
2025-07-05,Robot assemblage,833,42,94.96
2025-07-05,Machine de moulage par injection,874,33,96.22
2025-07-05,Machine extrusion,914,31,96.61
2025-07-05,Machine de pliage,1001,31,96.9
2025-07-05,Machine de polissage,985,32,96.75
2025-07-05,Machine de peinture industrielle,1021,80,92.16
2025-07-05,Machine emballage,1113,79,92.9
2025-07-05,Etiqueteuse automatique,1083,70,93.54
2025-07-05,Convoyeur industriel,1179,53,95.5
2025-07-05,Machine de controle qualite par vision,1103,33,97.01
2025-07-05,Machine de palettisation automatique,1198,16,98.66
2025-07-06,Machine CNC,699,49,92.99
2025-07-06,Tour industriel,658,34,94.83
2025-07-06,Fraiseuse industrielle,634,24,96.21
2025-07-06,Perceuse a colonne,694,34,95.1
2025-07-06,Presse hydraulique,702,34,95.16
2025-07-06,Presse mecanique,711,29,95.92
2025-07-06,Machine de decoupe laser,762,31,95.93
2025-07-06,Machine de decoupe plasma,759,62,91.83
2025-07-06,Machine de soudage robotisee,800,57,92.88
2025-07-06,Robot assemblage,816,37,95.47
2025-07-06,Machine de moulage par injection,894,36,95.97
2025-07-06,Machine extrusion,949,30,96.84
2025-07-06,Machine de pliage,970,21,97.84
2025-07-06,Machine de polissage,1018,31,96.95
2025-07-06,Machine de peinture industrielle,1030,87,91.55
2025-07-06,Machine emballage,1110,77,93.06
2025-07-06,Etiqueteuse automatique,1080,72,93.33
2025-07-06,Convoyeur industriel,1109,62,94.41
2025-07-06,Machine de controle qualite par vision,1168,43,96.32
2025-07-06,Machine de palettisation automatique,1164,23,98.02
2025-07-07,Machine CNC,714,45,93.7
2025-07-07,Tour industriel,689,33,95.21
2025-07-07,Fraiseuse industrielle,662,31,95.32
2025-07-07,Perceuse a colonne,699,32,95.42
2025-07-07,Presse hydraulique,730,32,95.62
2025-07-07,Presse mecanique,699,33,95.28
2025-07-07,Machine de decoupe laser,736,28,96.2
2025-07-07,Machine de decoupe plasma,809,64,92.09
2025-07-07,Machine de soudage robotisee,866,55,93.65
2025-07-07,Robot assemblage,850,37,95.65
2025-07-07,Machine de moulage par injection,908,31,96.59
2025-07-07,Machine extrusion,927,22,97.63
2025-07-07,Machine de pliage,976,31,96.82
2025-07-07,Machine de polissage,984,32,96.75
2025-07-07,Machine de peinture industrielle,1039,87,91.63
2025-07-07,Machine emballage,1076,75,93.03
2025-07-07,Etiqueteuse automatique,1055,72,93.18
2025-07-07,Convoyeur industriel,1095,58,94.7
2025-07-07,Machine de controle qualite par vision,1105,36,96.74
2025-07-07,Machine de palettisation automatique,1080,27,97.5
2025-07-08,Machine CNC,650,43,93.38
2025-07-08,Tour industriel,703,33,95.31
2025-07-08,Fraiseuse industrielle,692,33,95.23
2025-07-08,Perceuse a colonne,715,32,95.52
2025-07-08,Presse hydraulique,725,35,95.17
2025-07-08,Presse mecanique,780,37,95.26
2025-07-08,Machine de decoupe laser,819,33,95.97
2025-07-08,Machine de decoupe plasma,823,59,92.83
2025-07-08,Machine de soudage robotisee,854,49,94.26
2025-07-08,Robot assemblage,874,39,95.54
2025-07-08,Machine de moulage par injection,933,27,97.11
2025-07-08,Machine extrusion,883,29,96.72
2025-07-08,Machine de pliage,937,25,97.33
2025-07-08,Machine de polissage,983,35,96.44
2025-07-08,Machine de peinture industrielle,1008,86,91.47
2025-07-08,Machine emballage,1042,82,92.13
2025-07-08,Etiqueteuse automatique,1035,66,93.62
2025-07-08,Convoyeur industriel,1088,47,95.68
2025-07-08,Machine de controle qualite par vision,1064,32,96.99
2025-07-08,Machine de palettisation automatique,1073,25,97.67
2025-07-09,Machine CNC,734,47,93.6
2025-07-09,Tour industriel,740,34,95.41
2025-07-09,Fraiseuse industrielle,780,37,95.26
2025-07-09,Perceuse a colonne,731,35,95.21
2025-07-09,Presse hydraulique,790,37,95.32
2025-07-09,Presse mecanique,778,35,95.5
2025-07-09,Machine de decoupe laser,760,25,96.71
2025-07-09,Machine de decoupe plasma,782,64,91.82
2025-07-09,Machine de soudage robotisee,890,51,94.27
2025-07-09,Robot assemblage,879,33,96.25
2025-07-09,Machine de moulage par injection,874,31,96.45
2025-07-09,Machine extrusion,881,27,96.94
2025-07-09,Machine de pliage,934,31,96.68
2025-07-09,Machine de polissage,895,35,96.09
2025-07-09,Machine de peinture industrielle,962,84,91.27
2025-07-09,Machine emballage,987,72,92.71
2025-07-09,Etiqueteuse automatique,1056,63,94.03
2025-07-09,Convoyeur industriel,1055,53,94.98
2025-07-09,Machine de controle qualite par vision,1090,44,95.96
2025-07-09,Machine de palettisation automatique,1142,32,97.2
2025-07-10,Machine CNC,785,48,93.89
2025-07-10,Tour industriel,784,46,94.13
2025-07-10,Fraiseuse industrielle,740,41,94.46
2025-07-10,Perceuse a colonne,756,42,94.44
2025-07-10,Presse hydraulique,813,38,95.33
2025-07-10,Presse mecanique,795,32,95.97
2025-07-10,Machine de decoupe laser,857,34,96.03
2025-07-10,Machine de decoupe plasma,780,60,92.31
2025-07-10,Machine de soudage robotisee,846,46,94.56
2025-07-10,Robot assemblage,793,31,96.09
2025-07-10,Machine de moulage par injection,805,32,96.02
2025-07-10,Machine extrusion,796,23,97.11
2025-07-10,Machine de pliage,899,32,96.44
2025-07-10,Machine de polissage,954,33,96.54
2025-07-10,Machine de peinture industrielle,998,85,91.48
2025-07-10,Machine emballage,1040,72,93.08
2025-07-10,Etiqueteuse automatique,1106,74,93.31
2025-07-10,Convoyeur industriel,1110,50,95.5
2025-07-10,Machine de controle qualite par vision,1201,36,97.0
2025-07-10,Machine de palettisation automatique,1176,33,97.19
2025-07-11,Machine CNC,747,45,93.98
2025-07-11,Tour industriel,755,44,94.17
2025-07-11,Fraiseuse industrielle,742,43,NaN
2025-07-11,Perceuse a colonne,689,29,95.79
2025-07-11,Presse hydraulique,722,40,94.46
2025-07-11,Presse mecanique,798,41,94.86
2025-07-11,Machine de decoupe laser,736,24,96.74
2025-07-11,Machine de decoupe plasma,783,59,92.46
2025-07-11,Machine de soudage robotisee,783,46,94.13
2025-07-11,Robot assemblage,784,31,96.05
2025-07-11,Machine de moulage par injection,826,31,96.25
2025-07-11,Machine extrusion,840,32,96.19
2025-07-11,Machine de pliage,926,41,95.57
2025-07-11,Machine de polissage,990,32,96.77
2025-07-11,Machine de peinture industrielle,998,78,92.18
2025-07-11,Machine emballage,1061,78,92.65
2025-07-11,Etiqueteuse automatique,1113,61,94.52
2025-07-11,Convoyeur industriel,1133,46,95.94
2025-07-11,Machine de controle qualite par vision,1158,34,97.06
2025-07-11,Machine de palettisation automatique,1192,29,97.57
2025-07-12,Machine CNC,696,39,94.4
2025-07-12,Tour industriel,732,35,95.22
2025-07-12,Fraiseuse industrielle,696,33,95.26
2025-07-12,Perceuse a colonne,712,41,94.24
2025-07-12,Presse hydraulique,700,39,94.43
2025-07-12,Presse mecanique,765,34,95.56
2025-07-12,Machine de decoupe laser,734,25,96.59
2025-07-12,Machine de decoupe plasma,755,61,91.92
2025-07-12,Machine de soudage robotisee,824,45,94.54
2025-07-12,Robot assemblage,797,35,95.61
2025-07-12,Machine de moulage par injection,875,24,97.26
2025-07-12,Machine extrusion,876,37,95.78
2025-07-12,Machine de pliage,1006,31,96.92
2025-07-12,Machine de polissage,983,34,96.54
2025-07-12,Machine de peinture industrielle,1002,85,91.52
2025-07-12,Machine emballage,1087,78,92.82
2025-07-12,Etiqueteuse automatique,1096,75,93.16
2025-07-12,Convoyeur industriel,1170,40,96.58
2025-07-12,Machine de controle qualite par vision,1110,33,97.03
2025-07-12,Machine de palettisation automatique,1150,19,98.35
2025-07-13,Machine CNC,688,40,94.19
2025-07-13,Tour industriel,721,34,95.28
2025-07-13,Fraiseuse industrielle,628,33,94.75
2025-07-13,Perceuse a colonne,659,37,94.39
2025-07-13,Presse hydraulique,681,38,94.42
2025-07-13,Presse mecanique,709,34,95.2
2025-07-13,Machine de decoupe laser,707,23,96.75
2025-07-13,Machine de decoupe plasma,802,56,93.02
2025-07-13,Machine de soudage robotisee,776,40,94.85
2025-07-13,Robot assemblage,850,37,95.65
2025-07-13,Machine de moulage par injection,901,31,96.56
2025-07-13,Machine extrusion,919,36,96.08
2025-07-13,Machine de pliage,958,45,95.3
2025-07-13,Machine de polissage,997,36,96.39
2025-07-13,Machine de peinture industrielle,1065,77,92.77
2025-07-13,Machine emballage,1036,78,92.47
2025-07-13,Etiqueteuse automatique,1109,63,94.32
2025-07-13,Convoyeur industriel,1096,43,96.08
2025-07-13,Machine de controle qualite par vision,1126,27,97.6
2025-07-13,Machine de palettisation automatique,1157,25,97.84
2025-07-14,Machine CNC,691,39,94.36
2025-07-14,Tour industriel,652,38,94.17
2025-07-14,Fraiseuse industrielle,659,37,94.39
2025-07-14,Perceuse a colonne,664,35,94.73
2025-07-14,Presse hydraulique,715,36,94.97
2025-07-14,Presse mecanique,734,33,95.5
2025-07-14,Machine de decoupe laser,750,19,97.47
2025-07-14,Machine de decoupe plasma,800,57,92.88
2025-07-14,Machine de soudage robotisee,862,51,94.08
2025-07-14,Robot assemblage,913,35,96.17
2025-07-14,Machine de moulage par injection,942,34,96.39
2025-07-14,Machine extrusion,986,32,96.75
2025-07-14,Machine de pliage,997,42,95.79
2025-07-14,Machine de polissage,1019,31,96.96
2025-07-14,Machine de peinture industrielle,1050,79,92.48
2025-07-14,Machine emballage,989,68,93.12
2025-07-14,Etiqueteuse automatique,1062,59,94.44
2025-07-14,Convoyeur industriel,1057,42,96.03
2025-07-14,Machine de controle qualite par vision,1021,29,97.16
2025-07-14,Machine de palettisation automatique,1059,11,98.96
2025-07-15,Machine CNC,677,36,94.68
2025-07-15,Tour industriel,727,39,94.64
2025-07-15,Fraiseuse industrielle,657,33,94.98
2025-07-15,Perceuse a colonne,722,41,94.32
2025-07-15,Presse hydraulique,789,42,94.68
2025-07-15,Presse mecanique,747,33,95.58
2025-07-15,Machine de decoupe laser,772,26,96.63
2025-07-15,Machine de decoupe plasma,837,53,93.67
2025-07-15,Machine de soudage robotisee,860,44,94.88
2025-07-15,Robot assemblage,933,39,95.82
2025-07-15,Machine de moulage par injection,893,30,NaN
2025-07-15,Machine extrusion,911,33,96.38
2025-07-15,Machine de pliage,902,31,96.56
2025-07-15,Machine de polissage,1009,49,95.14
2025-07-15,Machine de peinture industrielle,1027,78,92.41
2025-07-15,Machine emballage,1015,67,93.4
2025-07-15,Etiqueteuse automatique,1076,59,94.52
2025-07-15,Convoyeur industriel,1078,32,97.03
2025-07-15,Machine de controle qualite par vision,1144,32,97.2
2025-07-15,Machine de palettisation automatique,1161,27,97.67
2025-07-16,Machine CNC,727,37,94.91
2025-07-16,Tour industriel,703,37,94.74
2025-07-16,Fraiseuse industrielle,718,44,93.87
2025-07-16,Perceuse a colonne,760,46,93.95
2025-07-16,Presse hydraulique,789,43,94.55
2025-07-16,Presse mecanique,792,37,95.33
2025-07-16,Machine de decoupe laser,832,28,96.63
2025-07-16,Machine de decoupe plasma,834,52,93.76
2025-07-16,Machine de soudage robotisee,836,37,95.57
2025-07-16,Robot assemblage,897,38,95.76
2025-07-16,Machine de moulage par injection,843,38,95.49
2025-07-16,Machine extrusion,934,41,95.61
2025-07-16,Machine de pliage,899,41,95.44
2025-07-16,Machine de polissage,935,32,96.58
2025-07-16,Machine de peinture industrielle,970,85,91.24
2025-07-16,Machine emballage,1052,81,92.3
2025-07-16,Etiqueteuse automatique,1024,53,94.82
2025-07-16,Convoyeur industriel,1140,38,96.67
2025-07-16,Machine de controle qualite par vision,1076,32,97.03
2025-07-16,Machine de palettisation automatique,1162,27,97.68
2025-07-17,Machine CNC,706,41,94.19
2025-07-17,Tour industriel,759,47,93.81
2025-07-17,Fraiseuse industrielle,761,44,94.22
2025-07-17,Perceuse a colonne,743,39,94.75
2025-07-17,Presse hydraulique,763,46,93.97
2025-07-17,Presse mecanique,798,34,95.74
2025-07-17,Machine de decoupe laser,819,23,97.19
2025-07-17,Machine de decoupe plasma,787,47,94.03
2025-07-17,Machine de soudage robotisee,761,40,94.74
2025-07-17,Robot assemblage,819,34,95.85
2025-07-17,Machine de moulage par injection,852,40,95.31
2025-07-17,Machine extrusion,843,37,95.61
2025-07-17,Machine de pliage,899,42,95.33
2025-07-17,Machine de polissage,969,41,95.77
2025-07-17,Machine de peinture industrielle,1018,87,91.45
2025-07-17,Machine emballage,1016,63,93.8
2025-07-17,Etiqueteuse automatique,1077,56,94.8
2025-07-17,Convoyeur industriel,1122,38,96.61
2025-07-17,Machine de controle qualite par vision,1131,36,96.82
2025-07-17,Machine de palettisation automatique,1221,38,96.89
2025-07-18,Machine CNC,716,38,94.69
2025-07-18,Tour industriel,743,39,94.75
2025-07-18,Fraiseuse industrielle,767,44,94.26
2025-07-18,Perceuse a colonne,755,43,94.3
2025-07-18,Presse hydraulique,708,36,94.92
2025-07-18,Presse mecanique,741,30,95.95
2025-07-18,Machine de decoupe laser,792,25,96.84
2025-07-18,Machine de decoupe plasma,790,54,93.16
2025-07-18,Machine de soudage robotisee,734,43,94.14
2025-07-18,Robot assemblage,832,36,95.67
2025-07-18,Machine de moulage par injection,875,42,95.2
2025-07-18,Machine extrusion,928,41,95.58
2025-07-18,Machine de pliage,912,36,96.05
2025-07-18,Machine de polissage,980,42,95.71
2025-07-18,Machine de peinture industrielle,1005,81,91.94
2025-07-18,Machine emballage,1058,66,93.76
2025-07-18,Etiqueteuse automatique,1150,59,94.87
2025-07-18,Convoyeur industriel,1126,50,95.56
2025-07-18,Machine de controle qualite par vision,1174,31,97.36
2025-07-18,Machine de palettisation automatique,1172,39,96.67
2025-07-19,Machine CNC,675,39,94.22
2025-07-19,Tour industriel,726,42,94.21
2025-07-19,Fraiseuse industrielle,664,40,93.98
2025-07-19,Perceuse a colonne,671,40,94.04
2025-07-19,Presse hydraulique,677,35,94.83
2025-07-19,Presse mecanique,700,32,95.43
2025-07-19,Machine de decoupe laser,759,20,97.36
2025-07-19,Machine de decoupe plasma,739,45,93.91
2025-07-19,Machine de soudage robotisee,754,39,94.83
2025-07-19,Robot assemblage,815,41,94.97
2025-07-19,Machine de moulage par injection,861,37,95.7
2025-07-19,Machine extrusion,921,37,95.98
2025-07-19,Machine de pliage,1039,53,94.9
2025-07-19,Machine de polissage,1015,33,96.75
2025-07-19,Machine de peinture industrielle,1069,82,92.33
2025-07-19,Machine emballage,1007,67,93.35
2025-07-19,Etiqueteuse automatique,1147,52,95.47
2025-07-19,Convoyeur industriel,1194,NaN,96.65
2025-07-19,Machine de controle qualite par vision,1162,37,96.82
2025-07-19,Machine de palettisation automatique,1199,36,97.0
2025-07-20,Machine CNC,651,34,94.78
2025-07-20,Tour industriel,680,40,94.12
2025-07-20,Fraiseuse industrielle,753,42,94.42
2025-07-20,Perceuse a colonne,674,41,93.92
2025-07-20,Presse hydraulique,652,32,95.09
2025-07-20,Presse mecanique,706,28,96.03
2025-07-20,Machine de decoupe laser,701,18,97.43
2025-07-20,Machine de decoupe plasma,773,42,94.57
2025-07-20,Machine de soudage robotisee,790,44,94.43
2025-07-20,Robot assemblage,861,31,96.4
2025-07-20,Machine de moulage par injection,923,38,95.88
2025-07-20,Machine extrusion,964,44,95.44
2025-07-20,Machine de pliage,996,40,95.98
2025-07-20,Machine de polissage,1015,36,96.45
2025-07-20,Machine de peinture industrielle,1035,76,92.66
2025-07-20,Machine emballage,1078,67,93.78
2025-07-20,Etiqueteuse automatique,1148,45,96.08
2025-07-20,Convoyeur industriel,1101,36,96.73
2025-07-20,Machine de controle qualite par vision,1145,30,97.38
2025-07-20,Machine de palettisation automatique,1140,39,96.58
2025-07-21,Machine CNC,620,40,93.55
2025-07-21,Tour industriel,642,41,93.61
2025-07-21,Fraiseuse industrielle,729,42,94.24
2025-07-21,Perceuse a colonne,707,45,93.64
2025-07-21,Presse hydraulique,731,35,95.21
2025-07-21,Presse mecanique,760,29,96.18
2025-07-21,Machine de decoupe laser,776,19,97.55
2025-07-21,Machine de decoupe plasma,813,52,93.6
2025-07-21,Machine de soudage robotisee,850,42,95.06
2025-07-21,Robot assemblage,902,42,95.34
2025-07-21,Machine de moulage par injection,906,54,94.04
2025-07-21,Machine extrusion,986,42,95.74
2025-07-21,Machine de pliage,1021,45,95.59
2025-07-21,Machine de polissage,980,40,95.92
2025-07-21,Machine de peinture industrielle,1036,77,92.57
2025-07-21,Machine emballage,1077,69,93.59
2025-07-21,Etiqueteuse automatique,1083,47,95.66
2025-07-21,Convoyeur industriel,1070,34,96.82
2025-07-21,Machine de controle qualite par vision,1106,31,97.2
2025-07-21,Machine de palettisation automatique,1093,28,97.44
2025-07-22,Machine CNC,645,40,93.8
2025-07-22,Tour industriel,681,40,94.13
2025-07-22,Fraiseuse industrielle,671,NaN,93.74
2025-07-22,Perceuse a colonne,694,42,93.95
2025-07-22,Presse hydraulique,768,44,94.27
2025-07-22,Presse mecanique,741,29,96.09
2025-07-22,Machine de decoupe laser,819,15,98.17
2025-07-22,Machine de decoupe plasma,806,46,94.29
2025-07-22,Machine de soudage robotisee,873,49,94.39
2025-07-22,Robot assemblage,860,39,95.47
2025-07-22,Machine de moulage par injection,930,39,95.81
2025-07-22,Machine extrusion,956,46,95.19
2025-07-22,Machine de pliage,901,40,95.56
2025-07-22,Machine de polissage,982,38,96.13
2025-07-22,Machine de peinture industrielle,993,74,92.55
2025-07-22,Machine emballage,1104,59,94.66
2025-07-22,Etiqueteuse automatique,1118,42,96.24
2025-07-22,Convoyeur industriel,1065,39,96.34
2025-07-22,Machine de controle qualite par vision,1098,32,97.09
2025-07-22,Machine de palettisation automatique,1125,43,96.18
2025-07-23,Machine CNC,690,45,93.48
2025-07-23,Tour industriel,687,40,94.18
2025-07-23,Fraiseuse industrielle,710,45,93.66
2025-07-23,Perceuse a colonne,777,46,94.08
2025-07-23,Presse hydraulique,811,48,94.08
2025-07-23,Presse mecanique,785,38,95.16
2025-07-23,Machine de decoupe laser,747,26,96.52
2025-07-23,Machine de decoupe plasma,849,53,NaN
2025-07-23,Machine de soudage robotisee,865,40,95.38
2025-07-23,Robot assemblage,880,36,95.91
2025-07-23,Machine de moulage par injection,930,37,96.02
2025-07-23,Machine extrusion,961,43,95.53
2025-07-23,Machine de pliage,889,41,95.39
2025-07-23,Machine de polissage,937,34,96.37
2025-07-23,Machine de peinture industrielle,1025,76,92.59
2025-07-23,Machine emballage,1016,52,94.88
2025-07-23,Etiqueteuse automatique,1019,36,96.47
2025-07-23,Convoyeur industriel,1101,43,96.09
2025-07-23,Machine de controle qualite par vision,1098,24,97.81
2025-07-23,Machine de palettisation automatique,1109,37,96.66
2025-07-24,Machine CNC,712,42,94.1
2025-07-24,Tour industriel,768,50,93.49
2025-07-24,Fraiseuse industrielle,763,48,93.71
2025-07-24,Perceuse a colonne,724,44,93.92
2025-07-24,Presse hydraulique,727,41,94.36
2025-07-24,Presse mecanique,774,27,96.51
2025-07-24,Machine de decoupe laser,796,14,98.24
2025-07-24,Machine de decoupe plasma,806,46,94.29
2025-07-24,Machine de soudage robotisee,796,42,94.72
2025-07-24,Robot assemblage,810,40,95.06
2025-07-24,Machine de moulage par injection,828,45,94.57
2025-07-24,Machine extrusion,910,48,94.73
2025-07-24,Machine de pliage,933,41,95.61
2025-07-24,Machine de polissage,969,35,96.39
2025-07-24,Machine de peinture industrielle,979,68,93.05
2025-07-24,Machine emballage,1041,59,94.33
2025-07-24,Etiqueteuse automatique,1104,47,95.74
2025-07-24,Convoyeur industriel,1131,41,96.37
2025-07-24,Machine de controle qualite par vision,1100,27,97.55
2025-07-24,Machine de palettisation automatique,1149,45,96.08
2025-07-25,Machine CNC,746,47,93.7
2025-07-25,Tour industriel,728,45,93.82
2025-07-25,Fraiseuse industrielle,738,47,93.63
2025-07-25,Perceuse a colonne,710,44,93.8
2025-07-25,Presse hydraulique,741,37,95.01
2025-07-25,Presse mecanique,782,28,96.42
2025-07-25,Machine de decoupe laser,740,10,98.65
2025-07-25,Machine de decoupe plasma,742,45,NaN
2025-07-25,Machine de soudage robotisee,801,43,94.63
2025-07-25,Robot assemblage,836,35,95.81
2025-07-25,Machine de moulage par injection,854,39,95.43
2025-07-25,Machine extrusion,894,45,94.97
2025-07-25,Machine de pliage,984,41,95.83
2025-07-25,Machine de polissage,1009,33,96.73
2025-07-25,Machine de peinture industrielle,1002,64,93.61
2025-07-25,Machine emballage,1045,58,94.45
2025-07-25,Etiqueteuse automatique,1115,48,95.7
2025-07-25,Convoyeur industriel,1148,43,96.25
2025-07-25,Machine de controle qualite par vision,1122,35,96.88
2025-07-25,Machine de palettisation automatique,1197,38,96.83
2025-07-26,Machine CNC,663,44,93.36
2025-07-26,Tour industriel,691,46,93.34
2025-07-26,Fraiseuse industrielle,716,42,94.13
2025-07-26,Perceuse a colonne,701,41,94.15
2025-07-26,Presse hydraulique,718,31,95.68
2025-07-26,Presse mecanique,665,24,96.39
2025-07-26,Machine de decoupe laser,652,10,98.47
2025-07-26,Machine de decoupe plasma,698,37,94.7
2025-07-26,Machine de soudage robotisee,768,46,94.01
2025-07-26,Robot assemblage,837,43,94.86
2025-07-26,Machine de moulage par injection,851,43,94.95
2025-07-26,Machine extrusion,885,49,94.46
2025-07-26,Machine de pliage,936,43,95.41
2025-07-26,Machine de polissage,1047,35,96.66
2025-07-26,Machine de peinture industrielle,1078,70,93.51
2025-07-26,Machine emballage,1122,60,94.65
2025-07-26,Etiqueteuse automatique,1167,51,95.63
2025-07-26,Convoyeur industriel,1149,32,97.21
2025-07-26,Machine de controle qualite par vision,1143,39,96.59
2025-07-26,Machine de palettisation automatique,1208,40,96.69
2025-07-27,Machine CNC,680,44,93.53
2025-07-27,Tour industriel,639,48,92.49
2025-07-27,Fraiseuse industrielle,717,51,92.89
2025-07-27,Perceuse a colonne,662,34,94.86
2025-07-27,Presse hydraulique,699,32,95.42
2025-07-27,Presse mecanique,698,29,95.85
2025-07-27,Machine de decoupe laser,787,14,98.22
2025-07-27,Machine de decoupe plasma,790,44,94.43
2025-07-27,Machine de soudage robotisee,773,42,94.57
2025-07-27,Robot assemblage,890,48,94.61
2025-07-27,Machine de moulage par injection,908,41,95.48
2025-07-27,Machine extrusion,945,42,95.56
2025-07-27,Machine de pliage,1023,40,96.09
2025-07-27,Machine de polissage,1029,45,95.63
2025-07-27,Machine de peinture industrielle,1071,73,93.18
2025-07-27,Machine emballage,1104,58,94.75
2025-07-27,Etiqueteuse automatique,1144,52,95.45
2025-07-27,Convoyeur industriel,1141,38,96.67
2025-07-27,Machine de controle qualite par vision,1081,36,96.67
2025-07-27,Machine de palettisation automatique,1094,41,96.25
2025-07-28,Machine CNC,622,46,92.6
2025-07-28,Tour industriel,644,43,93.32
2025-07-28,Fraiseuse industrielle,640,40,93.75
2025-07-28,Perceuse a colonne,681,43,93.69
2025-07-28,Presse hydraulique,717,34,95.26
2025-07-28,Presse mecanique,718,26,96.38
2025-07-28,Machine de decoupe laser,800,14,98.25
2025-07-28,Machine de decoupe plasma,877,54,93.84
2025-07-28,Machine de soudage robotisee,886,46,94.81
2025-07-28,Robot assemblage,884,51,94.23
2025-07-28,Machine de moulage par injection,942,53,94.37
2025-07-28,Machine extrusion,922,48,94.79
2025-07-28,Machine de pliage,987,43,95.64
2025-07-28,Machine de polissage,1037,21,97.97
2025-07-28,Machine de peinture industrielle,1081,77,92.88
2025-07-28,Machine emballage,1080,60,94.44
2025-07-28,Etiqueteuse automatique,1112,46,95.86
2025-07-28,Convoyeur industriel,1087,51,95.31
2025-07-28,Machine de controle qualite par vision,1094,40,96.34
2025-07-28,Machine de palettisation automatique,1066,45,95.78
2025-07-29,Machine CNC,700,50,NaN
2025-07-29,Tour industriel,663,53,92.01
2025-07-29,Fraiseuse industrielle,665,43,93.53
2025-07-29,Perceuse a colonne,702,40,94.3
2025-07-29,Presse hydraulique,714,36,94.96
2025-07-29,Presse mecanique,792,25,NaN
2025-07-29,Machine de decoupe laser,767,8,98.96
2025-07-29,Machine de decoupe plasma,861,49,94.31
2025-07-29,Machine de soudage robotisee,897,49,94.54
2025-07-29,Robot assemblage,913,43,95.29
2025-07-29,Machine de moulage par injection,886,53,94.02
2025-07-29,Machine extrusion,959,54,94.37
2025-07-29,Machine de pliage,940,43,95.43
2025-07-29,Machine de polissage,961,22,97.71
2025-07-29,Machine de peinture industrielle,1026,66,93.57
2025-07-29,Machine emballage,1113,61,94.52
2025-07-29,Etiqueteuse automatique,1064,39,96.33
2025-07-29,Convoyeur industriel,1044,46,95.59
2025-07-29,Machine de controle qualite par vision,1109,44,96.03
2025-07-29,Machine de palettisation automatique,1116,49,95.61
2025-07-30,Machine CNC,665,50,92.48
2025-07-30,Tour industriel,706,50,92.92
2025-07-30,Fraiseuse industrielle,710,50,92.96
2025-07-30,Perceuse a colonne,733,41,94.41
2025-07-30,Presse hydraulique,775,31,96.0
2025-07-30,Presse mecanique,812,24,97.04
2025-07-30,Machine de decoupe laser,808,15,98.14
2025-07-30,Machine de decoupe plasma,857,51,94.05
2025-07-30,Machine de soudage robotisee,834,51,93.88
2025-07-30,Robot assemblage,833,47,94.36
2025-07-30,Machine de moulage par injection,894,45,94.97
2025-07-30,Machine extrusion,870,45,94.83
2025-07-30,Machine de pliage,981,38,96.13
2025-07-30,Machine de polissage,971,33,96.6
2025-07-30,Machine de peinture industrielle,941,62,93.41
2025-07-30,Machine emballage,977,53,94.58
2025-07-30,Etiqueteuse automatique,1052,44,95.82
2025-07-30,Convoyeur industriel,1115,48,95.7
2025-07-30,Machine de controle qualite par vision,1141,NaN,96.14
2025-07-30,Machine de palettisation automatique,1178,46,96.1
2025-07-31,Machine CNC,730,50,93.15
2025-07-31,Tour industriel,733,51,93.04
2025-07-31,Fraiseuse industrielle,697,46,NaN
2025-07-31,Perceuse a colonne,765,38,95.03
2025-07-31,Presse hydraulique,714,33,95.38
2025-07-31,Presse mecanique,721,23,96.81
2025-07-31,Machine de decoupe laser,780,10,98.72
2025-07-31,Machine de decoupe plasma,779,48,93.84
2025-07-31,Machine de soudage robotisee,808,45,94.43
2025-07-31,Robot assemblage,820,48,94.15
2025-07-31,Machine de moulage par injection,820,48,94.15
2025-07-31,Machine extrusion,901,45,95.01
2025-07-31,Machine de pliage,927,34,96.33
2025-07-31,Machine de polissage,951,31,96.74
2025-07-31,Machine de peinture industrielle,1002,NaN,93.81
2025-07-31,Machine emballage,1063,47,95.58
2025-07-31,Etiqueteuse automatique,1091,46,95.78
2025-07-31,Convoyeur industriel,1119,40,96.43
2025-07-31,Machine de controle qualite par vision,1136,46,95.95
2025-07-31,Machine de palettisation automatique,1190,45,96.22
2025-08-01,Machine CNC,677,46,93.21
2025-08-01,Tour industriel,803,56,93.03
2025-08-01,Fraiseuse industrielle,670,46,93.13
2025-08-01,Perceuse a colonne,800,50,93.75
2025-08-01,Presse hydraulique,714,29,95.94
2025-08-01,Presse mecanique,769,21,97.27
2025-08-01,Machine de decoupe laser,714,NaN,98.18
2025-08-01,Machine de decoupe plasma,756,41,94.58
2025-08-01,Machine de soudage robotisee,784,43,NaN
2025-08-01,Robot assemblage,812,47,94.21
2025-08-01,Machine de moulage par injection,864,46,94.68
2025-08-01,Machine extrusion,880,48,94.55
2025-08-01,Machine de pliage,1008,37,96.33
2025-08-01,Machine de polissage,987,34,96.56
2025-08-01,Machine de peinture industrielle,1028,66,93.58
2025-08-01,Machine emballage,1124,52,95.37
2025-08-01,Etiqueteuse automatique,1147,47,95.9
2025-08-01,Convoyeur industriel,1188,43,96.38
2025-08-01,Machine de controle qualite par vision,1205,56,95.35
2025-08-01,Machine de palettisation automatique,1188,49,95.88
2025-08-02,Machine CNC,699,54,92.27
2025-08-02,Tour industriel,708,48,93.22
2025-08-02,Fraiseuse industrielle,691,40,94.21
2025-08-02,Perceuse a colonne,659,36,94.54
2025-08-02,Presse hydraulique,647,29,95.52
2025-08-02,Presse mecanique,720,16,97.78
2025-08-02,Machine de decoupe laser,740,5,99.32
2025-08-02,Machine de decoupe plasma,767,42,94.52
2025-08-02,Machine de soudage robotisee,809,53,93.45
2025-08-02,Robot assemblage,847,52,93.86
2025-08-02,Machine de moulage par injection,881,49,94.44
2025-08-02,Machine extrusion,939,48,NaN
2025-08-02,Machine de pliage,1019,50,95.09
2025-08-02,Machine de polissage,1029,23,97.76
2025-08-02,Machine de peinture industrielle,1117,69,93.82
2025-08-02,Machine emballage,1156,58,94.98
2025-08-02,Etiqueteuse automatique,1120,54,95.18
2025-08-02,Convoyeur industriel,1184,52,95.61
2025-08-02,Machine de controle qualite par vision,1150,47,95.91
2025-08-02,Machine de palettisation automatique,1103,46,95.83
2025-08-03,Machine CNC,655,48,92.67
2025-08-03,Tour industriel,654,43,93.43
2025-08-03,Fraiseuse industrielle,667,45,93.25
2025-08-03,Perceuse a colonne,654,32,95.11
2025-08-03,Presse hydraulique,699,28,95.99
2025-08-03,Presse mecanique,723,14,98.06
2025-08-03,Machine de decoupe laser,722,11,98.48
2025-08-03,Machine de decoupe plasma,770,47,93.9
2025-08-03,Machine de soudage robotisee,830,48,94.22
2025-08-03,Robot assemblage,911,57,93.74
2025-08-03,Machine de moulage par injection,925,57,93.84
2025-08-03,Machine extrusion,930,47,94.95
2025-08-03,Machine de pliage,1020,37,96.37
2025-08-03,Machine de polissage,1126,28,97.51
2025-08-03,Machine de peinture industrielle,1099,69,93.72
2025-08-03,Machine emballage,1125,50,95.56
2025-08-03,Etiqueteuse automatique,1129,49,95.66
2025-08-03,Convoyeur industriel,1113,44,96.05
2025-08-03,Machine de controle qualite par vision,1101,55,95.0
2025-08-03,Machine de palettisation automatique,1149,49,95.74
2025-08-04,Machine CNC,620,47,92.42
2025-08-04,Tour industriel,651,46,92.93
2025-08-04,Fraiseuse industrielle,646,47,92.72
2025-08-04,Perceuse a colonne,662,33,95.02
2025-08-04,Presse hydraulique,707,27,96.18
2025-08-04,Presse mecanique,732,9,98.77
2025-08-04,Machine de decoupe laser,772,9,98.83
2025-08-04,Machine de decoupe plasma,838,54,93.56
2025-08-04,Machine de soudage robotisee,868,54,93.78
2025-08-04,Robot assemblage,952,61,93.59
2025-08-04,Machine de moulage par injection,937,55,94.13
2025-08-04,Machine extrusion,1008,52,94.84
2025-08-04,Machine de pliage,1013,44,95.66
2025-08-04,Machine de polissage,1086,25,97.7
2025-08-04,Machine de peinture industrielle,1053,63,94.02
2025-08-04,Machine emballage,1063,60,94.36
2025-08-04,Etiqueteuse automatique,1076,45,95.82
2025-08-04,Convoyeur industriel,1074,46,95.72
2025-08-04,Machine de controle qualite par vision,1116,47,95.79
2025-08-04,Machine de palettisation automatique,1078,47,95.64
2025-08-05,Machine CNC,661,50,92.44
2025-08-05,Tour industriel,695,53,92.37
2025-08-05,Fraiseuse industrielle,756,47,93.78
2025-08-05,Perceuse a colonne,743,40,94.62
2025-08-05,Presse hydraulique,713,30,95.79
2025-08-05,Presse mecanique,793,19,97.6
2025-08-05,Machine de decoupe laser,808,11,98.64
2025-08-05,Machine de decoupe plasma,863,56,93.51
2025-08-05,Machine de soudage robotisee,858,51,94.06
2025-08-05,Robot assemblage,894,57,93.62
2025-08-05,Machine de moulage par injection,960,53,94.48
2025-08-05,Machine extrusion,989,44,95.55
2025-08-05,Machine de pliage,980,38,96.12
2025-08-05,Machine de polissage,1034,25,97.58
2025-08-05,Machine de peinture industrielle,999,59,94.09
2025-08-05,Machine emballage,1032,54,94.77
2025-08-05,Etiqueteuse automatique,1071,39,96.36
2025-08-05,Convoyeur industriel,1123,52,95.37
2025-08-05,Machine de controle qualite par vision,1053,44,95.82
2025-08-05,Machine de palettisation automatique,1103,44,96.01
2025-08-06,Machine CNC,661,52,92.13
2025-08-06,Tour industriel,726,52,92.84
2025-08-06,Fraiseuse industrielle,705,44,93.76
2025-08-06,Perceuse a colonne,697,35,94.98
2025-08-06,Presse hydraulique,751,23,96.94
2025-08-06,Presse mecanique,758,22,97.1
2025-08-06,Machine de decoupe laser,792,8,98.99
2025-08-06,Machine de decoupe plasma,861,56,93.5
2025-08-06,Machine de soudage robotisee,806,47,94.17
2025-08-06,Robot assemblage,897,51,94.31
2025-08-06,Machine de moulage par injection,889,53,94.04
2025-08-06,Machine extrusion,919,47,94.89
2025-08-06,Machine de pliage,897,35,96.1
2025-08-06,Machine de polissage,962,23,97.61
2025-08-06,Machine de peinture industrielle,970,57,94.12
2025-08-06,Machine emballage,981,55,94.39
2025-08-06,Etiqueteuse automatique,1057,47,95.55
2025-08-06,Convoyeur industriel,1102,57,94.83
2025-08-06,Machine de controle qualite par vision,1073,45,95.81
2025-08-06,Machine de palettisation automatique,NaN,50,95.54
2025-08-07,Machine CNC,723,52,92.81
2025-08-07,Tour industriel,698,50,92.84
2025-08-07,Fraiseuse industrielle,811,53,93.46
2025-08-07,Perceuse a colonne,776,41,94.72
2025-08-07,Presse hydraulique,747,20,97.32
2025-08-07,Presse mecanique,785,16,97.96
2025-08-07,Machine de decoupe laser,810,11,98.64
2025-08-07,Machine de decoupe plasma,785,47,94.01
2025-08-07,Machine de soudage robotisee,832,54,93.51
2025-08-07,Robot assemblage,821,50,93.91
2025-08-07,Machine de moulage par injection,885,58,93.45
2025-08-07,Machine extrusion,977,50,94.88
2025-08-07,Machine de pliage,920,28,96.96
2025-08-07,Machine de polissage,1000,13,98.7
2025-08-07,Machine de peinture industrielle,1046,54,94.84
2025-08-07,Machine emballage,1023,58,94.33
2025-08-07,Etiqueteuse automatique,1135,48,95.77
2025-08-07,Convoyeur industriel,1075,53,95.07
2025-08-07,Machine de controle qualite par vision,1168,63,94.61
2025-08-07,Machine de palettisation automatique,1187,60,94.95
2025-08-08,Machine CNC,736,61,91.71
2025-08-08,Tour industriel,710,50,92.96
2025-08-08,Fraiseuse industrielle,749,46,93.86
2025-08-08,Perceuse a colonne,711,31,95.64
2025-08-08,Presse hydraulique,715,24,96.64
2025-08-08,Presse mecanique,723,18,97.51
2025-08-08,Machine de decoupe laser,772,12,98.45
2025-08-08,Machine de decoupe plasma,750,49,93.47
2025-08-08,Machine de soudage robotisee,880,54,93.86
2025-08-08,Robot assemblage,800,58,92.75
2025-08-08,Machine de moulage par injection,849,50,94.11
2025-08-08,Machine extrusion,905,38,95.8
2025-08-08,Machine de pliage,924,26,97.19
2025-08-08,Machine de polissage,976,21,97.85
2025-08-08,Machine de peinture industrielle,1074,73,93.2
2025-08-08,Machine emballage,1070,53,95.05
2025-08-08,Etiqueteuse automatique,1146,60,94.76
2025-08-08,Convoyeur industriel,1136,61,94.63
2025-08-08,Machine de controle qualite par vision,1132,62,94.52
2025-08-08,Machine de palettisation automatique,1166,47,95.97
2025-08-09,Machine CNC,724,61,91.57
2025-08-09,Tour industriel,687,53,92.29
2025-08-09,Fraiseuse industrielle,658,40,93.92
2025-08-09,Perceuse a colonne,679,32,95.29
2025-08-09,Presse hydraulique,627,19,96.97
2025-08-09,Presse mecanique,716,15,97.91
2025-08-09,Machine de decoupe laser,729,10,98.63
2025-08-09,Machine de decoupe plasma,753,46,93.89
2025-08-09,Machine de soudage robotisee,778,49,93.7
2025-08-09,Robot assemblage,844,52,93.84
2025-08-09,Machine de moulage par injection,905,56,93.81
2025-08-09,Machine extrusion,960,51,94.69
2025-08-09,Machine de pliage,989,32,96.76
2025-08-09,Machine de polissage,1088,12,98.9
2025-08-09,Machine de peinture industrielle,1087,62,94.3
2025-08-09,Machine emballage,1099,44,96.0
2025-08-09,Etiqueteuse automatique,1145,55,95.2
2025-08-09,Convoyeur industriel,1233,71,94.24
2025-08-09,Machine de controle qualite par vision,1177,70,94.05
2025-08-09,Machine de palettisation automatique,1132,47,NaN
2025-08-10,Machine CNC,670,52,92.24
2025-08-10,Tour industriel,696,55,92.1
2025-08-10,Fraiseuse industrielle,639,39,93.9
2025-08-10,Perceuse a colonne,653,32,95.1
2025-08-10,Presse hydraulique,672,18,NaN
2025-08-10,Presse mecanique,711,14,98.03
2025-08-10,Machine de decoupe laser,750,9,98.8
2025-08-10,Machine de decoupe plasma,773,50,93.53
2025-08-10,Machine de soudage robotisee,865,58,93.29
2025-08-10,Robot assemblage,919,53,94.23
2025-08-10,Machine de moulage par injection,938,58,93.82
2025-08-10,Machine extrusion,985,47,95.23
2025-08-10,Machine de pliage,1025,35,96.59
2025-08-10,Machine de polissage,1068,17,98.41
2025-08-10,Machine de peinture industrielle,1090,61,94.4
2025-08-10,Machine emballage,1130,54,95.22
2025-08-10,Etiqueteuse automatique,1161,60,94.83
2025-08-10,Convoyeur industriel,1081,56,94.82
2025-08-10,Machine de controle qualite par vision,1100,54,95.09
2025-08-10,Machine de palettisation automatique,1082,43,96.03
2025-08-11,Machine CNC,643,47,NaN
2025-08-11,Tour industriel,617,44,92.87
2025-08-11,Fraiseuse industrielle,596,34,94.3
2025-08-11,Perceuse a colonne,725,28,96.14
2025-08-11,Presse hydraulique,726,23,96.83
2025-08-11,Presse mecanique,811,17,97.9
2025-08-11,Machine de decoupe laser,753,7,99.07
2025-08-11,Machine de decoupe plasma,800,54,93.25
2025-08-11,Machine de soudage robotisee,913,66,92.77
2025-08-11,Robot assemblage,960,63,93.44
2025-08-11,Machine de moulage par injection,936,54,94.23
2025-08-11,Machine extrusion,1029,41,96.02
2025-08-11,Machine de pliage,1045,27,97.42
2025-08-11,Machine de polissage,1066,6,99.44
2025-08-11,Machine de peinture industrielle,1082,61,94.36
2025-08-11,Machine emballage,1081,49,95.47
2025-08-11,Etiqueteuse automatique,1096,58,94.71
2025-08-11,Convoyeur industriel,1025,56,94.54
2025-08-11,Machine de controle qualite par vision,1124,54,95.2
2025-08-11,Machine de palettisation automatique,1093,39,96.43
2025-08-12,Machine CNC,663,52,92.16
2025-08-12,Tour industriel,668,47,92.96
2025-08-12,Fraiseuse industrielle,653,39,94.03
2025-08-12,Perceuse a colonne,683,31,95.46
2025-08-12,Presse hydraulique,758,20,97.36
2025-08-12,Presse mecanique,786,10,98.73
2025-08-12,Machine de decoupe laser,805,15,98.14
2025-08-12,Machine de decoupe plasma,844,61,92.77
2025-08-12,Machine de soudage robotisee,835,57,93.17
2025-08-12,Robot assemblage,945,64,93.23
2025-08-12,Machine de moulage par injection,941,54,94.26
2025-08-12,Machine extrusion,983,40,NaN
2025-08-12,Machine de pliage,1016,27,97.34
2025-08-12,Machine de polissage,1004,9,99.1
2025-08-12,Machine de peinture industrielle,1036,67,93.53
2025-08-12,Machine emballage,1014,56,94.48
2025-08-12,Etiqueteuse automatique,1109,59,94.68
2025-08-12,Convoyeur industriel,1104,66,94.02
2025-08-12,Machine de controle qualite par vision,1076,54,94.98
2025-08-12,Machine de palettisation automatique,1120,47,95.8
2025-08-13,Machine CNC,679,55,91.9
2025-08-13,Tour industriel,701,47,93.3
2025-08-13,Fraiseuse industrielle,703,41,94.17
2025-08-13,Perceuse a colonne,774,31,95.99
2025-08-13,Presse hydraulique,763,14,98.17
2025-08-13,Presse mecanique,775,14,98.19
2025-08-13,Machine de decoupe laser,798,9,98.87
2025-08-13,Machine de decoupe plasma,867,65,92.5
2025-08-13,Machine de soudage robotisee,855,58,93.22
2025-08-13,Robot assemblage,846,59,93.03
2025-08-13,Machine de moulage par injection,902,46,94.9
2025-08-13,Machine extrusion,894,31,96.53
2025-08-13,Machine de pliage,907,24,97.35
2025-08-13,Machine de polissage,970,21,97.84
2025-08-13,Machine de peinture industrielle,1042,59,94.34
2025-08-13,Machine emballage,1057,55,94.8
2025-08-13,Etiqueteuse automatique,1040,67,93.56
2025-08-13,Convoyeur industriel,1094,62,94.33
2025-08-13,Machine de controle qualite par vision,1137,60,94.72
2025-08-13,Machine de palettisation automatique,1121,46,95.9
2025-08-14,Machine CNC,715,60,91.61
2025-08-14,Tour industriel,734,52,92.92
2025-08-14,Fraiseuse industrielle,726,42,94.21
2025-08-14,Perceuse a colonne,738,29,96.07
2025-08-14,Presse hydraulique,749,19,97.46
2025-08-14,Presse mecanique,737,11,98.51
2025-08-14,Machine de decoupe laser,737,14,98.1
2025-08-14,Machine de decoupe plasma,760,50,93.42
2025-08-14,Machine de soudage robotisee,830,56,93.25
2025-08-14,Robot assemblage,847,57,93.27
2025-08-14,Machine de moulage par injection,912,56,93.86
2025-08-14,Machine extrusion,928,36,96.12
2025-08-14,Machine de pliage,902,22,97.56
2025-08-14,Machine de polissage,990,11,98.89
2025-08-14,Machine de peinture industrielle,975,58,94.05
2025-08-14,Machine emballage,1081,58,94.63
2025-08-14,Etiqueteuse automatique,1091,62,94.32
2025-08-14,Convoyeur industriel,1089,61,94.4
2025-08-14,Machine de controle qualite par vision,1161,56,95.18
2025-08-14,Machine de palettisation automatique,1169,51,95.64
2025-08-15,Machine CNC,733,61,91.68
2025-08-15,Tour industriel,734,56,92.37
2025-08-15,Fraiseuse industrielle,732,39,94.67
2025-08-15,Perceuse a colonne,691,26,96.24
2025-08-15,Presse hydraulique,685,18,97.37
2025-08-15,Presse mecanique,740,13,98.24
2025-08-15,Machine de decoupe laser,809,15,98.15
2025-08-15,Machine de decoupe plasma,751,60,92.01
2025-08-15,Machine de soudage robotisee,789,56,92.9
2025-08-15,Robot assemblage,874,60,93.14
2025-08-15,Machine de moulage par injection,909,51,94.39
2025-08-15,Machine extrusion,918,32,96.51
2025-08-15,Machine de pliage,956,29,96.97
2025-08-15,Machine de polissage,1027,14,98.64
2025-08-15,Machine de peinture industrielle,1023,59,94.23
2025-08-15,Machine emballage,1140,67,94.12
2025-08-15,Etiqueteuse automatique,1140,62,94.56
2025-08-15,Convoyeur industriel,1136,68,94.01
2025-08-15,Machine de controle qualite par vision,1139,56,95.08
2025-08-15,Machine de palettisation automatique,1171,43,96.33
2025-08-16,Machine CNC,680,53,92.21
2025-08-16,Tour industriel,655,46,92.98
2025-08-16,Fraiseuse industrielle,696,36,94.83
2025-08-16,Perceuse a colonne,669,27,95.96
2025-08-16,Presse hydraulique,720,25,96.53
2025-08-16,Presse mecanique,724,9,98.76
2025-08-16,Machine de decoupe laser,751,15,98.0
2025-08-16,Machine de decoupe plasma,772,53,93.13
2025-08-16,Machine de soudage robotisee,769,60,92.2
2025-08-16,Robot assemblage,791,54,93.17
2025-08-16,Machine de moulage par injection,914,60,93.44
2025-08-16,Machine extrusion,937,35,96.26
2025-08-16,Machine de pliage,1036,24,97.68
2025-08-16,Machine de polissage,1090,12,98.9
2025-08-16,Machine de peinture industrielle,1064,64,93.98
2025-08-16,Machine emballage,1091,61,94.41
2025-08-16,Etiqueteuse automatique,1139,60,94.73
2025-08-16,Convoyeur industriel,1163,62,94.67
2025-08-16,Machine de controle qualite par vision,1190,59,95.04
2025-08-16,Machine de palettisation automatique,1149,54,95.3
2025-08-17,Machine CNC,625,49,92.16
2025-08-17,Tour industriel,658,42,93.62
2025-08-17,Fraiseuse industrielle,674,33,95.1
2025-08-17,Perceuse a colonne,703,25,96.44
2025-08-17,Presse hydraulique,666,15,97.75
2025-08-17,Presse mecanique,763,21,97.25
2025-08-17,Machine de decoupe laser,756,12,98.41
2025-08-17,Machine de decoupe plasma,816,60,92.65
2025-08-17,Machine de soudage robotisee,842,53,93.71
2025-08-17,Robot assemblage,862,46,94.66
2025-08-17,Machine de moulage par injection,956,51,94.67
2025-08-17,Machine extrusion,962,43,95.53
2025-08-17,Machine de pliage,1012,23,NaN
2025-08-17,Machine de polissage,1026,12,98.83
2025-08-17,Machine de peinture industrielle,1063,58,94.54
2025-08-17,Machine emballage,1096,62,94.34
2025-08-17,Etiqueteuse automatique,1104,68,93.84
2025-08-17,Convoyeur industriel,1098,61,94.44
2025-08-17,Machine de controle qualite par vision,1082,47,95.66
2025-08-17,Machine de palettisation automatique,1116,48,95.7
2025-08-18,Machine CNC,593,47,92.07
2025-08-18,Tour industriel,660,42,93.64
2025-08-18,Fraiseuse industrielle,679,35,94.85
2025-08-18,Perceuse a colonne,603,21,96.52
2025-08-18,Presse hydraulique,699,12,98.28
2025-08-18,Presse mecanique,752,13,98.27
2025-08-18,Machine de decoupe laser,841,20,97.62
2025-08-18,Machine de decoupe plasma,842,57,93.23
2025-08-18,Machine de soudage robotisee,872,63,92.78
2025-08-18,Robot assemblage,925,63,93.19
2025-08-18,Machine de moulage par injection,1003,52,94.82
2025-08-18,Machine extrusion,1007,35,96.52
2025-08-18,Machine de pliage,1017,17,98.33
2025-08-18,Machine de polissage,1067,18,98.31
2025-08-18,Machine de peinture industrielle,1050,50,95.24
2025-08-18,Machine emballage,1098,66,93.99
2025-08-18,Etiqueteuse automatique,1093,67,93.87
2025-08-18,Convoyeur industriel,1075,68,NaN
2025-08-18,Machine de controle qualite par vision,1058,50,95.27
2025-08-18,Machine de palettisation automatique,1070,37,96.54
2025-08-19,Machine CNC,648,54,NaN
2025-08-19,Tour industriel,664,44,93.37
2025-08-19,Fraiseuse industrielle,681,34,95.01
2025-08-19,Perceuse a colonne,723,27,96.27
2025-08-19,Presse hydraulique,720,19,97.36
2025-08-19,Presse mecanique,807,17,97.89
2025-08-19,Machine de decoupe laser,818,24,97.07
2025-08-19,Machine de decoupe plasma,868,69,92.05
2025-08-19,Machine de soudage robotisee,912,64,92.98
2025-08-19,Robot assemblage,921,61,93.38
2025-08-19,Machine de moulage par injection,984,52,94.72
2025-08-19,Machine extrusion,939,36,96.17
2025-08-19,Machine de pliage,962,12,98.75
2025-08-19,Machine de polissage,1018,18,98.23
2025-08-19,Machine de peinture industrielle,948,61,93.57
2025-08-19,Machine emballage,1069,59,94.48
2025-08-19,Etiqueteuse automatique,1003,58,94.22
2025-08-19,Convoyeur industriel,1026,67,93.47
2025-08-19,Machine de controle qualite par vision,1056,58,94.51
2025-08-19,Machine de palettisation automatique,1107,47,95.75
2025-08-20,Machine CNC,671,55,91.8
2025-08-20,Tour industriel,656,39,94.05
2025-08-20,Fraiseuse industrielle,692,32,95.38
2025-08-20,Perceuse a colonne,717,22,96.93
2025-08-20,Presse hydraulique,759,16,97.89
2025-08-20,Presse mecanique,787,18,97.71
2025-08-20,Machine de decoupe laser,810,20,97.53
2025-08-20,Machine de decoupe plasma,847,69,91.85
2025-08-20,Machine de soudage robotisee,862,69,92.0
2025-08-20,Robot assemblage,854,54,93.68
2025-08-20,Machine de moulage par injection,914,45,95.08
2025-08-20,Machine extrusion,927,24,97.41
2025-08-20,Machine de pliage,915,13,NaN
2025-08-20,Machine de polissage,934,3,99.68
2025-08-20,Machine de peinture industrielle,992,54,94.56
2025-08-20,Machine emballage,1007,61,93.94
2025-08-20,Etiqueteuse automatique,1051,63,94.01
2025-08-20,Convoyeur industriel,1046,62,94.07
2025-08-20,Machine de controle qualite par vision,1127,54,95.21
2025-08-20,Machine de palettisation automatique,1133,42,96.29
2025-08-21,Machine CNC,678,51,92.48
2025-08-21,Tour industriel,729,46,93.69
2025-08-21,Fraiseuse industrielle,750,39,94.8
2025-08-21,Perceuse a colonne,757,25,96.7
2025-08-21,Presse hydraulique,734,20,97.28
2025-08-21,Presse mecanique,796,22,97.24
2025-08-21,Machine de decoupe laser,803,24,97.01
2025-08-21,Machine de decoupe plasma,848,74,91.27
2025-08-21,Machine de soudage robotisee,790,58,92.66
2025-08-21,Robot assemblage,887,62,93.01
2025-08-21,Machine de moulage par injection,898,39,95.66
2025-08-21,Machine extrusion,909,31,96.59
2025-08-21,Machine de pliage,929,15,98.39
2025-08-21,Machine de polissage,995,10,98.99
2025-08-21,Machine de peinture industrielle,1038,67,93.55
2025-08-21,Machine emballage,1067,64,94.0
2025-08-21,Etiqueteuse automatique,1059,73,93.11
2025-08-21,Convoyeur industriel,1126,61,94.58
2025-08-21,Machine de controle qualite par vision,1184,62,94.76
2025-08-21,Machine de palettisation automatique,1176,48,95.92
2025-08-22,Machine CNC,705,53,92.48
2025-08-22,Tour industriel,679,42,93.81
2025-08-22,Fraiseuse industrielle,700,31,NaN
2025-08-22,Perceuse a colonne,706,23,96.74
2025-08-22,Presse hydraulique,707,24,96.61
2025-08-22,Presse mecanique,741,15,97.98
2025-08-22,Machine de decoupe laser,778,18,97.69
2025-08-22,Machine de decoupe plasma,787,64,91.87
2025-08-22,Machine de soudage robotisee,835,62,92.57
2025-08-22,Robot assemblage,854,52,93.91
2025-08-22,Machine de moulage par injection,903,36,96.01
2025-08-22,Machine extrusion,941,24,97.45
2025-08-22,Machine de pliage,944,18,98.09
2025-08-22,Machine de polissage,992,11,98.89
2025-08-22,Machine de peinture industrielle,1091,67,93.86
2025-08-22,Machine emballage,1161,75,93.54
2025-08-22,Etiqueteuse automatique,1109,70,93.69
2025-08-22,Convoyeur industriel,1179,62,94.74
2025-08-22,Machine de controle qualite par vision,1161,50,95.69
2025-08-22,Machine de palettisation automatique,1201,43,96.42
2025-08-23,Machine CNC,665,51,92.33
2025-08-23,Tour industriel,652,35,94.63
2025-08-23,Fraiseuse industrielle,638,28,95.61
2025-08-23,Perceuse a colonne,677,20,97.05
2025-08-23,Presse hydraulique,664,15,97.74
2025-08-23,Presse mecanique,737,21,97.15
2025-08-23,Machine de decoupe laser,739,25,96.62
2025-08-23,Machine de decoupe plasma,735,65,91.16
2025-08-23,Machine de soudage robotisee,817,60,92.66
2025-08-23,Robot assemblage,893,48,94.62
2025-08-23,Machine de moulage par injection,926,38,95.9
2025-08-23,Machine extrusion,941,20,97.87
2025-08-23,Machine de pliage,1000,19,98.1
2025-08-23,Machine de polissage,1070,16,98.5
2025-08-23,Machine de peinture industrielle,1091,74,93.22
2025-08-23,Machine emballage,1150,81,92.96
2025-08-23,Etiqueteuse automatique,1142,66,94.22
2025-08-23,Convoyeur industriel,1168,65,94.43
2025-08-23,Machine de controle qualite par vision,1196,58,95.15
2025-08-23,Machine de palettisation automatique,1122,33,97.06
2025-08-24,Machine CNC,620,46,92.58
2025-08-24,Tour industriel,655,41,93.74
2025-08-24,Fraiseuse industrielle,623,23,NaN
2025-08-24,Perceuse a colonne,719,26,96.38
2025-08-24,Presse hydraulique,677,20,97.05
2025-08-24,Presse mecanique,722,21,97.09
2025-08-24,Machine de decoupe laser,755,22,97.09
2025-08-24,Machine de decoupe plasma,775,65,91.61
2025-08-24,Machine de soudage robotisee,877,63,92.82
2025-08-24,Robot assemblage,941,55,94.16
2025-08-24,Machine de moulage par injection,939,37,96.06
2025-08-24,Machine extrusion,999,22,97.8
2025-08-24,Machine de pliage,994,17,98.29
2025-08-24,Machine de polissage,1005,15,98.51
2025-08-24,Machine de peinture industrielle,1082,74,93.16
2025-08-24,Machine emballage,1160,77,93.36
2025-08-24,Etiqueteuse automatique,1098,69,93.72
2025-08-24,Convoyeur industriel,1150,72,93.74
2025-08-24,Machine de controle qualite par vision,1084,51,95.3
2025-08-24,Machine de palettisation automatique,1084,28,97.42
2025-08-25,Machine CNC,580,41,92.93
2025-08-25,Tour industriel,648,37,94.29
2025-08-25,Fraiseuse industrielle,657,24,96.35
2025-08-25,Perceuse a colonne,642,23,96.42
2025-08-25,Presse hydraulique,682,18,97.36
2025-08-25,Presse mecanique,769,29,96.23
2025-08-25,Machine de decoupe laser,803,23,97.14
2025-08-25,Machine de decoupe plasma,838,70,91.65
2025-08-25,Machine de soudage robotisee,874,67,92.33
2025-08-25,Robot assemblage,914,48,94.75
2025-08-25,Machine de moulage par injection,986,42,95.74
2025-08-25,Machine extrusion,994,30,96.98
2025-08-25,Machine de pliage,1038,25,97.59
2025-08-25,Machine de polissage,1026,15,98.54
2025-08-25,Machine de peinture industrielle,1067,76,92.88
2025-08-25,Machine emballage,1081,79,92.69
2025-08-25,Etiqueteuse automatique,1066,58,94.56
2025-08-25,Convoyeur industriel,1076,58,94.61
2025-08-25,Machine de controle qualite par vision,1043,42,95.97
2025-08-25,Machine de palettisation automatique,1076,26,97.58
2025-08-26,Machine CNC,666,48,92.79
2025-08-26,Tour industriel,623,38,93.9
2025-08-26,Fraiseuse industrielle,685,23,96.64
2025-08-26,Perceuse a colonne,737,24,96.74
2025-08-26,Presse hydraulique,716,23,96.79
2025-08-26,Presse mecanique,793,29,96.34
2025-08-26,Machine de decoupe laser,861,32,96.28
2025-08-26,Machine de decoupe plasma,880,67,92.39
2025-08-26,Machine de soudage robotisee,903,67,92.58
2025-08-26,Robot assemblage,923,48,94.8
2025-08-26,Machine de moulage par injection,963,45,95.33
2025-08-26,Machine extrusion,NaN,29,96.73
2025-08-26,Machine de pliage,1029,10,99.03
2025-08-26,Machine de polissage,1002,22,97.8
2025-08-26,Machine de peinture industrielle,1024,70,93.16
2025-08-26,Machine emballage,1048,81,92.27
2025-08-26,Etiqueteuse automatique,1082,65,93.99
2025-08-26,Convoyeur industriel,1071,55,94.86
2025-08-26,Machine de controle qualite par vision,1061,39,96.32
2025-08-26,Machine de palettisation automatique,1079,33,96.94
2025-08-27,Machine CNC,693,46,93.36
2025-08-27,Tour industriel,742,39,94.74
2025-08-27,Fraiseuse industrielle,752,33,95.61
2025-08-27,Perceuse a colonne,737,23,96.88
2025-08-27,Presse hydraulique,759,26,96.57
2025-08-27,Presse mecanique,827,28,96.61
2025-08-27,Machine de decoupe laser,742,28,96.23
2025-08-27,Machine de decoupe plasma,866,74,91.45
2025-08-27,Machine de soudage robotisee,853,57,93.32
2025-08-27,Robot assemblage,866,51,94.11
2025-08-27,Machine de moulage par injection,926,28,96.98
2025-08-27,Machine extrusion,930,26,97.2
2025-08-27,Machine de pliage,959,17,98.23
2025-08-27,Machine de polissage,996,21,97.89
2025-08-27,Machine de peinture industrielle,983,71,92.78
2025-08-27,Machine emballage,997,70,92.98
2025-08-27,Etiqueteuse automatique,1019,72,92.93
2025-08-27,Convoyeur industriel,1071,68,93.65
2025-08-27,Machine de controle qualite par vision,1076,39,96.38
2025-08-27,Machine de palettisation automatique,1136,23,97.98
2025-08-28,Machine CNC,695,53,92.37
2025-08-28,Tour industriel,712,40,94.38
2025-08-28,Fraiseuse industrielle,759,27,NaN
2025-08-28,Perceuse a colonne,772,29,96.24
2025-08-28,Presse hydraulique,752,31,95.88
2025-08-28,Presse mecanique,726,22,96.97
2025-08-28,Machine de decoupe laser,851,27,96.83
2025-08-28,Machine de decoupe plasma,833,63,92.44
2025-08-28,Machine de soudage robotisee,803,54,93.28
2025-08-28,Robot assemblage,863,47,94.55
2025-08-28,Machine de moulage par injection,915,32,96.5
2025-08-28,Machine extrusion,949,23,97.58
2025-08-28,Machine de pliage,949,15,98.42
2025-08-28,Machine de polissage,1012,19,98.12
2025-08-28,Machine de peinture industrielle,1087,89,91.81
2025-08-28,Machine emballage,1048,79,92.46
2025-08-28,Etiqueteuse automatique,1116,63,94.35
2025-08-28,Convoyeur industriel,1092,57,94.78
2025-08-28,Machine de controle qualite par vision,1148,51,95.56
2025-08-28,Machine de palettisation automatique,1131,29,97.44
2025-08-29,Machine CNC,678,51,NaN
2025-08-29,Tour industriel,715,39,94.55
2025-08-29,Fraiseuse industrielle,729,29,96.02
2025-08-29,Perceuse a colonne,703,19,97.3
2025-08-29,Presse hydraulique,709,28,96.05
2025-08-29,Presse mecanique,727,28,96.15
2025-08-29,Machine de decoupe laser,789,27,96.58
2025-08-29,Machine de decoupe plasma,729,NaN,91.63
2025-08-29,Machine de soudage robotisee,786,52,93.38
2025-08-29,Robot assemblage,897,46,94.87
2025-08-29,Machine de moulage par injection,873,34,96.11
2025-08-29,Machine extrusion,960,21,97.81
2025-08-29,Machine de pliage,972,20,97.94
2025-08-29,Machine de polissage,1013,23,97.73
2025-08-29,Machine de peinture industrielle,1058,77,92.72
2025-08-29,Machine emballage,1051,70,93.34
2025-08-29,Etiqueteuse automatique,1156,74,93.6
2025-08-29,Convoyeur industriel,1146,63,94.5
2025-08-29,Machine de controle qualite par vision,1189,44,96.3
2025-08-29,Machine de palettisation automatique,1166,27,97.68
2025-08-30,Machine CNC,649,41,93.68
2025-08-30,Tour industriel,669,32,95.22
2025-08-30,Fraiseuse industrielle,695,29,95.83
2025-08-30,Perceuse a colonne,704,21,97.02
2025-08-30,Presse hydraulique,697,22,96.84
2025-08-30,Presse mecanique,761,27,96.45
2025-08-30,Machine de decoupe laser,772,31,95.98
2025-08-30,Machine de decoupe plasma,829,69,91.68
2025-08-30,Machine de soudage robotisee,863,54,93.74
2025-08-30,Robot assemblage,932,46,95.06
2025-08-30,Machine de moulage par injection,957,36,96.24
2025-08-30,Machine extrusion,985,28,97.16
2025-08-30,Machine de pliage,1028,18,98.25
2025-08-30,Machine de polissage,1077,20,98.14
2025-08-30,Machine de peinture industrielle,1086,77,92.91
2025-08-30,Machine emballage,1088,81,NaN
2025-08-30,Etiqueteuse automatique,1155,75,93.51
2025-08-30,Convoyeur industriel,1102,55,95.01
2025-08-30,Machine de controle qualite par vision,1136,42,96.3
2025-08-30,Machine de palettisation automatique,1168,21,98.2
2025-08-31,Machine CNC,650,46,92.92
2025-08-31,Tour industriel,653,33,94.95
2025-08-31,Fraiseuse industrielle,636,29,95.44
2025-08-31,Perceuse a colonne,642,28,95.64
2025-08-31,Presse hydraulique,691,28,95.95
2025-08-31,Presse mecanique,741,29,96.09
2025-08-31,Machine de decoupe laser,754,25,96.68
2025-08-31,Machine de decoupe plasma,810,66,91.85
2025-08-31,Machine de soudage robotisee,886,61,93.12
2025-08-31,Robot assemblage,902,46,94.9
2025-08-31,Machine de moulage par injection,947,40,95.78
2025-08-31,Machine extrusion,1030,32,96.89
2025-08-31,Machine de pliage,1041,27,97.41
2025-08-31,Machine de polissage,1046,21,97.99
2025-08-31,Machine de peinture industrielle,1143,83,92.74
2025-08-31,Machine emballage,1103,79,92.84
2025-08-31,Etiqueteuse automatique,1195,74,93.81
2025-08-31,Convoyeur industriel,1097,44,95.99
2025-08-31,Machine de controle qualite par vision,1068,39,96.35
2025-08-31,Machine de palettisation automatique,1083,18,98.34
2025-09-01,Machine CNC,593,40,93.25
2025-09-01,Tour industriel,592,31,94.76
2025-09-01,Fraiseuse industrielle,607,27,95.55
2025-09-01,Perceuse a colonne,659,25,96.21
2025-09-01,Presse hydraulique,733,25,96.59
2025-09-01,Presse mecanique,755,33,95.63
2025-09-01,Machine de decoupe laser,850,32,96.24
2025-09-01,Machine de decoupe plasma,880,70,92.05
2025-09-01,Machine de soudage robotisee,873,62,92.9
2025-09-01,Robot assemblage,942,42,95.54
2025-09-01,Machine de moulage par injection,997,39,96.09
2025-09-01,Machine extrusion,1019,32,96.86
2025-09-01,Machine de pliage,1038,24,97.69
2025-09-01,Machine de polissage,1070,25,97.66
2025-09-01,Machine de peinture industrielle,1099,81,92.63
2025-09-01,Machine emballage,1109,72,93.51
2025-09-01,Etiqueteuse automatique,1054,72,93.17
2025-09-01,Convoyeur industriel,1086,49,95.49
2025-09-01,Machine de controle qualite par vision,1084,38,96.49
2025-09-01,Machine de palettisation automatique,1129,20,98.23
2025-09-02,Machine CNC,536,35,93.47
2025-09-02,Tour industriel,654,30,95.41
2025-09-02,Fraiseuse industrielle,690,27,96.09
2025-09-02,Perceuse a colonne,691,24,96.53
2025-09-02,Presse hydraulique,757,28,96.3
2025-09-02,Presse mecanique,825,33,96.0
2025-09-02,Machine de decoupe laser,832,23,97.24
2025-09-02,Machine de decoupe plasma,860,65,92.44
2025-09-02,Machine de soudage robotisee,960,58,93.96
2025-09-02,Robot assemblage,949,51,94.63
2025-09-02,Machine de moulage par injection,964,29,96.99
2025-09-02,Machine extrusion,973,24,97.53
2025-09-02,Machine de pliage,980,23,97.65
2025-09-02,Machine de polissage,1057,26,97.54
2025-09-02,Machine de peinture industrielle,1024,82,91.99
2025-09-02,Machine emballage,1025,78,92.39
2025-09-02,Etiqueteuse automatique,1080,74,93.15
2025-09-02,Convoyeur industriel,1053,54,94.87
2025-09-02,Machine de controle qualite par vision,1026,40,96.1
2025-09-02,Machine de palettisation automatique,1066,18,98.31
2025-09-03,Machine CNC,636,35,94.5
2025-09-03,Tour industriel,645,36,94.42
2025-09-03,Fraiseuse industrielle,680,30,95.59
2025-09-03,Perceuse a colonne,709,25,96.47
2025-09-03,Presse hydraulique,808,35,95.67
2025-09-03,Presse mecanique,853,35,95.9
2025-09-03,Machine de decoupe laser,852,29,96.6
2025-09-03,Machine de decoupe plasma,845,65,92.31
2025-09-03,Machine de soudage robotisee,938,56,94.03
2025-09-03,Robot assemblage,917,48,94.77
2025-09-03,Machine de moulage par injection,917,28,96.95
2025-09-03,Machine extrusion,986,26,97.36
2025-09-03,Machine de pliage,986,19,98.07
2025-09-03,Machine de polissage,983,19,98.07
2025-09-03,Machine de peinture industrielle,1006,73,92.74
2025-09-03,Machine emballage,1059,70,93.39
2025-09-03,Etiqueteuse automatique,1008,60,94.05
2025-09-03,Convoyeur industriel,1086,45,95.86
2025-09-03,Machine de controle qualite par vision,1069,38,96.45
2025-09-03,Machine de palettisation automatique,1131,19,98.32
2025-09-04,Machine CNC,688,43,93.75
2025-09-04,Tour industriel,697,37,94.69
2025-09-04,Fraiseuse industrielle,731,30,95.9
2025-09-04,Perceuse a colonne,755,27,96.42
2025-09-04,Presse hydraulique,768,31,95.96
2025-09-04,Presse mecanique,772,34,95.6
2025-09-04,Machine de decoupe laser,814,28,96.56
2025-09-04,Machine de decoupe plasma,803,55,93.15
2025-09-04,Machine de soudage robotisee,926,55,94.06
2025-09-04,Robot assemblage,909,42,95.38
2025-09-04,Machine de moulage par injection,908,31,96.59
2025-09-04,Machine extrusion,911,25,97.26
2025-09-04,Machine de pliage,983,25,97.46
2025-09-04,Machine de polissage,1040,33,96.83
2025-09-04,Machine de peinture industrielle,996,72,92.77
2025-09-04,Machine emballage,1103,85,92.29
2025-09-04,Etiqueteuse automatique,1075,57,94.7
2025-09-04,Convoyeur industriel,1043,48,95.4
2025-09-04,Machine de controle qualite par vision,1153,43,96.27
2025-09-04,Machine de palettisation automatique,1130,21,98.14
2025-09-05,Machine CNC,784,50,93.62
2025-09-05,Tour industriel,744,31,95.83
2025-09-05,Fraiseuse industrielle,728,28,96.15
2025-09-05,Perceuse a colonne,724,29,95.99
2025-09-05,Presse hydraulique,706,36,94.9
2025-09-05,Presse mecanique,739,33,95.53
2025-09-05,Machine de decoupe laser,769,25,96.75
2025-09-05,Machine de decoupe plasma,816,63,92.28
2025-09-05,Machine de soudage robotisee,827,49,94.07
2025-09-05,Robot assemblage,832,37,95.55
2025-09-05,Machine de moulage par injection,958,34,96.45
2025-09-05,Machine extrusion,907,24,97.35
2025-09-05,Machine de pliage,992,26,97.38
2025-09-05,Machine de polissage,1042,32,96.93
2025-09-05,Machine de peinture industrielle,1043,80,92.33
2025-09-05,Machine emballage,1138,98,91.39
2025-09-05,Etiqueteuse automatique,1120,69,93.84
2025-09-05,Convoyeur industriel,1161,59,94.92
2025-09-05,Machine de controle qualite par vision,1133,37,96.73
2025-09-05,Machine de palettisation automatique,1187,14,98.82
2025-09-06,Machine CNC,679,43,93.67
2025-09-06,Tour industriel,673,32,95.25
2025-09-06,Fraiseuse industrielle,674,28,95.85
2025-09-06,Perceuse a colonne,693,29,95.82
2025-09-06,Presse hydraulique,711,29,95.92
2025-09-06,Presse mecanique,723,29,95.99
2025-09-06,Machine de decoupe laser,748,22,97.06
2025-09-06,Machine de decoupe plasma,811,60,92.6
2025-09-06,Machine de soudage robotisee,877,51,94.18
2025-09-06,Robot assemblage,871,37,95.75
2025-09-06,Machine de moulage par injection,974,28,97.13
2025-09-06,Machine extrusion,1020,44,95.69
2025-09-06,Machine de pliage,1041,33,96.83
2025-09-06,Machine de polissage,1074,34,96.83
2025-09-06,Machine de peinture industrielle,1100,96,91.27
2025-09-06,Machine emballage,1116,74,93.37
2025-09-06,Etiqueteuse automatique,1147,69,93.98
2025-09-06,Convoyeur industriel,1152,49,95.75
2025-09-06,Machine de controle qualite par vision,1140,26,97.72
2025-09-06,Machine de palettisation automatique,1127,19,98.31
2025-09-07,Machine CNC,591,34,94.25
2025-09-07,Tour industriel,620,30,95.16
2025-09-07,Fraiseuse industrielle,676,28,95.86
2025-09-07,Perceuse a colonne,613,28,95.43
2025-09-07,Presse hydraulique,715,29,95.94
2025-09-07,Presse mecanique,725,32,95.59
2025-09-07,Machine de decoupe laser,754,21,NaN
2025-09-07,Machine de decoupe plasma,786,60,92.37
2025-09-07,Machine de soudage robotisee,869,53,93.9
2025-09-07,Robot assemblage,967,44,95.45
2025-09-07,Machine de moulage par injection,993,37,96.27
2025-09-07,Machine extrusion,1035,32,96.91
2025-09-07,Machine de pliage,1019,30,97.06
2025-09-07,Machine de polissage,1046,31,97.04
2025-09-07,Machine de peinture industrielle,1128,87,92.29
2025-09-07,Machine emballage,1094,77,92.96
2025-09-07,Etiqueteuse automatique,1073,59,94.5
2025-09-07,Convoyeur industriel,1104,51,95.38
2025-09-07,Machine de controle qualite par vision,1044,25,NaN
2025-09-07,Machine de palettisation automatique,1044,6,99.43
2025-09-08,Machine CNC,617,33,94.65
2025-09-08,Tour industriel,615,32,94.8
2025-09-08,Fraiseuse industrielle,NaN,30,95.25
2025-09-08,Perceuse a colonne,664,33,95.03
2025-09-08,Presse hydraulique,693,27,96.1
2025-09-08,Presse mecanique,772,33,95.73
2025-09-08,Machine de decoupe laser,819,28,96.58
2025-09-08,Machine de decoupe plasma,813,59,92.74
2025-09-08,Machine de soudage robotisee,894,46,94.85
2025-09-08,Robot assemblage,977,42,95.7
2025-09-08,Machine de moulage par injection,983,26,97.36
2025-09-08,Machine extrusion,1053,26,97.53
2025-09-08,Machine de pliage,1031,41,96.02
2025-09-08,Machine de polissage,1071,37,96.55
2025-09-08,Machine de peinture industrielle,1052,84,92.02
2025-09-08,Machine emballage,1122,68,93.94
2025-09-08,Etiqueteuse automatique,1080,66,93.89
2025-09-08,Convoyeur industriel,1052,43,95.91
2025-09-08,Machine de controle qualite par vision,1093,30,97.26
2025-09-08,Machine de palettisation automatique,1098,26,97.63
2025-09-09,Machine CNC,600,31,94.83
2025-09-09,Tour industriel,603,31,94.86
2025-09-09,Fraiseuse industrielle,616,27,95.62
2025-09-09,Perceuse a colonne,721,NaN,95.56
2025-09-09,Presse hydraulique,744,40,94.62
2025-09-09,Presse mecanique,850,35,95.88
2025-09-09,Machine de decoupe laser,873,28,96.79
2025-09-09,Machine de decoupe plasma,916,67,92.69
2025-09-09,Machine de soudage robotisee,895,53,94.08
2025-09-09,Robot assemblage,955,35,96.34
2025-09-09,Machine de moulage par injection,1022,35,96.58
2025-09-09,Machine extrusion,969,31,96.8
2025-09-09,Machine de pliage,1007,28,97.22
2025-09-09,Machine de polissage,1031,29,97.19
2025-09-09,Machine de peinture industrielle,1057,85,91.96
2025-09-09,Machine emballage,1028,78,92.41
2025-09-09,Etiqueteuse automatique,1016,52,94.88
2025-09-09,Convoyeur industriel,1055,43,95.92
2025-09-09,Machine de controle qualite par vision,1062,25,97.65
2025-09-09,Machine de palettisation automatique,1063,20,98.12
2025-09-10,Machine CNC,662,35,94.71
2025-09-10,Tour industriel,661,33,95.01
2025-09-10,Fraiseuse industrielle,728,30,95.88
2025-09-10,Perceuse a colonne,736,37,94.97
2025-09-10,Presse hydraulique,774,39,94.96
2025-09-10,Presse mecanique,766,30,96.08
2025-09-10,Machine de decoupe laser,855,23,97.31
2025-09-10,Machine de decoupe plasma,842,63,92.52
2025-09-10,Machine de soudage robotisee,937,53,94.34
2025-09-10,Robot assemblage,943,40,95.76
2025-09-10,Machine de moulage par injection,966,38,96.07
2025-09-10,Machine extrusion,939,30,96.81
2025-09-10,Machine de pliage,954,28,97.06
2025-09-10,Machine de polissage,981,37,96.23
2025-09-10,Machine de peinture industrielle,978,82,91.62
2025-09-10,Machine emballage,1031,70,93.21
2025-09-10,Etiqueteuse automatique,1001,58,94.21
2025-09-10,Convoyeur industriel,1070,39,96.36
2025-09-10,Machine de controle qualite par vision,1073,16,98.51
2025-09-10,Machine de palettisation automatique,1120,24,97.86
2025-09-11,Machine CNC,702,42,94.02
2025-09-11,Tour industriel,685,29,95.77
2025-09-11,Fraiseuse industrielle,735,38,94.83
2025-09-11,Perceuse a colonne,759,36,95.26
2025-09-11,Presse hydraulique,775,34,95.61
2025-09-11,Presse mecanique,838,37,95.58
2025-09-11,Machine de decoupe laser,850,18,97.88
2025-09-11,Machine de decoupe plasma,829,52,93.73
2025-09-11,Machine de soudage robotisee,897,54,93.98
2025-09-11,Robot assemblage,872,36,95.87
2025-09-11,Machine de moulage par injection,849,33,96.11
2025-09-11,Machine extrusion,948,28,97.05
2025-09-11,Machine de pliage,954,36,96.23
2025-09-11,Machine de polissage,964,34,96.47
2025-09-11,Machine de peinture industrielle,1028,89,91.34
2025-09-11,Machine emballage,1014,75,92.6
2025-09-11,Etiqueteuse automatique,1125,61,94.58
2025-09-11,Convoyeur industriel,1140,43,96.23
2025-09-11,Machine de controle qualite par vision,1091,34,96.88
2025-09-11,Machine de palettisation automatique,1188,12,98.99
2025-09-12,Machine CNC,687,35,94.91
2025-09-12,Tour industriel,684,35,94.88
2025-09-12,Fraiseuse industrielle,759,36,95.26
2025-09-12,Perceuse a colonne,697,32,95.41
2025-09-12,Presse hydraulique,734,36,95.1
2025-09-12,Presse mecanique,747,30,95.98
2025-09-12,Machine de decoupe laser,814,24,97.05
2025-09-12,Machine de decoupe plasma,842,51,93.94
2025-09-12,Machine de soudage robotisee,840,39,95.36
2025-09-12,Robot assemblage,861,40,95.35
2025-09-12,Machine de moulage par injection,871,20,97.7
2025-09-12,Machine extrusion,957,30,96.87
2025-09-12,Machine de pliage,1005,36,96.42
2025-09-12,Machine de polissage,1025,36,96.49
2025-09-12,Machine de peinture industrielle,1032,77,92.54
2025-09-12,Machine emballage,1108,70,93.68
2025-09-12,Etiqueteuse automatique,1125,53,95.29
2025-09-12,Convoyeur industriel,1149,44,96.17
2025-09-12,Machine de controle qualite par vision,1185,22,98.14
2025-09-12,Machine de palettisation automatique,1154,19,98.35
2025-09-13,Machine CNC,634,38,94.01
2025-09-13,Tour industriel,689,33,95.21
2025-09-13,Fraiseuse industrielle,676,35,94.82
2025-09-13,Perceuse a colonne,704,33,95.31
2025-09-13,Presse hydraulique,676,29,95.71
2025-09-13,Presse mecanique,723,27,96.27
2025-09-13,Machine de decoupe laser,740,21,97.16
2025-09-13,Machine de decoupe plasma,778,48,93.83
2025-09-13,Machine de soudage robotisee,869,43,95.05
2025-09-13,Robot assemblage,884,39,95.59
2025-09-13,Machine de moulage par injection,939,38,95.95
2025-09-13,Machine extrusion,1023,33,96.77
2025-09-13,Machine de pliage,994,40,95.98
2025-09-13,Machine de polissage,1077,38,96.47
2025-09-13,Machine de peinture industrielle,1080,90,91.67
2025-09-13,Machine emballage,1130,80,92.92
2025-09-13,Etiqueteuse automatique,1096,49,95.53
2025-09-13,Convoyeur industriel,1101,41,96.28
2025-09-13,Machine de controle qualite par vision,1141,17,98.51
2025-09-13,Machine de palettisation automatique,1114,23,97.94
2025-09-14,Machine CNC,673,36,94.65
2025-09-14,Tour industriel,617,33,94.65
2025-09-14,Fraiseuse industrielle,694,29,95.82
2025-09-14,Perceuse a colonne,663,28,95.78
2025-09-14,Presse hydraulique,693,35,94.95
2025-09-14,Presse mecanique,781,26,96.67
2025-09-14,Machine de decoupe laser,788,22,97.21
2025-09-14,Machine de decoupe plasma,877,57,93.5
2025-09-14,Machine de soudage robotisee,943,42,95.55
2025-09-14,Robot assemblage,971,39,95.98
2025-09-14,Machine de moulage par injection,953,29,96.96
2025-09-14,Machine extrusion,1050,37,96.48
2025-09-14,Machine de pliage,1014,41,95.96
2025-09-14,Machine de polissage,1095,36,96.71
2025-09-14,Machine de peinture industrielle,1078,88,91.84
2025-09-14,Machine emballage,1088,71,93.47
2025-09-14,Etiqueteuse automatique,1131,49,95.67
2025-09-14,Convoyeur industriel,1081,46,95.74
2025-09-14,Machine de controle qualite par vision,1119,28,97.5
2025-09-14,Machine de palettisation automatique,1119,15,98.66
2025-09-15,Machine CNC,609,35,94.25
2025-09-15,Tour industriel,588,30,94.9
2025-09-15,Fraiseuse industrielle,639,28,95.62
2025-09-15,Perceuse a colonne,712,37,94.8
2025-09-15,Presse hydraulique,720,41,94.31
2025-09-15,Presse mecanique,760,25,96.71
2025-09-15,Machine de decoupe laser,805,21,97.39
2025-09-15,Machine de decoupe plasma,881,58,93.42
2025-09-15,Machine de soudage robotisee,894,41,95.41
2025-09-15,Robot assemblage,960,38,96.04
2025-09-15,Machine de moulage par injection,1009,37,96.33
2025-09-15,Machine extrusion,1044,42,95.98
2025-09-15,Machine de pliage,1074,40,96.28
2025-09-15,Machine de polissage,1124,45,96.0
2025-09-15,Machine de peinture industrielle,1073,85,92.08
2025-09-15,Machine emballage,1058,67,93.67
2025-09-15,Etiqueteuse automatique,1074,54,94.97
2025-09-15,Convoyeur industriel,1075,32,97.02
2025-09-15,Machine de controle qualite par vision,1014,38,96.25
2025-09-15,Machine de palettisation automatique,1026,30,97.08
2025-09-16,Machine CNC,600,35,94.17
2025-09-16,Tour industriel,643,27,95.8
2025-09-16,Fraiseuse industrielle,722,38,94.74
2025-09-16,Perceuse a colonne,692,43,93.79
2025-09-16,Presse hydraulique,742,36,95.15
2025-09-16,Presse mecanique,810,30,96.3
2025-09-16,Machine de decoupe laser,842,23,97.27
2025-09-16,Machine de decoupe plasma,884,53,94.0
2025-09-16,Machine de soudage robotisee,929,40,95.69
2025-09-16,Robot assemblage,929,47,94.94
2025-09-16,Machine de moulage par injection,982,42,95.72
2025-09-16,Machine extrusion,1013,39,96.15
2025-09-16,Machine de pliage,1024,40,96.09
2025-09-16,Machine de polissage,1067,38,96.44
2025-09-16,Machine de peinture industrielle,995,81,91.86
2025-09-16,Machine emballage,1046,64,93.88
2025-09-16,Etiqueteuse automatique,1006,44,95.63
2025-09-16,Convoyeur industriel,1055,44,95.83
2025-09-16,Machine de controle qualite par vision,1007,18,98.21
2025-09-16,Machine de palettisation automatique,1019,22,97.84
2025-09-17,Machine CNC,650,38,94.15
2025-09-17,Tour industriel,681,37,94.57
2025-09-17,Fraiseuse industrielle,755,41,94.57
2025-09-17,Perceuse a colonne,752,35,95.35
2025-09-17,Presse hydraulique,731,39,94.66
2025-09-17,Presse mecanique,791,29,96.33
2025-09-17,Machine de decoupe laser,917,22,97.6
2025-09-17,Machine de decoupe plasma,932,62,93.35
2025-09-17,Machine de soudage robotisee,899,42,95.33
2025-09-17,Robot assemblage,891,40,95.51
2025-09-17,Machine de moulage par injection,973,37,96.2
2025-09-17,Machine extrusion,936,31,96.69
2025-09-17,Machine de pliage,980,37,96.22
2025-09-17,Machine de polissage,1024,32,96.88
2025-09-17,Machine de peinture industrielle,955,75,92.15
2025-09-17,Machine emballage,990,57,94.24
2025-09-17,Etiqueteuse automatique,974,44,95.48
2025-09-17,Convoyeur industriel,1050,37,96.48
2025-09-17,Machine de controle qualite par vision,1108,25,97.74
2025-09-17,Machine de palettisation automatique,1083,23,97.88
2025-09-18,Machine CNC,688,38,94.48
2025-09-18,Tour industriel,715,46,93.57
2025-09-18,Fraiseuse industrielle,693,37,94.66
2025-09-18,Perceuse a colonne,769,43,94.41
2025-09-18,Presse hydraulique,780,37,95.26
2025-09-18,Presse mecanique,785,26,96.69
2025-09-18,Machine de decoupe laser,827,15,98.19
2025-09-18,Machine de decoupe plasma,847,52,93.86
2025-09-18,Machine de soudage robotisee,903,42,95.35
2025-09-18,Robot assemblage,926,40,95.68
2025-09-18,Machine de moulage par injection,895,33,96.31
2025-09-18,Machine extrusion,897,37,95.88
2025-09-18,Machine de pliage,978,37,96.22
2025-09-18,Machine de polissage,1031,40,96.12
2025-09-18,Machine de peinture industrielle,1048,80,92.37
2025-09-18,Machine emballage,1042,60,94.24
2025-09-18,Etiqueteuse automatique,1075,42,96.09
2025-09-18,Convoyeur industriel,1115,42,96.23
2025-09-18,Machine de controle qualite par vision,1114,32,97.13
2025-09-18,Machine de palettisation automatique,1174,30,97.44
2025-09-19,Machine CNC,724,42,94.2
2025-09-19,Tour industriel,694,41,94.09
2025-09-19,Fraiseuse industrielle,700,38,94.57
2025-09-19,Perceuse a colonne,723,33,95.44
2025-09-19,Presse hydraulique,730,38,94.79
2025-09-19,Presse mecanique,759,31,95.92
2025-09-19,Machine de decoupe laser,830,15,98.19
2025-09-19,Machine de decoupe plasma,810,43,94.69
2025-09-19,Machine de soudage robotisee,811,43,94.7
2025-09-19,Robot assemblage,947,46,95.14
2025-09-19,Machine de moulage par injection,916,38,95.85
2025-09-19,Machine extrusion,1010,48,95.25
2025-09-19,Machine de pliage,1020,44,95.69
2025-09-19,Machine de polissage,1035,38,96.33
2025-09-19,Machine de peinture industrielle,1052,76,92.78
2025-09-19,Machine emballage,1040,62,94.04
2025-09-19,Etiqueteuse automatique,1102,50,95.46
2025-09-19,Convoyeur industriel,1173,34,97.1
2025-09-19,Machine de controle qualite par vision,1153,37,96.79
2025-09-19,Machine de palettisation automatique,1095,36,96.71
2025-09-20,Machine CNC,704,42,94.03
2025-09-20,Tour industriel,701,47,93.3
2025-09-20,Fraiseuse industrielle,740,44,94.05
2025-09-20,Perceuse a colonne,729,38,94.79
2025-09-20,Presse hydraulique,697,37,94.69
2025-09-20,Presse mecanique,720,28,96.11
2025-09-20,Machine de decoupe laser,747,19,97.46
2025-09-20,Machine de decoupe plasma,746,45,93.97
2025-09-20,Machine de soudage robotisee,855,41,95.2
2025-09-20,Robot assemblage,930,41,95.59
2025-09-20,Machine de moulage par injection,952,42,95.59
2025-09-20,Machine extrusion,999,45,95.5
2025-09-20,Machine de pliage,1020,40,96.08
2025-09-20,Machine de polissage,1037,25,97.59
2025-09-20,Machine de peinture industrielle,1078,80,92.58
2025-09-20,Machine emballage,1100,53,95.18
2025-09-20,Etiqueteuse automatique,1142,41,96.41
2025-09-20,Convoyeur industriel,NaN,30,97.3
2025-09-20,Machine de controle qualite par vision,1119,34,96.96
2025-09-20,Machine de palettisation automatique,1093,22,97.99
2025-09-21,Machine CNC,624,37,94.07
2025-09-21,Tour industriel,650,37,94.31
2025-09-21,Fraiseuse industrielle,672,34,94.94
2025-09-21,Perceuse a colonne,700,39,94.43
2025-09-21,Presse hydraulique,678,36,94.69
2025-09-21,Presse mecanique,712,23,96.77
2025-09-21,Machine de decoupe laser,766,19,97.52
2025-09-21,Machine de decoupe plasma,872,57,93.46
2025-09-21,Machine de soudage robotisee,900,38,95.78
2025-09-21,Robot assemblage,915,42,95.41
2025-09-21,Machine de moulage par injection,990,39,96.06
2025-09-21,Machine extrusion,1043,46,95.59
2025-09-21,Machine de pliage,1056,41,96.12
2025-09-21,Machine de polissage,1083,41,96.21
2025-09-21,Machine de peinture industrielle,1079,71,93.42
2025-09-21,Machine emballage,1098,64,94.17
2025-09-21,Etiqueteuse automatique,1105,44,96.02
2025-09-21,Convoyeur industriel,1094,36,96.71
2025-09-21,Machine de controle qualite par vision,1062,38,96.42
2025-09-21,Machine de palettisation automatique,1033,37,96.42
2025-09-22,Machine CNC,597,33,94.47
2025-09-22,Tour industriel,648,37,94.29
2025-09-22,Fraiseuse industrielle,644,46,92.86
2025-09-22,Perceuse a colonne,678,37,94.54
2025-09-22,Presse hydraulique,791,35,95.58
2025-09-22,Presse mecanique,742,25,96.63
2025-09-22,Machine de decoupe laser,804,8,99.0
2025-09-22,Machine de decoupe plasma,868,45,94.82
2025-09-22,Machine de soudage robotisee,941,39,95.86
2025-09-22,Robot assemblage,913,39,95.73
2025-09-22,Machine de moulage par injection,991,46,95.36
2025-09-22,Machine extrusion,1048,60,94.27
2025-09-22,Machine de pliage,1080,47,95.65
2025-09-22,Machine de polissage,1033,30,97.1
2025-09-22,Machine de peinture industrielle,1103,70,93.65
2025-09-22,Machine emballage,1063,57,94.64
2025-09-22,Etiqueteuse automatique,1048,42,95.99
2025-09-22,Convoyeur industriel,1050,34,96.76
2025-09-22,Machine de controle qualite par vision,1065,31,97.09
2025-09-22,Machine de palettisation automatique,1045,29,97.22
2025-09-23,Machine CNC,611,35,94.27
2025-09-23,Tour industriel,657,36,94.52
2025-09-23,Fraiseuse industrielle,683,41,94.0
2025-09-23,Perceuse a colonne,704,37,94.74
2025-09-23,Presse hydraulique,779,38,95.12
2025-09-23,Presse mecanique,807,26,96.78
2025-09-23,Machine de decoupe laser,883,19,97.85
2025-09-23,Machine de decoupe plasma,903,53,94.13
2025-09-23,Machine de soudage robotisee,938,49,94.78
2025-09-23,Robot assemblage,988,50,94.94
2025-09-23,Machine de moulage par injection,984,45,95.43
2025-09-23,Machine extrusion,995,39,96.08
2025-09-23,Machine de pliage,1008,41,95.93
2025-09-23,Machine de polissage,1031,32,96.9
2025-09-23,Machine de peinture industrielle,1030,65,93.69
2025-09-23,Machine emballage,1014,55,94.58
2025-09-23,Etiqueteuse automatique,1061,42,96.04
2025-09-23,Convoyeur industriel,1078,41,96.2
2025-09-23,Machine de controle qualite par vision,1065,37,96.53
2025-09-23,Machine de palettisation automatique,1106,37,96.65
2025-09-24,Machine CNC,641,41,93.6
2025-09-24,Tour industriel,687,44,93.6
2025-09-24,Fraiseuse industrielle,728,46,93.68
2025-09-24,Perceuse a colonne,757,42,94.45
2025-09-24,Presse hydraulique,778,33,95.76
2025-09-24,Presse mecanique,794,22,97.23
2025-09-24,Machine de decoupe laser,846,11,98.7
2025-09-24,Machine de decoupe plasma,846,49,94.21
2025-09-24,Machine de soudage robotisee,891,34,96.18
2025-09-24,Robot assemblage,907,47,94.82
2025-09-24,Machine de moulage par injection,955,55,94.24
2025-09-24,Machine extrusion,955,45,95.29
2025-09-24,Machine de pliage,982,46,95.32
2025-09-24,Machine de polissage,1025,32,96.88
2025-09-24,Machine de peinture industrielle,1038,68,93.45
2025-09-24,Machine emballage,1039,46,95.57
2025-09-24,Etiqueteuse automatique,1060,36,96.6
2025-09-24,Convoyeur industriel,1045,40,96.17
2025-09-24,Machine de controle qualite par vision,1090,33,96.97
2025-09-24,Machine de palettisation automatique,1121,31,97.23
2025-09-25,Machine CNC,661,44,93.34
2025-09-25,Tour industriel,691,50,92.76
2025-09-25,Fraiseuse industrielle,725,39,94.62
2025-09-25,Perceuse a colonne,776,40,94.85
2025-09-25,Presse hydraulique,741,34,95.41
2025-09-25,Presse mecanique,826,25,96.97
2025-09-25,Machine de decoupe laser,782,2,99.74
2025-09-25,Machine de decoupe plasma,823,49,94.05
2025-09-25,Machine de soudage robotisee,874,34,96.11
2025-09-25,Robot assemblage,914,47,94.86
2025-09-25,Machine de moulage par injection,927,42,95.47
2025-09-25,Machine extrusion,924,43,95.35
2025-09-25,Machine de pliage,991,42,95.76
2025-09-25,Machine de polissage,990,27,97.27
2025-09-25,Machine de peinture industrielle,982,65,93.38
2025-09-25,Machine emballage,1055,59,94.41
2025-09-25,Etiqueteuse automatique,1003,32,96.81
2025-09-25,Convoyeur industriel,1057,35,96.69
2025-09-25,Machine de controle qualite par vision,1093,33,96.98
2025-09-25,Machine de palettisation automatique,1153,32,97.22
2025-09-26,Machine CNC,671,41,93.89
2025-09-26,Tour industriel,696,48,93.1
2025-09-26,Fraiseuse industrielle,738,45,93.9
2025-09-26,Perceuse a colonne,776,43,94.46
2025-09-26,Presse hydraulique,721,29,95.98
2025-09-26,Presse mecanique,724,18,97.51
2025-09-26,Machine de decoupe laser,795,10,98.74
2025-09-26,Machine de decoupe plasma,843,44,94.78
2025-09-26,Machine de soudage robotisee,923,45,95.12
2025-09-26,Robot assemblage,865,38,95.61
2025-09-26,Machine de moulage par injection,912,48,94.74
2025-09-26,Machine extrusion,918,50,94.55
2025-09-26,Machine de pliage,990,40,95.96
2025-09-26,Machine de polissage,1078,29,97.31
2025-09-26,Machine de peinture industrielle,1051,67,93.63
2025-09-26,Machine emballage,1128,56,95.04
2025-09-26,Etiqueteuse automatique,1103,39,96.46
2025-09-26,Convoyeur industriel,1122,40,96.43
2025-09-26,Machine de controle qualite par vision,1147,36,96.86
2025-09-26,Machine de palettisation automatique,1122,32,97.15
2025-09-27,Machine CNC,711,43,93.95
2025-09-27,Tour industriel,642,37,94.24
2025-09-27,Fraiseuse industrielle,671,40,94.04
2025-09-27,Perceuse a colonne,692,40,94.22
2025-09-27,Presse hydraulique,744,33,95.56
2025-09-27,Presse mecanique,746,17,97.72
2025-09-27,Machine de decoupe laser,797,7,99.12
2025-09-27,Machine de decoupe plasma,785,37,95.29
2025-09-27,Machine de soudage robotisee,861,46,94.66
2025-09-27,Robot assemblage,920,60,93.48
2025-09-27,Machine de moulage par injection,989,51,94.84
2025-09-27,Machine extrusion,979,47,95.2
2025-09-27,Machine de pliage,990,43,95.66
2025-09-27,Machine de polissage,1087,25,97.7
2025-09-27,Machine de peinture industrielle,1070,61,94.3
2025-09-27,Machine emballage,1088,45,95.86
2025-09-27,Etiqueteuse automatique,1121,45,95.99
2025-09-27,Convoyeur industriel,1112,38,96.58
2025-09-27,Machine de controle qualite par vision,1128,37,96.72
2025-09-27,Machine de palettisation automatique,1139,37,96.75
2025-09-28,Machine CNC,577,39,93.24
2025-09-28,Tour industriel,644,46,92.86
2025-09-28,Fraiseuse industrielle,626,40,93.61
2025-09-28,Perceuse a colonne,691,42,93.92
2025-09-28,Presse hydraulique,701,25,96.43
2025-09-28,Presse mecanique,773,15,98.06
2025-09-28,Machine de decoupe laser,804,12,98.51
2025-09-28,Machine de decoupe plasma,864,52,93.98
2025-09-28,Machine de soudage robotisee,901,43,95.23
2025-09-28,Robot assemblage,951,42,95.58
2025-09-28,Machine de moulage par injection,964,49,94.92
2025-09-28,Machine extrusion,1001,42,95.8
2025-09-28,Machine de pliage,1047,34,96.75
2025-09-28,Machine de polissage,1085,21,98.06
2025-09-28,Machine de peinture industrielle,1114,62,94.43
2025-09-28,Machine emballage,1139,54,95.26
2025-09-28,Etiqueteuse automatique,1082,42,96.12
2025-09-28,Convoyeur industriel,1036,33,96.81
2025-09-28,Machine de controle qualite par vision,1114,41,96.32
2025-09-28,Machine de palettisation automatique,1068,48,95.51
2025-09-29,Machine CNC,574,37,93.55
2025-09-29,Tour industriel,634,45,92.9
2025-09-29,Fraiseuse industrielle,656,40,93.9
2025-09-29,Perceuse a colonne,694,37,94.67
2025-09-29,Presse hydraulique,733,32,95.63
2025-09-29,Presse mecanique,734,17,97.68
2025-09-29,Machine de decoupe laser,845,14,98.34
2025-09-29,Machine de decoupe plasma,883,50,94.34
2025-09-29,Machine de soudage robotisee,922,52,94.36
2025-09-29,Robot assemblage,958,53,94.47
2025-09-29,Machine de moulage par injection,1009,62,93.86
2025-09-29,Machine extrusion,1014,55,94.58
2025-09-29,Machine de pliage,1092,42,96.15
2025-09-29,Machine de polissage,1061,32,96.98
2025-09-29,Machine de peinture industrielle,1083,70,93.54
2025-09-29,Machine emballage,1075,55,94.88
2025-09-29,Etiqueteuse automatique,1097,42,96.17
2025-09-29,Convoyeur industriel,1069,34,96.82
2025-09-29,Machine de controle qualite par vision,1079,49,95.46
2025-09-29,Machine de palettisation automatique,974,36,96.3
2025-09-30,Machine CNC,622,40,93.57
2025-09-30,Tour industriel,654,42,93.58
2025-09-30,Fraiseuse industrielle,690,43,93.77
2025-09-30,Perceuse a colonne,722,40,94.46
2025-09-30,Presse hydraulique,762,28,96.33
2025-09-30,Presse mecanique,805,18,97.76
2025-09-30,Machine de decoupe laser,869,8,99.08
2025-09-30,Machine de decoupe plasma,887,47,94.7
2025-09-30,Machine de soudage robotisee,924,49,94.7
2025-09-30,Robot assemblage,945,50,94.71
2025-09-30,Machine de moulage par injection,1040,56,94.62
2025-09-30,Machine extrusion,951,43,95.48
2025-09-30,Machine de pliage,1045,36,96.56
2025-09-30,Machine de polissage,1017,21,97.94
2025-09-30,Machine de peinture industrielle,1008,52,94.84
2025-09-30,Machine emballage,1021,60,94.12
2025-09-30,Etiqueteuse automatique,1034,36,96.52
2025-09-30,Convoyeur industriel,1008,40,96.03
2025-09-30,Machine de controle qualite par vision,968,41,95.76
2025-09-30,Machine de palettisation automatique,1082,45,95.84
2025-10-01,Machine CNC,644,47,92.7
2025-10-01,Tour industriel,675,47,93.04
2025-10-01,Fraiseuse industrielle,712,51,92.84
2025-10-01,Perceuse a colonne,740,38,94.86
2025-10-01,Presse hydraulique,786,28,96.44
2025-10-01,Presse mecanique,875,24,97.26
2025-10-01,Machine de decoupe laser,901,9,99.0
2025-10-01,Machine de decoupe plasma,931,47,94.95
2025-10-01,Machine de soudage robotisee,884,47,94.68
2025-10-01,Robot assemblage,979,54,94.48
2025-10-01,Machine de moulage par injection,949,56,94.1
2025-10-01,Machine extrusion,952,47,95.06
2025-10-01,Machine de pliage,980,31,96.84
2025-10-01,Machine de polissage,976,19,98.05
2025-10-01,Machine de peinture industrielle,984,54,94.51
2025-10-01,Machine emballage,1063,53,95.01
2025-10-01,Etiqueteuse automatique,1034,45,95.65
2025-10-01,Convoyeur industriel,1041,40,96.16
2025-10-01,Machine de controle qualite par vision,1078,39,96.38
2025-10-01,Machine de palettisation automatique,1087,41,96.23
2025-10-02,Machine CNC,685,51,92.55
2025-10-02,Tour industriel,762,49,93.57
2025-10-02,Fraiseuse industrielle,759,46,93.94
2025-10-02,Perceuse a colonne,802,40,95.01
2025-10-02,Presse hydraulique,835,27,96.77
2025-10-02,Presse mecanique,802,9,98.88
2025-10-02,Machine de decoupe laser,846,5,99.41
2025-10-02,Machine de decoupe plasma,851,49,94.24
2025-10-02,Machine de soudage robotisee,924,43,95.35
2025-10-02,Robot assemblage,901,47,94.78
2025-10-02,Machine de moulage par injection,969,56,94.22
2025-10-02,Machine extrusion,976,55,94.36
2025-10-02,Machine de pliage,970,32,96.7
2025-10-02,Machine de polissage,1001,16,98.4
2025-10-02,Machine de peinture industrielle,1004,58,94.22
2025-10-02,Machine emballage,1066,45,95.78
2025-10-02,Etiqueteuse automatique,1078,41,96.2
2025-10-02,Convoyeur industriel,1079,34,96.85
2025-10-02,Machine de controle qualite par vision,1088,45,95.86
2025-10-02,Machine de palettisation automatique,1082,60,94.45
2025-10-03,Machine CNC,681,52,92.36
2025-10-03,Tour industriel,660,47,92.88
2025-10-03,Fraiseuse industrielle,684,42,93.86
2025-10-03,Perceuse a colonne,738,34,95.39
2025-10-03,Presse hydraulique,756,24,96.83
2025-10-03,Presse mecanique,805,10,98.76
2025-10-03,Machine de decoupe laser,809,8,99.01
2025-10-03,Machine de decoupe plasma,841,47,94.41
2025-10-03,Machine de soudage robotisee,815,45,94.48
2025-10-03,Robot assemblage,894,52,94.18
2025-10-03,Machine de moulage par injection,NaN,58,93.71
2025-10-03,Machine extrusion,1008,48,95.24
2025-10-03,Machine de pliage,1023,36,96.48
2025-10-03,Machine de polissage,991,10,98.99
2025-10-03,Machine de peinture industrielle,1081,57,94.73
2025-10-03,Machine emballage,1063,40,96.24
2025-10-03,Etiqueteuse automatique,1096,41,96.26
2025-10-03,Convoyeur industriel,1162,42,96.39
2025-10-03,Machine de controle qualite par vision,1149,43,96.26
2025-10-03,Machine de palettisation automatique,1053,48,95.44
2025-10-04,Machine CNC,665,53,92.03
2025-10-04,Tour industriel,669,43,93.57
2025-10-04,Fraiseuse industrielle,668,42,93.71
2025-10-04,Perceuse a colonne,717,34,95.26
2025-10-04,Presse hydraulique,735,20,97.28
2025-10-04,Presse mecanique,747,17,97.72
2025-10-04,Machine de decoupe laser,839,3,99.64
2025-10-04,Machine de decoupe plasma,853,46,94.61
2025-10-04,Machine de soudage robotisee,895,50,94.41
2025-10-04,Robot assemblage,891,55,93.83
2025-10-04,Machine de moulage par injection,1022,61,94.03
2025-10-04,Machine extrusion,979,49,94.99
2025-10-04,Machine de pliage,1075,33,96.93
2025-10-04,Machine de polissage,1083,13,98.8
2025-10-04,Machine de peinture industrielle,1066,59,94.47
2025-10-04,Machine emballage,1101,48,95.64
2025-10-04,Etiqueteuse automatique,1083,50,95.38
2025-10-04,Convoyeur industriel,1118,46,95.89
2025-10-04,Machine de controle qualite par vision,1103,39,96.46
2025-10-04,Machine de palettisation automatique,1078,46,95.73
2025-10-05,Machine CNC,667,45,93.25
2025-10-05,Tour industriel,654,42,93.58
2025-10-05,Fraiseuse industrielle,688,38,94.48
2025-10-05,Perceuse a colonne,698,33,95.27
2025-10-05,Presse hydraulique,737,28,96.2
2025-10-05,Presse mecanique,743,11,98.52
2025-10-05,Machine de decoupe laser,808,6,99.26
2025-10-05,Machine de decoupe plasma,794,44,94.46
2025-10-05,Machine de soudage robotisee,891,53,94.05
2025-10-05,Robot assemblage,979,57,94.18
2025-10-05,Machine de moulage par injection,1032,59,94.28
2025-10-05,Machine extrusion,1007,42,95.83
2025-10-05,Machine de pliage,1068,25,97.66
2025-10-05,Machine de polissage,1097,13,98.81
2025-10-05,Machine de peinture industrielle,1117,60,94.63
2025-10-05,Machine emballage,1084,49,95.48
2025-10-05,Etiqueteuse automatique,1106,53,95.21
2025-10-05,Convoyeur industriel,1098,44,95.99
2025-10-05,Machine de controle qualite par vision,1106,47,95.75
2025-10-05,Machine de palettisation automatique,1055,38,96.4
2025-10-06,Machine CNC,609,45,92.61
2025-10-06,Tour industriel,627,49,92.19
2025-10-06,Fraiseuse industrielle,617,35,94.33
2025-10-06,Perceuse a colonne,694,27,96.11
2025-10-06,Presse hydraulique,734,18,97.55
2025-10-06,Presse mecanique,774,10,98.71
2025-10-06,Machine de decoupe laser,869,8,99.08
2025-10-06,Machine de decoupe plasma,896,57,93.64
2025-10-06,Machine de soudage robotisee,917,57,93.78
2025-10-06,Robot assemblage,953,59,93.81
2025-10-06,Machine de moulage par injection,1014,59,94.18
2025-10-06,Machine extrusion,1065,44,95.87
2025-10-06,Machine de pliage,1054,37,96.49
2025-10-06,Machine de polissage,1070,14,98.69
2025-10-06,Machine de peinture industrielle,1080,56,94.81
2025-10-06,Machine emballage,1036,48,95.37
2025-10-06,Etiqueteuse automatique,1047,45,95.7
2025-10-06,Convoyeur industriel,1069,54,94.95
2025-10-06,Machine de controle qualite par vision,1000,54,94.6
2025-10-06,Machine de palettisation automatique,1027,46,95.52
2025-10-07,Machine CNC,563,41,NaN
2025-10-07,Tour industriel,665,47,92.93
2025-10-07,Fraiseuse industrielle,736,47,93.61
2025-10-07,Perceuse a colonne,730,35,95.21
2025-10-07,Presse hydraulique,721,22,96.95
2025-10-07,Presse mecanique,788,9,98.86
2025-10-07,Machine de decoupe laser,896,10,98.88
2025-10-07,Machine de decoupe plasma,955,59,93.82
2025-10-07,Machine de soudage robotisee,897,58,93.53
2025-10-07,Robot assemblage,993,54,94.56
2025-10-07,Machine de moulage par injection,996,63,93.67
2025-10-07,Machine extrusion,1023,46,95.5
2025-10-07,Machine de pliage,1043,23,97.79
2025-10-07,Machine de polissage,1017,12,98.82
2025-10-07,Machine de peinture industrielle,1005,60,94.03
2025-10-07,Machine emballage,999,52,94.79
2025-10-07,Etiqueteuse automatique,1041,52,95.0
2025-10-07,Convoyeur industriel,983,47,95.22
2025-10-07,Machine de controle qualite par vision,1051,48,95.43
2025-10-07,Machine de palettisation automatique,1049,41,96.09
2025-10-08,Machine CNC,650,48,92.62
2025-10-08,Tour industriel,685,46,93.28
2025-10-08,Fraiseuse industrielle,732,43,94.13
2025-10-08,Perceuse a colonne,727,32,95.6
2025-10-08,Presse hydraulique,806,22,97.27
2025-10-08,Presse mecanique,834,14,98.32
2025-10-08,Machine de decoupe laser,817,9,98.9
2025-10-08,Machine de decoupe plasma,932,67,92.81
2025-10-08,Machine de soudage robotisee,907,57,93.72
2025-10-08,Robot assemblage,958,62,93.53
2025-10-08,Machine de moulage par injection,967,55,94.31
2025-10-08,Machine extrusion,975,40,95.9
2025-10-08,Machine de pliage,963,31,96.78
2025-10-08,Machine de polissage,1017,7,99.31
2025-10-08,Machine de peinture industrielle,977,47,95.19
2025-10-08,Machine emballage,1039,50,95.19
2025-10-08,Etiqueteuse automatique,1016,NaN,94.88
2025-10-08,Convoyeur industriel,1011,35,96.54
2025-10-08,Machine de controle qualite par vision,1038,59,94.32
2025-10-08,Machine de palettisation automatique,1067,48,95.5
2025-10-09,Machine CNC,685,54,92.12
2025-10-09,Tour industriel,667,48,92.8
2025-10-09,Fraiseuse industrielle,774,53,93.15
2025-10-09,Perceuse a colonne,770,37,95.19
2025-10-09,Presse hydraulique,833,28,96.64
2025-10-09,Presse mecanique,836,20,97.61
2025-10-09,Machine de decoupe laser,861,12,98.61
2025-10-09,Machine de decoupe plasma,874,57,93.48
2025-10-09,Machine de soudage robotisee,914,57,93.76
2025-10-09,Robot assemblage,906,51,94.37
2025-10-09,Machine de moulage par injection,943,57,93.96
2025-10-09,Machine extrusion,927,37,96.01
2025-10-09,Machine de pliage,999,21,97.9
2025-10-09,Machine de polissage,977,18,98.16
2025-10-09,Machine de peinture industrielle,1019,44,95.68
2025-10-09,Machine emballage,1035,48,95.36
2025-10-09,Etiqueteuse automatique,1047,48,95.42
2025-10-09,Convoyeur industriel,1109,55,95.04
2025-10-09,Machine de controle qualite par vision,1095,50,95.43
2025-10-09,Machine de palettisation automatique,1130,41,96.37
2025-10-10,Machine CNC,710,54,92.39
2025-10-10,Tour industriel,712,52,92.7
2025-10-10,Fraiseuse industrielle,750,41,94.53
2025-10-10,Perceuse a colonne,741,24,96.76
2025-10-10,Presse hydraulique,716,10,98.6
2025-10-10,Presse mecanique,795,13,98.36
2025-10-10,Machine de decoupe laser,800,3,99.62
2025-10-10,Machine de decoupe plasma,810,50,93.83
2025-10-10,Machine de soudage robotisee,849,55,93.52
2025-10-10,Robot assemblage,847,46,94.57
2025-10-10,Machine de moulage par injection,891,41,95.4
2025-10-10,Machine extrusion,981,36,NaN
2025-10-10,Machine de pliage,986,25,97.46
2025-10-10,Machine de polissage,1038,11,98.94
2025-10-10,Machine de peinture industrielle,1019,49,95.19
2025-10-10,Machine emballage,1083,46,95.75
2025-10-10,Etiqueteuse automatique,1113,52,95.33
2025-10-10,Convoyeur industriel,1064,61,94.27
2025-10-10,Machine de controle qualite par vision,1099,50,95.45
2025-10-10,Machine de palettisation automatique,1062,45,95.76
2025-10-11,Machine CNC,648,46,92.9
2025-10-11,Tour industriel,681,47,93.1
2025-10-11,Fraiseuse industrielle,679,39,94.26
2025-10-11,Perceuse a colonne,699,28,95.99
2025-10-11,Presse hydraulique,708,13,98.16
2025-10-11,Presse mecanique,790,17,97.85
2025-10-11,Machine de decoupe laser,777,11,98.58
2025-10-11,Machine de decoupe plasma,818,58,92.91
2025-10-11,Machine de soudage robotisee,871,62,92.88
2025-10-11,Robot assemblage,854,55,93.56
2025-10-11,Machine de moulage par injection,972,61,93.72
2025-10-11,Machine extrusion,981,38,96.13
2025-10-11,Machine de pliage,1019,35,96.57
2025-10-11,Machine de polissage,1081,15,98.61
2025-10-11,Machine de peinture industrielle,1123,61,94.57
2025-10-11,Machine emballage,1109,56,94.95
2025-10-11,Etiqueteuse automatique,1098,54,95.08
2025-10-11,Convoyeur industriel,1082,58,94.64
2025-10-11,Machine de controle qualite par vision,1093,48,95.61
2025-10-11,Machine de palettisation automatique,1145,49,95.72
2025-10-12,Machine CNC,600,46,92.33
2025-10-12,Tour industriel,624,42,93.27
2025-10-12,Fraiseuse industrielle,665,34,94.89
2025-10-12,Perceuse a colonne,663,23,96.53
2025-10-12,Presse hydraulique,725,17,97.66
2025-10-12,Presse mecanique,737,14,98.1
2025-10-12,Machine de decoupe laser,819,11,98.66
2025-10-12,Machine de decoupe plasma,790,54,93.16
2025-10-12,Machine de soudage robotisee,924,68,92.64
2025-10-12,Robot assemblage,961,63,93.44
2025-10-12,Machine de moulage par injection,1018,61,94.01
2025-10-12,Machine extrusion,1034,35,96.62
2025-10-12,Machine de pliage,1048,16,98.47
2025-10-12,Machine de polissage,1043,3,99.71
2025-10-12,Machine de peinture industrielle,1041,53,94.91
2025-10-12,Machine emballage,1098,51,95.36
2025-10-12,Etiqueteuse automatique,1097,65,94.07
2025-10-12,Convoyeur industriel,1080,57,94.72
2025-10-12,Machine de controle qualite par vision,1084,61,94.37
2025-10-12,Machine de palettisation automatique,1045,42,95.98
2025-10-13,Machine CNC,646,49,92.41
2025-10-13,Tour industriel,590,44,92.54
2025-10-13,Fraiseuse industrielle,662,40,93.96
2025-10-13,Perceuse a colonne,677,25,96.31
2025-10-13,Presse hydraulique,762,14,98.16
2025-10-13,Presse mecanique,773,14,98.19
2025-10-13,Machine de decoupe laser,865,12,98.61
2025-10-13,Machine de decoupe plasma,891,64,92.82
2025-10-13,Machine de soudage robotisee,985,70,92.89
2025-10-13,Robot assemblage,967,57,94.11
2025-10-13,Machine de moulage par injection,1004,51,94.92
2025-10-13,Machine extrusion,1030,37,96.41
2025-10-13,Machine de pliage,1031,20,98.06
2025-10-13,Machine de polissage,1027,11,98.93
2025-10-13,Machine de peinture industrielle,1065,55,94.84
2025-10-13,Machine emballage,997,46,NaN
2025-10-13,Etiqueteuse automatique,1055,59,94.41
2025-10-13,Convoyeur industriel,1051,56,94.67
2025-10-13,Machine de controle qualite par vision,1030,48,95.34
2025-10-13,Machine de palettisation automatique,1039,37,96.44
2025-10-14,Machine CNC,600,50,91.67
2025-10-14,Tour industriel,676,38,94.38
2025-10-14,Fraiseuse industrielle,735,36,95.1
2025-10-14,Perceuse a colonne,709,25,96.47
2025-10-14,Presse hydraulique,800,21,97.38
2025-10-14,Presse mecanique,810,14,98.27
2025-10-14,Machine de decoupe laser,911,15,98.35
2025-10-14,Machine de decoupe plasma,934,62,93.36
2025-10-14,Machine de soudage robotisee,975,69,92.92
2025-10-14,Robot assemblage,1087,68,93.74
2025-10-14,Machine de moulage par injection,957,47,95.09
2025-10-14,Machine extrusion,966,37,96.17
2025-10-14,Machine de pliage,993,27,97.28
2025-10-14,Machine de polissage,1048,11,98.95
2025-10-14,Machine de peinture industrielle,1040,53,94.9
2025-10-14,Machine emballage,1027,57,94.45
2025-10-14,Etiqueteuse automatique,1004,61,93.92
2025-10-14,Convoyeur industriel,968,57,94.11
2025-10-14,Machine de controle qualite par vision,1040,49,95.29
2025-10-14,Machine de palettisation automatique,1027,37,96.4
2025-10-15,Machine CNC,598,44,92.64
2025-10-15,Tour industriel,703,52,92.6
2025-10-15,Fraiseuse industrielle,782,33,95.78
2025-10-15,Perceuse a colonne,779,26,96.66
2025-10-15,Presse hydraulique,830,19,97.71
2025-10-15,Presse mecanique,850,16,98.12
2025-10-15,Machine de decoupe laser,938,19,97.97
2025-10-15,Machine de decoupe plasma,893,67,92.5
2025-10-15,Machine de soudage robotisee,931,68,92.7
2025-10-15,Robot assemblage,968,62,93.6
2025-10-15,Machine de moulage par injection,974,54,94.46
2025-10-15,Machine extrusion,985,31,96.85
2025-10-15,Machine de pliage,961,24,97.5
2025-10-15,Machine de polissage,1017,13,98.72
2025-10-15,Machine de peinture industrielle,NaN,55,94.65
2025-10-15,Machine emballage,1023,53,94.82
2025-10-15,Etiqueteuse automatique,1035,64,93.82
2025-10-15,Convoyeur industriel,1067,57,94.66
2025-10-15,Machine de controle qualite par vision,1036,47,95.46
2025-10-15,Machine de palettisation automatique,1081,38,96.48
2025-10-16,Machine CNC,754,56,92.57
2025-10-16,Tour industriel,671,42,93.74
2025-10-16,Fraiseuse industrielle,753,37,95.09
2025-10-16,Perceuse a colonne,751,22,97.07
2025-10-16,Presse hydraulique,868,18,97.93
2025-10-16,Presse mecanique,849,11,98.7
2025-10-16,Machine de decoupe laser,818,20,97.56
2025-10-16,Machine de decoupe plasma,895,62,93.07
2025-10-16,Machine de soudage robotisee,865,60,93.06
2025-10-16,Robot assemblage,915,65,92.9
2025-10-16,Machine de moulage par injection,942,48,94.9
2025-10-16,Machine extrusion,970,33,96.6
2025-10-16,Machine de pliage,964,6,99.38
2025-10-16,Machine de polissage,979,15,98.47
2025-10-16,Machine de peinture industrielle,1003,62,93.82
2025-10-16,Machine emballage,1090,60,94.5
2025-10-16,Etiqueteuse automatique,1064,66,93.8
2025-10-16,Convoyeur industriel,1084,52,95.2
2025-10-16,Machine de controle qualite par vision,1009,44,95.64
2025-10-16,Machine de palettisation automatique,1102,42,96.19
2025-10-17,Machine CNC,780,49,93.72
2025-10-17,Tour industriel,679,46,93.23
2025-10-17,Fraiseuse industrielle,711,31,95.64
2025-10-17,Perceuse a colonne,733,23,96.86
2025-10-17,Presse hydraulique,776,12,98.45
2025-10-17,Presse mecanique,807,7,99.13
2025-10-17,Machine de decoupe laser,849,17,98.0
2025-10-17,Machine de decoupe plasma,851,59,93.07
2025-10-17,Machine de soudage robotisee,818,60,92.67
2025-10-17,Robot assemblage,891,62,93.04
2025-10-17,Machine de moulage par injection,943,44,95.33
2025-10-17,Machine extrusion,943,25,97.35
2025-10-17,Machine de pliage,955,13,98.64
2025-10-17,Machine de polissage,1006,5,99.5
2025-10-17,Machine de peinture industrielle,1083,69,93.63
2025-10-17,Machine emballage,1058,57,94.61
2025-10-17,Etiqueteuse automatique,1103,66,94.02
2025-10-17,Convoyeur industriel,1118,60,94.63
2025-10-17,Machine de controle qualite par vision,1128,52,95.39
2025-10-17,Machine de palettisation automatique,1095,28,97.44
2025-10-18,Machine CNC,682,54,92.08
2025-10-18,Tour industriel,672,42,93.75
2025-10-18,Fraiseuse industrielle,670,32,95.22
2025-10-18,Perceuse a colonne,687,25,96.36
2025-10-18,Presse hydraulique,813,22,97.29
2025-10-18,Presse mecanique,704,7,99.01
2025-10-18,Machine de decoupe laser,749,18,97.6
2025-10-18,Machine de decoupe plasma,851,58,93.18
2025-10-18,Machine de soudage robotisee,913,65,92.88
2025-10-18,Robot assemblage,907,52,94.27
2025-10-18,Machine de moulage par injection,986,41,95.84
2025-10-18,Machine extrusion,960,40,95.83
2025-10-18,Machine de pliage,1035,16,98.45
2025-10-18,Machine de polissage,1071,18,98.32
2025-10-18,Machine de peinture industrielle,1072,60,94.4
2025-10-18,Machine emballage,1132,62,94.52
2025-10-18,Etiqueteuse automatique,1072,59,94.5
2025-10-18,Convoyeur industriel,1070,60,94.39
2025-10-18,Machine de controle qualite par vision,1113,53,95.24
2025-10-18,Machine de palettisation automatique,1071,39,96.36
2025-10-19,Machine CNC,603,39,93.53
2025-10-19,Tour industriel,707,46,93.49
2025-10-19,Fraiseuse industrielle,654,31,95.26
2025-10-19,Perceuse a colonne,698,19,97.28
2025-10-19,Presse hydraulique,699,21,97.0
2025-10-19,Presse mecanique,783,15,98.08
2025-10-19,Machine de decoupe laser,806,17,97.89
2025-10-19,Machine de decoupe plasma,881,58,93.42
2025-10-19,Machine de soudage robotisee,930,57,93.87
2025-10-19,Robot assemblage,931,58,93.77
2025-10-19,Machine de moulage par injection,999,53,94.69
2025-10-19,Machine extrusion,1064,30,NaN
2025-10-19,Machine de pliage,1074,19,98.23
2025-10-19,Machine de polissage,1059,5,99.53
2025-10-19,Machine de peinture industrielle,1064,59,94.45
2025-10-19,Machine emballage,1055,69,93.46
2025-10-19,Etiqueteuse automatique,1112,65,94.15
2025-10-19,Convoyeur industriel,1047,66,93.7
2025-10-19,Machine de controle qualite par vision,1042,49,95.3
2025-10-19,Machine de palettisation automatique,1009,33,96.73
2025-10-20,Machine CNC,590,44,92.54
2025-10-20,Tour industriel,695,NaN,93.67
2025-10-20,Fraiseuse industrielle,648,32,95.06
2025-10-20,Perceuse a colonne,693,23,96.68
2025-10-20,Presse hydraulique,735,16,97.82
2025-10-20,Presse mecanique,821,17,97.93
2025-10-20,Machine de decoupe laser,764,19,97.51
2025-10-20,Machine de decoupe plasma,867,66,92.39
2025-10-20,Machine de soudage robotisee,914,66,92.78
2025-10-20,Robot assemblage,990,56,94.34
2025-10-20,Machine de moulage par injection,1016,45,95.57
2025-10-20,Machine extrusion,1013,20,98.03
2025-10-20,Machine de pliage,1114,20,98.2
2025-10-20,Machine de polissage,1081,5,99.54
2025-10-20,Machine de peinture industrielle,1039,58,94.42
2025-10-20,Machine emballage,1037,67,93.54
2025-10-20,Etiqueteuse automatique,1099,66,93.99
2025-10-20,Convoyeur industriel,1051,52,95.05
2025-10-20,Machine de controle qualite par vision,1016,45,95.57
2025-10-20,Machine de palettisation automatique,997,27,97.29
2025-10-21,Machine CNC,619,47,92.41
2025-10-21,Tour industriel,612,33,94.61
2025-10-21,Fraiseuse industrielle,698,30,95.7
2025-10-21,Perceuse a colonne,769,24,96.88
2025-10-21,Presse hydraulique,783,19,97.57
2025-10-21,Presse mecanique,818,13,98.41
2025-10-21,Machine de decoupe laser,949,21,97.79
2025-10-21,Machine de decoupe plasma,924,69,92.53
2025-10-21,Machine de soudage robotisee,934,65,93.04
2025-10-21,Robot assemblage,1000,62,93.8
2025-10-21,Machine de moulage par injection,966,39,95.96
2025-10-21,Machine extrusion,1071,28,97.39
2025-10-21,Machine de pliage,1014,7,99.31
2025-10-21,Machine de polissage,1024,3,99.71
2025-10-21,Machine de peinture industrielle,1043,56,94.63
2025-10-21,Machine emballage,990,68,93.13
2025-10-21,Etiqueteuse automatique,1011,60,94.07
2025-10-21,Convoyeur industriel,1018,53,94.79
2025-10-21,Machine de controle qualite par vision,1041,36,96.54
2025-10-21,Machine de palettisation automatique,1011,28,97.23
2025-10-22,Machine CNC,577,43,92.55
2025-10-22,Tour industriel,688,40,94.19
2025-10-22,Fraiseuse industrielle,748,30,95.99
2025-10-22,Perceuse a colonne,802,22,97.26
2025-10-22,Presse hydraulique,809,21,97.4
2025-10-22,Presse mecanique,875,21,97.6
2025-10-22,Machine de decoupe laser,914,19,97.92
2025-10-22,Machine de decoupe plasma,905,70,92.27
2025-10-22,Machine de soudage robotisee,946,72,92.39
2025-10-22,Robot assemblage,948,59,93.78
2025-10-22,Machine de moulage par injection,997,42,95.79
2025-10-22,Machine extrusion,951,26,97.27
2025-10-22,Machine de pliage,989,15,98.48
2025-10-22,Machine de polissage,974,6,99.38
2025-10-22,Machine de peinture industrielle,974,60,93.84
2025-10-22,Machine emballage,1053,63,94.02
2025-10-22,Etiqueteuse automatique,1033,61,94.09
2025-10-22,Convoyeur industriel,1034,52,94.97
2025-10-22,Machine de controle qualite par vision,1010,48,95.25
2025-10-22,Machine de palettisation automatique,1027,27,97.37
2025-10-23,Machine CNC,723,51,92.95
2025-10-23,Tour industriel,735,44,94.01
2025-10-23,Fraiseuse industrielle,797,36,95.48
2025-10-23,Perceuse a colonne,746,19,97.45
2025-10-23,Presse hydraulique,849,25,97.06
2025-10-23,Presse mecanique,851,21,97.53
2025-10-23,Machine de decoupe laser,821,25,96.95
2025-10-23,Machine de decoupe plasma,884,63,92.87
2025-10-23,Machine de soudage robotisee,890,64,92.81
2025-10-23,Robot assemblage,909,52,94.28
2025-10-23,Machine de moulage par injection,949,38,96.0
2025-10-23,Machine extrusion,1048,30,97.14
2025-10-23,Machine de pliage,931,11,98.82
2025-10-23,Machine de polissage,986,16,98.38
2025-10-23,Machine de peinture industrielle,963,58,93.98
2025-10-23,Machine emballage,1016,78,92.32
2025-10-23,Etiqueteuse automatique,1020,65,93.63
2025-10-23,Convoyeur industriel,1071,59,94.49
2025-10-23,Machine de controle qualite par vision,1081,45,95.84
2025-10-23,Machine de palettisation automatique,1082,22,97.97
2025-10-24,Machine CNC,719,51,92.91
2025-10-24,Tour industriel,724,39,94.61
2025-10-24,Fraiseuse industrielle,756,33,95.63
2025-10-24,Perceuse a colonne,785,23,97.07
2025-10-24,Presse hydraulique,771,17,97.8
2025-10-24,Presse mecanique,793,21,97.35
2025-10-24,Machine de decoupe laser,801,19,97.63
2025-10-24,Machine de decoupe plasma,877,60,93.16
2025-10-24,Machine de soudage robotisee,875,63,92.8
2025-10-24,Robot assemblage,932,48,94.85
2025-10-24,Machine de moulage par injection,974,35,96.41
2025-10-24,Machine extrusion,962,21,97.82
2025-10-24,Machine de pliage,965,11,98.86
2025-10-24,Machine de polissage,1037,14,98.65
2025-10-24,Machine de peinture industrielle,1033,67,93.51
2025-10-24,Machine emballage,1079,72,93.33
2025-10-24,Etiqueteuse automatique,1073,66,93.85
2025-10-24,Convoyeur industriel,1070,57,94.67
2025-10-24,Machine de controle qualite par vision,1137,42,96.31
2025-10-24,Machine de palettisation automatique,1142,28,97.55
2025-10-25,Machine CNC,653,45,93.11
2025-10-25,Tour industriel,733,44,94.0
2025-10-25,Fraiseuse industrielle,706,28,96.03
2025-10-25,Perceuse a colonne,699,24,96.57
2025-10-25,Presse hydraulique,779,17,97.82
2025-10-25,Presse mecanique,821,20,97.56
2025-10-25,Machine de decoupe laser,869,23,97.35
2025-10-25,Machine de decoupe plasma,825,67,91.88
2025-10-25,Machine de soudage robotisee,935,NaN,92.94
2025-10-25,Robot assemblage,860,51,94.07
2025-10-25,Machine de moulage par injection,967,39,95.97
2025-10-25,Machine extrusion,1039,25,97.59
2025-10-25,Machine de pliage,1050,15,98.57
2025-10-25,Machine de polissage,1093,18,98.35
2025-10-25,Machine de peinture industrielle,1091,78,92.85
2025-10-25,Machine emballage,1096,72,93.43
2025-10-25,Etiqueteuse automatique,1112,62,94.42
2025-10-25,Convoyeur industriel,1072,56,94.78
2025-10-25,Machine de controle qualite par vision,1096,38,96.53
2025-10-25,Machine de palettisation automatique,1068,29,97.28
2025-10-26,Machine CNC,608,39,93.59
2025-10-26,Tour industriel,610,33,94.59
2025-10-26,Fraiseuse industrielle,621,23,96.3
2025-10-26,Perceuse a colonne,735,18,97.55
2025-10-26,Presse hydraulique,712,17,97.61
2025-10-26,Presse mecanique,791,24,96.97
2025-10-26,Machine de decoupe laser,883,23,97.4
2025-10-26,Machine de decoupe plasma,883,69,92.19
2025-10-26,Machine de soudage robotisee,900,66,92.67
2025-10-26,Robot assemblage,958,54,94.36
2025-10-26,Machine de moulage par injection,985,36,96.35
2025-10-26,Machine extrusion,1010,20,98.02
2025-10-26,Machine de pliage,1032,13,98.74
2025-10-26,Machine de polissage,1066,16,98.5
2025-10-26,Machine de peinture industrielle,1104,77,93.03
2025-10-26,Machine emballage,1060,70,93.4
2025-10-26,Etiqueteuse automatique,1091,69,93.68
2025-10-26,Convoyeur industriel,1033,55,94.68
2025-10-26,Machine de controle qualite par vision,997,29,97.09
2025-10-26,Machine de palettisation automatique,1022,21,97.95
2025-10-27,Machine CNC,590,38,93.56
2025-10-27,Tour industriel,611,33,94.6
2025-10-27,Fraiseuse industrielle,620,22,96.45
2025-10-27,Perceuse a colonne,678,22,96.76
2025-10-27,Presse hydraulique,763,22,97.12
2025-10-27,Presse mecanique,810,30,96.3
2025-10-27,Machine de decoupe laser,857,17,98.02
2025-10-27,Machine de decoupe plasma,915,71,92.24
2025-10-27,Machine de soudage robotisee,1004,63,93.73
2025-10-27,Robot assemblage,994,56,94.37
2025-10-27,Machine de moulage par injection,1068,35,96.72
2025-10-27,Machine extrusion,1043,22,97.89
2025-10-27,Machine de pliage,1050,19,98.19
2025-10-27,Machine de polissage,1069,15,98.6
2025-10-27,Machine de peinture industrielle,1042,76,92.71
2025-10-27,Machine emballage,1057,63,94.04
2025-10-27,Etiqueteuse automatique,1071,59,94.49
2025-10-27,Convoyeur industriel,993,48,95.17
2025-10-27,Machine de controle qualite par vision,1036,39,96.24
2025-10-27,Machine de palettisation automatique,965,17,98.24
2025-10-28,Machine CNC,600,39,93.5
2025-10-28,Tour industriel,699,33,95.28
2025-10-28,Fraiseuse industrielle,698,25,96.42
2025-10-28,Perceuse a colonne,734,27,96.32
2025-10-28,Presse hydraulique,796,28,96.48
2025-10-28,Presse mecanique,850,25,97.06
2025-10-28,Machine de decoupe laser,895,28,96.87
2025-10-28,Machine de decoupe plasma,907,70,92.28
2025-10-28,Machine de soudage robotisee,963,67,93.04
2025-10-28,Robot assemblage,973,53,94.55
2025-10-28,Machine de moulage par injection,1027,39,96.2
2025-10-28,Machine extrusion,971,26,97.32
2025-10-28,Machine de pliage,1000,14,98.6
2025-10-28,Machine de polissage,1013,19,98.12
2025-10-28,Machine de peinture industrielle,1067,65,93.91
2025-10-28,Machine emballage,1016,65,93.6
2025-10-28,Etiqueteuse automatique,985,61,93.81
2025-10-28,Convoyeur industriel,959,52,94.58
2025-10-28,Machine de controle qualite par vision,988,32,96.76
2025-10-28,Machine de palettisation automatique,1028,23,97.76
2025-10-29,Machine CNC,627,37,NaN
2025-10-29,Tour industriel,670,36,94.63
2025-10-29,Fraiseuse industrielle,735,29,96.05
2025-10-29,Perceuse a colonne,791,30,96.21
2025-10-29,Presse hydraulique,887,27,96.96
2025-10-29,Presse mecanique,868,34,96.08
2025-10-29,Machine de decoupe laser,940,30,96.81
2025-10-29,Machine de decoupe plasma,942,78,91.72
2025-10-29,Machine de soudage robotisee,945,63,93.33
2025-10-29,Robot assemblage,931,41,95.6
2025-10-29,Machine de moulage par injection,1009,38,96.23
2025-10-29,Machine extrusion,1003,13,98.7
2025-10-29,Machine de pliage,970,14,98.56
2025-10-29,Machine de polissage,977,17,98.26
2025-10-29,Machine de peinture industrielle,998,66,93.39
2025-10-29,Machine emballage,1024,68,93.36
2025-10-29,Etiqueteuse automatique,978,61,93.76
2025-10-29,Convoyeur industriel,990,48,95.15
2025-10-29,Machine de controle qualite par vision,1063,30,97.18
2025-10-29,Machine de palettisation automatique,1047,22,97.9
2025-10-30,Machine CNC,716,46,93.58
2025-10-30,Tour industriel,725,34,95.31
2025-10-30,Fraiseuse industrielle,766,32,95.82
2025-10-30,Perceuse a colonne,764,25,96.73
2025-10-30,Presse hydraulique,793,23,97.1
2025-10-30,Presse mecanique,846,26,96.93
2025-10-30,Machine de decoupe laser,859,29,96.62
2025-10-30,Machine de decoupe plasma,907,73,91.95
2025-10-30,Machine de soudage robotisee,895,52,94.19
2025-10-30,Robot assemblage,939,39,95.85
2025-10-30,Machine de moulage par injection,950,36,96.21
2025-10-30,Machine extrusion,952,25,97.37
2025-10-30,Machine de pliage,984,16,98.37
2025-10-30,Machine de polissage,1013,26,97.43
2025-10-30,Machine de peinture industrielle,1017,71,93.02
2025-10-30,Machine emballage,1079,74,93.14
2025-10-30,Etiqueteuse automatique,1036,65,93.73
2025-10-30,Convoyeur industriel,1025,47,95.41
2025-10-30,Machine de controle qualite par vision,1056,28,97.35
2025-10-30,Machine de palettisation automatique,1045,23,97.8
2025-10-31,Machine CNC,728,45,93.82
2025-10-31,Tour industriel,722,34,95.29
2025-10-31,Fraiseuse industrielle,759,29,96.18
2025-10-31,Perceuse a colonne,722,23,96.81
2025-10-31,Presse hydraulique,788,26,96.7
2025-10-31,Presse mecanique,778,28,96.4
2025-10-31,Machine de decoupe laser,810,30,96.3
2025-10-31,Machine de decoupe plasma,853,62,92.73
2025-10-31,Machine de soudage robotisee,896,62,93.08
2025-10-31,Robot assemblage,906,44,95.14
2025-10-31,Machine de moulage par injection,933,31,96.68
2025-10-31,Machine extrusion,981,19,98.06
2025-10-31,Machine de pliage,967,15,98.45
2025-10-31,Machine de polissage,1014,14,98.62
2025-10-31,Machine de peinture industrielle,1018,70,93.12
2025-10-31,Machine emballage,1047,74,92.93
2025-10-31,Etiqueteuse automatique,1029,62,93.97
2025-10-31,Convoyeur industriel,1077,46,95.73
2025-10-31,Machine de controle qualite par vision,1054,29,97.25
2025-10-31,Machine de palettisation automatique,1036,21,97.97
2025-11-01,Machine CNC,704,38,94.6
2025-11-01,Tour industriel,688,32,95.35
2025-11-01,Fraiseuse industrielle,688,29,95.78
2025-11-01,Perceuse a colonne,758,25,96.7
2025-11-01,Presse hydraulique,782,30,96.16
2025-11-01,Presse mecanique,815,31,96.2
2025-11-01,Machine de decoupe laser,865,20,97.69
2025-11-01,Machine de decoupe plasma,892,68,92.38
2025-11-01,Machine de soudage robotisee,946,52,94.5
2025-11-01,Robot assemblage,963,40,95.85
2025-11-01,Machine de moulage par injection,924,26,97.19
2025-11-01,Machine extrusion,951,16,98.32
2025-11-01,Machine de pliage,1005,22,NaN
2025-11-01,Machine de polissage,1075,25,97.67
2025-11-01,Machine de peinture industrielle,1040,84,91.92
2025-11-01,Machine emballage,1095,81,92.6
2025-11-01,Etiqueteuse automatique,1138,63,94.46
2025-11-01,Convoyeur industriel,1092,52,95.24
2025-11-01,Machine de controle qualite par vision,1089,31,97.15
2025-11-01,Machine de palettisation automatique,1077,17,98.42
2025-11-02,Machine CNC,654,38,94.19
2025-11-02,Tour industriel,643,26,95.96
2025-11-02,Fraiseuse industrielle,710,NaN,97.04
2025-11-02,Perceuse a colonne,737,21,97.15
2025-11-02,Presse hydraulique,732,23,96.86
2025-11-02,Presse mecanique,813,30,96.31
2025-11-02,Machine de decoupe laser,845,33,96.09
2025-11-02,Machine de decoupe plasma,859,64,92.55
2025-11-02,Machine de soudage robotisee,957,58,93.94
2025-11-02,Robot assemblage,987,44,95.54
2025-11-02,Machine de moulage par injection,1045,40,96.17
2025-11-02,Machine extrusion,1050,20,98.1
2025-11-02,Machine de pliage,1057,24,97.73
2025-11-02,Machine de polissage,1026,19,98.15
2025-11-02,Machine de peinture industrielle,1053,NaN,93.64
2025-11-02,Machine emballage,1101,72,93.46
2025-11-02,Etiqueteuse automatique,1034,63,93.91
2025-11-02,Convoyeur industriel,998,36,96.39
2025-11-02,Machine de controle qualite par vision,1047,18,NaN
2025-11-02,Machine de palettisation automatique,1015,18,98.23
2025-11-03,Machine CNC,640,32,95.0
2025-11-03,Tour industriel,626,33,94.73
2025-11-03,Fraiseuse industrielle,702,26,96.3
2025-11-03,Perceuse a colonne,657,24,96.35
2025-11-03,Presse hydraulique,767,30,96.09
2025-11-03,Presse mecanique,873,34,96.11
2025-11-03,Machine de decoupe laser,886,31,96.5
2025-11-03,Machine de decoupe plasma,900,62,93.11
2025-11-03,Machine de soudage robotisee,951,61,93.59
2025-11-03,Robot assemblage,1057,48,95.46
2025-11-03,Machine de moulage par injection,1030,36,96.5
2025-11-03,Machine extrusion,1022,30,97.06
2025-11-03,Machine de pliage,1010,22,97.82
2025-11-03,Machine de polissage,1060,31,97.08
2025-11-03,Machine de peinture industrielle,1053,82,92.21
2025-11-03,Machine emballage,1040,72,93.08
2025-11-03,Etiqueteuse automatique,1009,58,94.25
2025-11-03,Convoyeur industriel,1002,39,96.11
2025-11-03,Machine de controle qualite par vision,983,26,97.36
2025-11-03,Machine de palettisation automatique,1006,7,99.3
2025-11-04,Machine CNC,624,32,94.87
2025-11-04,Tour industriel,700,32,95.43
2025-11-04,Fraiseuse industrielle,680,28,95.88
2025-11-04,Perceuse a colonne,772,27,96.5
2025-11-04,Presse hydraulique,869,37,95.74
2025-11-04,Presse mecanique,913,36,96.06
2025-11-04,Machine de decoupe laser,855,27,96.84
2025-11-04,Machine de decoupe plasma,946,64,93.23
2025-11-04,Machine de soudage robotisee,1030,59,94.27
2025-11-04,Robot assemblage,976,39,96.0
2025-11-04,Machine de moulage par injection,987,30,96.96
2025-11-04,Machine extrusion,1066,25,97.65
2025-11-04,Machine de pliage,989,16,98.38
2025-11-04,Machine de polissage,1043,15,98.56
2025-11-04,Machine de peinture industrielle,1038,85,91.81
2025-11-04,Machine emballage,996,69,93.07
2025-11-04,Etiqueteuse automatique,1042,57,94.53
2025-11-04,Convoyeur industriel,953,36,96.22
2025-11-04,Machine de controle qualite par vision,959,22,97.71
2025-11-04,Machine de palettisation automatique,1042,13,98.75
2025-11-05,Machine CNC,689,37,94.63
2025-11-05,Tour industriel,735,30,95.92
2025-11-05,Fraiseuse industrielle,744,27,96.37
2025-11-05,Perceuse a colonne,809,32,96.04
2025-11-05,Presse hydraulique,878,40,95.44
2025-11-05,Presse mecanique,869,35,95.97
2025-11-05,Machine de decoupe laser,868,29,96.66
2025-11-05,Machine de decoupe plasma,927,65,NaN
2025-11-05,Machine de soudage robotisee,973,56,94.24
2025-11-05,Robot assemblage,1010,40,96.04
2025-11-05,Machine de moulage par injection,953,28,97.06
2025-11-05,Machine extrusion,977,24,97.54
2025-11-05,Machine de pliage,971,31,96.81
2025-11-05,Machine de polissage,976,16,NaN
2025-11-05,Machine de peinture industrielle,996,74,92.57
2025-11-05,Machine emballage,993,72,92.75
2025-11-05,Etiqueteuse automatique,1019,60,94.11
2025-11-05,Convoyeur industriel,1025,44,95.71
2025-11-05,Machine de controle qualite par vision,1050,20,98.1
2025-11-05,Machine de palettisation automatique,1035,23,97.78
2025-11-06,Machine CNC,659,36,94.54
2025-11-06,Tour industriel,716,31,95.67
2025-11-06,Fraiseuse industrielle,753,34,95.48
2025-11-06,Perceuse a colonne,817,34,95.84
2025-11-06,Presse hydraulique,824,32,96.12
2025-11-06,Presse mecanique,871,31,96.44
2025-11-06,Machine de decoupe laser,893,27,96.98
2025-11-06,Machine de decoupe plasma,855,60,92.98
2025-11-06,Machine de soudage robotisee,888,53,94.03
2025-11-06,Robot assemblage,956,42,95.61
2025-11-06,Machine de moulage par injection,1015,28,97.24
2025-11-06,Machine extrusion,881,18,97.96
2025-11-06,Machine de pliage,971,26,97.32
2025-11-06,Machine de polissage,966,20,97.93
2025-11-06,Machine de peinture industrielle,981,68,93.07
2025-11-06,Machine emballage,1036,67,93.53
2025-11-06,Etiqueteuse automatique,1053,57,94.59
2025-11-06,Convoyeur industriel,1062,35,96.7
2025-11-06,Machine de controle qualite par vision,1077,28,97.4
2025-11-06,Machine de palettisation automatique,1074,18,98.32
2025-11-07,Machine CNC,687,37,94.61
2025-11-07,Tour industriel,739,29,96.08
2025-11-07,Fraiseuse industrielle,759,33,95.65
2025-11-07,Perceuse a colonne,804,39,95.15
2025-11-07,Presse hydraulique,793,47,94.07
2025-11-07,Presse mecanique,780,26,96.67
2025-11-07,Machine de decoupe laser,858,32,96.27
2025-11-07,Machine de decoupe plasma,870,61,92.99
2025-11-07,Machine de soudage robotisee,849,47,94.46
2025-11-07,Robot assemblage,958,38,96.03
2025-11-07,Machine de moulage par injection,969,23,97.63
2025-11-07,Machine extrusion,940,24,97.45
2025-11-07,Machine de pliage,1022,27,97.36
2025-11-07,Machine de polissage,937,22,97.65
2025-11-07,Machine de peinture industrielle,1046,88,91.59
2025-11-07,Machine emballage,NaN,72,93.33
2025-11-07,Etiqueteuse automatique,1061,52,95.1
2025-11-07,Convoyeur industriel,1121,39,96.52
2025-11-07,Machine de controle qualite par vision,1082,23,97.87
2025-11-07,Machine de palettisation automatique,1108,18,98.38
2025-11-08,Machine CNC,711,39,94.51
2025-11-08,Tour industriel,694,30,95.68
2025-11-08,Fraiseuse industrielle,713,29,95.93
2025-11-08,Perceuse a colonne,753,31,95.88
2025-11-08,Presse hydraulique,727,26,96.42
2025-11-08,Presse mecanique,804,28,96.52
2025-11-08,Machine de decoupe laser,740,24,96.76
2025-11-08,Machine de decoupe plasma,864,60,93.06
2025-11-08,Machine de soudage robotisee,900,48,94.67
2025-11-08,Robot assemblage,884,37,95.81
2025-11-08,Machine de moulage par injection,916,27,97.05
2025-11-08,Machine extrusion,975,29,97.03
2025-11-08,Machine de pliage,1000,32,96.8
2025-11-08,Machine de polissage,988,29,97.06
2025-11-08,Machine de peinture industrielle,1015,81,92.02
2025-11-08,Machine emballage,1058,64,93.95
2025-11-08,Etiqueteuse automatique,1056,62,94.13
2025-11-08,Convoyeur industriel,1069,44,95.88
2025-11-08,Machine de controle qualite par vision,1088,28,97.43
2025-11-08,Machine de palettisation automatique,1071,23,97.85
2025-11-09,Machine CNC,592,33,94.43
2025-11-09,Tour industriel,650,30,95.38
2025-11-09,Fraiseuse industrielle,676,30,95.56
2025-11-09,Perceuse a colonne,687,26,96.22
2025-11-09,Presse hydraulique,789,42,94.68
2025-11-09,Presse mecanique,764,21,97.25
2025-11-09,Machine de decoupe laser,865,21,97.57
2025-11-09,Machine de decoupe plasma,887,61,93.12
2025-11-09,Machine de soudage robotisee,929,48,94.83
2025-11-09,Robot assemblage,959,35,96.35
2025-11-09,Machine de moulage par injection,993,29,NaN
2025-11-09,Machine extrusion,1008,27,97.32
2025-11-09,Machine de pliage,1023,45,95.6
2025-11-09,Machine de polissage,1080,29,97.31
2025-11-09,Machine de peinture industrielle,1034,78,92.46
2025-11-09,Machine emballage,1100,72,93.45
2025-11-09,Etiqueteuse automatique,1046,49,95.32
2025-11-09,Convoyeur industriel,1021,35,96.57
2025-11-09,Machine de controle qualite par vision,990,20,97.98
2025-11-09,Machine de palettisation automatique,1026,20,98.05
2025-11-10,Machine CNC,636,28,95.6
2025-11-10,Tour industriel,665,29,95.64
2025-11-10,Fraiseuse industrielle,673,32,95.25
2025-11-10,Perceuse a colonne,713,35,95.09
2025-11-10,Presse hydraulique,753,28,96.28
2025-11-10,Presse mecanique,821,34,95.86
2025-11-10,Machine de decoupe laser,855,23,97.31
2025-11-10,Machine de decoupe plasma,906,54,94.04
2025-11-10,Machine de soudage robotisee,947,43,95.46
2025-11-10,Robot assemblage,1012,33,96.74
2025-11-10,Machine de moulage par injection,978,18,98.16
2025-11-10,Machine extrusion,1037,25,97.59
2025-11-10,Machine de pliage,993,31,96.88
2025-11-10,Machine de polissage,1026,19,98.15
2025-11-10,Machine de peinture industrielle,1014,76,92.5
2025-11-10,Machine emballage,1054,63,94.02
2025-11-10,Etiqueteuse automatique,989,52,94.74
2025-11-10,Convoyeur industriel,1031,35,96.61
2025-11-10,Machine de controle qualite par vision,1031,5,99.52
2025-11-10,Machine de palettisation automatique,1045,22,97.89
2025-11-11,Machine CNC,608,31,94.9
2025-11-11,Tour industriel,702,30,95.73
2025-11-11,Fraiseuse industrielle,713,34,95.23
2025-11-11,Perceuse a colonne,765,33,95.69
2025-11-11,Presse hydraulique,761,33,95.66
2025-11-11,Presse mecanique,891,44,95.06
2025-11-11,Machine de decoupe laser,898,20,97.77
2025-11-11,Machine de decoupe plasma,998,56,94.39
2025-11-11,Machine de soudage robotisee,972,46,95.27
2025-11-11,Robot assemblage,965,42,95.65
2025-11-11,Machine de moulage par injection,1022,35,96.58
2025-11-11,Machine extrusion,961,32,96.67
2025-11-11,Machine de pliage,979,27,97.24
2025-11-11,Machine de polissage,1030,33,96.8
2025-11-11,Machine de peinture industrielle,937,73,92.21
2025-11-11,Machine emballage,1032,64,93.8
2025-11-11,Etiqueteuse automatique,992,44,NaN
2025-11-11,Convoyeur industriel,996,34,96.59
2025-11-11,Machine de controle qualite par vision,954,21,97.8
2025-11-11,Machine de palettisation automatique,1005,11,98.91
2025-11-12,Machine CNC,678,35,94.84
2025-11-12,Tour industriel,725,33,95.45
2025-11-12,Fraiseuse industrielle,745,34,95.44
2025-11-12,Perceuse a colonne,810,43,94.69
2025-11-12,Presse hydraulique,818,47,94.25
2025-11-12,Presse mecanique,905,41,95.47
2025-11-12,Machine de decoupe laser,871,17,98.05
2025-11-12,Machine de decoupe plasma,964,52,94.61
2025-11-12,Machine de soudage robotisee,873,47,94.62
2025-11-12,Robot assemblage,957,34,96.45
2025-11-12,Machine de moulage par injection,985,29,97.06
2025-11-12,Machine extrusion,968,35,96.38
2025-11-12,Machine de pliage,963,40,95.85
2025-11-12,Machine de polissage,991,23,97.68
2025-11-12,Machine de peinture industrielle,1031,78,92.43
2025-11-12,Machine emballage,935,57,93.9
2025-11-12,Etiqueteuse automatique,966,42,95.65
2025-11-12,Convoyeur industriel,973,33,96.61
2025-11-12,Machine de controle qualite par vision,1003,22,97.81
2025-11-12,Machine de palettisation automatique,1109,19,98.29
2025-11-13,Machine CNC,749,42,94.39
2025-11-13,Tour industriel,739,41,94.45
2025-11-13,Fraiseuse industrielle,731,36,95.08
2025-11-13,Perceuse a colonne,794,35,95.59
2025-11-13,Presse hydraulique,826,38,95.4
2025-11-13,Presse mecanique,863,26,96.99
2025-11-13,Machine de decoupe laser,883,18,97.96
2025-11-13,Machine de decoupe plasma,914,53,94.2
2025-11-13,Machine de soudage robotisee,891,43,95.17
2025-11-13,Robot assemblage,921,36,96.09
2025-11-13,Machine de moulage par injection,1020,37,96.37
2025-11-13,Machine extrusion,994,23,97.69
2025-11-13,Machine de pliage,947,37,96.09
2025-11-13,Machine de polissage,963,36,96.26
2025-11-13,Machine de peinture industrielle,1020,75,92.65
2025-11-13,Machine emballage,1032,62,93.99
2025-11-13,Etiqueteuse automatique,969,42,95.67
2025-11-13,Convoyeur industriel,993,39,96.07
2025-11-13,Machine de controle qualite par vision,1013,22,97.83
2025-11-13,Machine de palettisation automatique,1119,22,98.03
2025-11-14,Machine CNC,723,41,94.33
2025-11-14,Tour industriel,769,34,NaN
2025-11-14,Fraiseuse industrielle,780,43,94.49
2025-11-14,Perceuse a colonne,796,37,95.35
2025-11-14,Presse hydraulique,862,35,95.94
2025-11-14,Presse mecanique,828,30,96.38
2025-11-14,Machine de decoupe laser,876,19,97.83
2025-11-14,Machine de decoupe plasma,854,53,93.79
2025-11-14,Machine de soudage robotisee,897,37,95.88
2025-11-14,Robot assemblage,910,34,96.26
2025-11-14,Machine de moulage par injection,955,32,96.65
2025-11-14,Machine extrusion,967,28,97.1
2025-11-14,Machine de pliage,960,31,96.77
2025-11-14,Machine de polissage,979,30,96.94
2025-11-14,Machine de peinture industrielle,1000,67,93.3
2025-11-14,Machine emballage,1075,68,93.67
2025-11-14,Etiqueteuse automatique,1044,50,95.21
2025-11-14,Convoyeur industriel,1052,34,96.77
2025-11-14,Machine de controle qualite par vision,1098,25,97.72
2025-11-14,Machine de palettisation automatique,1092,18,98.35
2025-11-15,Machine CNC,673,35,94.8
2025-11-15,Tour industriel,766,43,94.39
2025-11-15,Fraiseuse industrielle,727,40,94.5
2025-11-15,Perceuse a colonne,788,40,94.92
2025-11-15,Presse hydraulique,793,35,95.59
2025-11-15,Presse mecanique,789,30,96.2
2025-11-15,Machine de decoupe laser,854,15,98.24
2025-11-15,Machine de decoupe plasma,865,51,94.1
2025-11-15,Machine de soudage robotisee,921,34,96.31
2025-11-15,Robot assemblage,902,34,96.23
2025-11-15,Machine de moulage par injection,964,28,97.1
2025-11-15,Machine extrusion,951,43,95.48
2025-11-15,Machine de pliage,1027,32,96.88
2025-11-15,Machine de polissage,994,37,96.28
2025-11-15,Machine de peinture industrielle,1064,76,92.86
2025-11-15,Machine emballage,1089,62,94.31
2025-11-15,Etiqueteuse automatique,1053,37,96.49
2025-11-15,Convoyeur industriel,1041,26,97.5
2025-11-15,Machine de controle qualite par vision,1070,23,97.85
2025-11-15,Machine de palettisation automatique,970,26,NaN
2025-11-16,Machine CNC,640,36,94.38
2025-11-16,Tour industriel,660,32,95.15
2025-11-16,Fraiseuse industrielle,683,35,94.88
2025-11-16,Perceuse a colonne,714,33,95.38
2025-11-16,Presse hydraulique,795,37,95.35
2025-11-16,Presse mecanique,776,25,96.78
2025-11-16,Machine de decoupe laser,820,14,98.29
2025-11-16,Machine de decoupe plasma,864,50,94.21
2025-11-16,Machine de soudage robotisee,883,39,95.58
2025-11-16,Robot assemblage,947,29,96.94
2025-11-16,Machine de moulage par injection,1027,34,96.69
2025-11-16,Machine extrusion,1002,38,96.21
2025-11-16,Machine de pliage,1046,29,97.23
2025-11-16,Machine de polissage,1095,43,96.07
2025-11-16,Machine de peinture industrielle,1065,76,92.86
2025-11-16,Machine emballage,1067,72,93.25
2025-11-16,Etiqueteuse automatique,1024,46,95.51
2025-11-16,Convoyeur industriel,1074,33,96.93
2025-11-16,Machine de controle qualite par vision,976,17,98.26
2025-11-16,Machine de palettisation automatique,973,27,97.23
2025-11-17,Machine CNC,629,37,94.12
2025-11-17,Tour industriel,663,41,93.82
2025-11-17,Fraiseuse industrielle,682,34,95.01
2025-11-17,Perceuse a colonne,697,32,95.41
2025-11-17,Presse hydraulique,811,38,95.31
2025-11-17,Presse mecanique,893,26,97.09
2025-11-17,Machine de decoupe laser,896,17,98.1
2025-11-17,Machine de decoupe plasma,953,46,95.17
2025-11-17,Machine de soudage robotisee,952,38,96.01
2025-11-17,Robot assemblage,975,38,96.1
2025-11-17,Machine de moulage par injection,1032,43,95.83
2025-11-17,Machine extrusion,1000,41,95.9
2025-11-17,Machine de pliage,995,31,96.88
2025-11-17,Machine de polissage,1024,19,98.14
2025-11-17,Machine de peinture industrielle,1008,67,93.35
2025-11-17,Machine emballage,1008,59,94.15
2025-11-17,Etiqueteuse automatique,972,45,95.37
2025-11-17,Convoyeur industriel,994,28,97.18
2025-11-17,Machine de controle qualite par vision,982,24,97.56
2025-11-17,Machine de palettisation automatique,992,18,98.19
2025-11-18,Machine CNC,650,32,95.08
2025-11-18,Tour industriel,636,36,94.34
2025-11-18,Fraiseuse industrielle,728,35,95.19
2025-11-18,Perceuse a colonne,820,40,95.12
2025-11-18,Presse hydraulique,831,35,95.79
2025-11-18,Presse mecanique,924,29,96.86
2025-11-18,Machine de decoupe laser,930,8,99.14
2025-11-18,Machine de decoupe plasma,965,58,93.99
2025-11-18,Machine de soudage robotisee,949,39,95.89
2025-11-18,Robot assemblage,998,35,96.49
2025-11-18,Machine de moulage par injection,958,34,96.45
2025-11-18,Machine extrusion,983,41,95.83
2025-11-18,Machine de pliage,1032,39,96.22
2025-11-18,Machine de polissage,961,30,96.88
2025-11-18,Machine de peinture industrielle,980,61,93.78
2025-11-18,Machine emballage,1004,52,94.82
2025-11-18,Etiqueteuse automatique,952,42,95.59
2025-11-18,Convoyeur industriel,971,26,97.32
2025-11-18,Machine de controle qualite par vision,972,29,97.02
2025-11-18,Machine de palettisation automatique,985,28,97.16
2025-11-19,Machine CNC,680,42,93.82
2025-11-19,Tour industriel,792,44,94.44
2025-11-19,Fraiseuse industrielle,795,39,95.09
2025-11-19,Perceuse a colonne,833,50,94.0
2025-11-19,Presse hydraulique,813,35,95.69
2025-11-19,Presse mecanique,945,22,97.67
2025-11-19,Machine de decoupe laser,867,14,98.39
2025-11-19,Machine de decoupe plasma,959,48,94.99
2025-11-19,Machine de soudage robotisee,994,43,95.67
2025-11-19,Robot assemblage,993,46,95.37
2025-11-19,Machine de moulage par injection,963,43,95.53
2025-11-19,Machine extrusion,987,44,95.54
2025-11-19,Machine de pliage,960,33,NaN
2025-11-19,Machine de polissage,946,28,97.04
2025-11-19,Machine de peinture industrielle,985,71,92.79
2025-11-19,Machine emballage,939,46,95.1
2025-11-19,Etiqueteuse automatique,953,34,96.43
2025-11-19,Convoyeur industriel,983,26,97.36
2025-11-19,Machine de controle qualite par vision,958,24,97.49
2025-11-19,Machine de palettisation automatique,1061,28,97.36
2025-11-20,Machine CNC,735,39,94.69
2025-11-20,Tour industriel,776,44,94.33
2025-11-20,Fraiseuse industrielle,809,44,94.56
2025-11-20,Perceuse a colonne,795,42,94.72
2025-11-20,Presse hydraulique,843,38,95.49
2025-11-20,Presse mecanique,844,31,96.33
2025-11-20,Machine de decoupe laser,854,14,98.36
2025-11-20,Machine de decoupe plasma,898,49,94.54
2025-11-20,Machine de soudage robotisee,940,51,94.57
2025-11-20,Robot assemblage,951,44,95.37
2025-11-20,Machine de moulage par injection,981,47,95.21
2025-11-20,Machine extrusion,966,37,96.17
2025-11-20,Machine de pliage,952,40,95.8
2025-11-20,Machine de polissage,947,36,96.2
2025-11-20,Machine de peinture industrielle,1042,71,93.19
2025-11-20,Machine emballage,1031,52,94.96
2025-11-20,Etiqueteuse automatique,1019,41,95.98
2025-11-20,Convoyeur industriel,1024,27,97.36
2025-11-20,Machine de controle qualite par vision,1004,20,98.01
2025-11-20,Machine de palettisation automatique,1076,22,97.96
2025-11-21,Machine CNC,727,43,94.09
2025-11-21,Tour industriel,731,40,94.53
2025-11-21,Fraiseuse industrielle,738,49,93.36
2025-11-21,Perceuse a colonne,815,49,93.99
2025-11-21,Presse hydraulique,835,40,95.21
2025-11-21,Presse mecanique,872,27,96.9
2025-11-21,Machine de decoupe laser,857,5,99.42
2025-11-21,Machine de decoupe plasma,858,56,93.47
2025-11-21,Machine de soudage robotisee,846,31,96.34
2025-11-21,Robot assemblage,926,43,95.36
2025-11-21,Machine de moulage par injection,951,37,96.11
2025-11-21,Machine extrusion,927,39,95.79
2025-11-21,Machine de pliage,991,42,95.76
2025-11-21,Machine de polissage,1019,31,96.96
2025-11-21,Machine de peinture industrielle,1041,69,93.37
2025-11-21,Machine emballage,1018,54,94.7
2025-11-21,Etiqueteuse automatique,1088,50,95.4
2025-11-21,Convoyeur industriel,1049,27,97.43
2025-11-21,Machine de controle qualite par vision,1083,30,97.23
2025-11-21,Machine de palettisation automatique,1040,27,97.4
2025-11-22,Machine CNC,697,45,93.54
2025-11-22,Tour industriel,762,41,94.62
2025-11-22,Fraiseuse industrielle,761,44,94.22
2025-11-22,Perceuse a colonne,723,42,94.19
2025-11-22,Presse hydraulique,802,38,95.26
2025-11-22,Presse mecanique,805,25,96.89
2025-11-22,Machine de decoupe laser,843,3,99.64
2025-11-22,Machine de decoupe plasma,835,45,94.61
2025-11-22,Machine de soudage robotisee,906,47,94.81
2025-11-22,Robot assemblage,930,39,95.81
2025-11-22,Machine de moulage par injection,981,45,95.41
2025-11-22,Machine extrusion,1046,44,95.79
2025-11-22,Machine de pliage,975,38,96.1
2025-11-22,Machine de polissage,1013,27,97.33
2025-11-22,Machine de peinture industrielle,1042,65,93.76
2025-11-22,Machine emballage,1079,41,96.2
2025-11-22,Etiqueteuse automatique,1044,41,NaN
2025-11-22,Convoyeur industriel,1115,31,97.22
2025-11-22,Machine de controle qualite par vision,1092,29,97.34
2025-11-22,Machine de palettisation automatique,1055,28,97.35
2025-11-23,Machine CNC,673,40,94.06
2025-11-23,Tour industriel,684,41,94.01
2025-11-23,Fraiseuse industrielle,714,40,94.4
2025-11-23,Perceuse a colonne,714,32,95.52
2025-11-23,Presse hydraulique,778,30,96.14
2025-11-23,Presse mecanique,860,27,96.86
2025-11-23,Machine de decoupe laser,844,5,99.41
2025-11-23,Machine de decoupe plasma,919,47,94.89
2025-11-23,Machine de soudage robotisee,915,41,95.52
2025-11-23,Robot assemblage,1039,48,95.38
2025-11-23,Machine de moulage par injection,1037,51,95.08
2025-11-23,Machine extrusion,1029,40,96.11
2025-11-23,Machine de pliage,1032,34,96.71
2025-11-23,Machine de polissage,1091,29,97.34
2025-11-23,Machine de peinture industrielle,1055,72,93.18
2025-11-23,Machine emballage,1028,53,94.84
2025-11-23,Etiqueteuse automatique,1077,42,96.1
2025-11-23,Convoyeur industriel,1055,23,97.82
2025-11-23,Machine de controle qualite par vision,1009,31,96.93
2025-11-23,Machine de palettisation automatique,1024,25,97.56
2025-11-24,Machine CNC,642,34,94.7
2025-11-24,Tour industriel,630,37,94.13
2025-11-24,Fraiseuse industrielle,666,39,94.14
2025-11-24,Perceuse a colonne,781,46,94.11
2025-11-24,Presse hydraulique,739,28,96.21
2025-11-24,Presse mecanique,893,22,97.54
2025-11-24,Machine de decoupe laser,877,3,99.66
2025-11-24,Machine de decoupe plasma,962,45,95.32
2025-11-24,Machine de soudage robotisee,936,41,95.62
2025-11-24,Robot assemblage,1031,57,94.47
2025-11-24,Machine de moulage par injection,991,39,96.06
2025-11-24,Machine extrusion,1000,46,95.4
2025-11-24,Machine de pliage,1030,41,96.02
2025-11-24,Machine de polissage,1017,26,97.44
2025-11-24,Machine de peinture industrielle,972,60,93.83
2025-11-24,Machine emballage,965,NaN,95.23
2025-11-24,Etiqueteuse automatique,991,52,94.75
2025-11-24,Convoyeur industriel,929,31,96.66
2025-11-24,Machine de controle qualite par vision,1001,42,95.8
2025-11-24,Machine de palettisation automatique,984,35,96.44
2025-11-25,Machine CNC,644,38,94.1
2025-11-25,Tour industriel,704,39,94.46
2025-11-25,Fraiseuse industrielle,776,49,93.69
2025-11-25,Perceuse a colonne,748,40,94.65
2025-11-25,Presse hydraulique,851,28,96.71
2025-11-25,Presse mecanique,884,22,97.51
2025-11-25,Machine de decoupe laser,939,5,99.47
2025-11-25,Machine de decoupe plasma,982,51,94.81
2025-11-25,Machine de soudage robotisee,980,48,95.1
2025-11-25,Robot assemblage,965,45,95.34
2025-11-25,Machine de moulage par injection,1028,54,94.75
2025-11-25,Machine extrusion,995,55,94.47
2025-11-25,Machine de pliage,1020,44,95.69
2025-11-25,Machine de polissage,1023,26,97.46
2025-11-25,Machine de peinture industrielle,950,70,92.63
2025-11-25,Machine emballage,937,46,95.09
2025-11-25,Etiqueteuse automatique,948,27,97.15
2025-11-25,Convoyeur industriel,NaN,24,97.49
2025-11-25,Machine de controle qualite par vision,1003,24,97.61
2025-11-25,Machine de palettisation automatique,1023,33,96.77
2025-11-26,Machine CNC,730,46,93.7
2025-11-26,Tour industriel,732,48,93.44
2025-11-26,Fraiseuse industrielle,790,50,93.67
2025-11-26,Perceuse a colonne,825,49,94.06
2025-11-26,Presse hydraulique,873,32,96.33
2025-11-26,Presse mecanique,888,19,97.86
2025-11-26,Machine de decoupe laser,964,10,98.96
2025-11-26,Machine de decoupe plasma,926,46,95.03
2025-11-26,Machine de soudage robotisee,929,50,94.62
2025-11-26,Robot assemblage,999,37,96.3
2025-11-26,Machine de moulage par injection,952,43,95.48
2025-11-26,Machine extrusion,984,49,95.02
2025-11-26,Machine de pliage,993,32,96.78
2025-11-26,Machine de polissage,989,26,97.37
2025-11-26,Machine de peinture industrielle,951,58,93.9
2025-11-26,Machine emballage,970,54,94.43
2025-11-26,Etiqueteuse automatique,913,30,96.71
2025-11-26,Convoyeur industriel,958,33,96.56
2025-11-26,Machine de controle qualite par vision,983,29,97.05
2025-11-26,Machine de palettisation automatique,1035,30,97.1
2025-11-27,Machine CNC,774,43,94.44
2025-11-27,Tour industriel,765,53,93.07
2025-11-27,Fraiseuse industrielle,848,48,94.34
2025-11-27,Perceuse a colonne,851,44,94.83
2025-11-27,Presse hydraulique,836,31,NaN
2025-11-27,Presse mecanique,868,20,97.7
2025-11-27,Machine de decoupe laser,876,7,99.2
2025-11-27,Machine de decoupe plasma,869,44,94.94
2025-11-27,Machine de soudage robotisee,1007,45,95.53
2025-11-27,Robot assemblage,972,43,95.58
2025-11-27,Machine de moulage par injection,930,45,95.16
2025-11-27,Machine extrusion,923,36,96.1
2025-11-27,Machine de pliage,941,47,95.01
2025-11-27,Machine de polissage,998,11,98.9
2025-11-27,Machine de peinture industrielle,950,53,94.42
2025-11-27,Machine emballage,999,50,94.99
2025-11-27,Etiqueteuse automatique,1020,35,96.57
2025-11-27,Convoyeur industriel,984,36,96.34
2025-11-27,Machine de controle qualite par vision,1068,41,96.16
2025-11-27,Machine de palettisation automatique,1071,36,96.64
2025-11-28,Machine CNC,710,42,94.08
2025-11-28,Tour industriel,720,47,93.47
2025-11-28,Fraiseuse industrielle,796,44,94.47
2025-11-28,Perceuse a colonne,812,52,93.6
2025-11-28,Presse hydraulique,794,31,96.1
2025-11-28,Presse mecanique,869,19,97.81
2025-11-28,Machine de decoupe laser,817,8,99.02
2025-11-28,Machine de decoupe plasma,881,43,95.12
2025-11-28,Machine de soudage robotisee,918,46,94.99
2025-11-28,Robot assemblage,917,49,94.66
2025-11-28,Machine de moulage par injection,932,41,95.6
2025-11-28,Machine extrusion,903,41,NaN
2025-11-28,Machine de pliage,977,30,96.93
2025-11-28,Machine de polissage,944,25,97.35
2025-11-28,Machine de peinture industrielle,954,49,94.86
2025-11-28,Machine emballage,1053,41,96.11
2025-11-28,Etiqueteuse automatique,1042,38,96.35
2025-11-28,Convoyeur industriel,1026,31,96.98
2025-11-28,Machine de controle qualite par vision,1118,31,97.23
2025-11-28,Machine de palettisation automatique,1097,34,96.9
2025-11-29,Machine CNC,714,47,93.42
2025-11-29,Tour industriel,743,52,93.0
2025-11-29,Fraiseuse industrielle,713,39,94.53
2025-11-29,Perceuse a colonne,744,39,94.76
2025-11-29,Presse hydraulique,798,28,96.49
2025-11-29,Presse mecanique,800,16,98.0
2025-11-29,Machine de decoupe laser,855,3,99.65
2025-11-29,Machine de decoupe plasma,859,41,95.23
2025-11-29,Machine de soudage robotisee,886,47,94.7
2025-11-29,Robot assemblage,979,42,95.71
2025-11-29,Machine de moulage par injection,935,51,94.55
2025-11-29,Machine extrusion,1004,54,94.62
2025-11-29,Machine de pliage,1011,28,97.23
2025-11-29,Machine de polissage,1036,27,97.39
2025-11-29,Machine de peinture industrielle,1042,55,94.72
2025-11-29,Machine emballage,1074,47,95.62
2025-11-29,Etiqueteuse automatique,1036,39,96.24
2025-11-29,Convoyeur industriel,1111,38,96.58
2025-11-29,Machine de controle qualite par vision,1076,43,96.0
2025-11-29,Machine de palettisation automatique,1042,47,95.49
2025-11-30,Machine CNC,682,43,93.7
2025-11-30,Tour industriel,679,45,93.37
2025-11-30,Fraiseuse industrielle,711,44,93.81
2025-11-30,Perceuse a colonne,776,37,95.23
2025-11-30,Presse hydraulique,812,22,97.29
2025-11-30,Presse mecanique,807,16,98.02
2025-11-30,Machine de decoupe laser,881,3,99.66
2025-11-30,Machine de decoupe plasma,920,47,94.89
2025-11-30,Machine de soudage robotisee,948,50,94.73
2025-11-30,Robot assemblage,962,50,94.8
2025-11-30,Machine de moulage par injection,1010,60,94.06
2025-11-30,Machine extrusion,996,50,94.98
2025-11-30,Machine de pliage,1027,35,96.59
2025-11-30,Machine de polissage,NaN,19,98.2
2025-11-30,Machine de peinture industrielle,1068,60,94.38
2025-11-30,Machine emballage,1050,42,96.0
2025-11-30,Etiqueteuse automatique,1051,47,95.53
2025-11-30,Convoyeur industriel,1027,34,96.69
2025-11-30,Machine de controle qualite par vision,1045,34,96.75
2025-11-30,Machine de palettisation automatique,1050,49,95.33
2025-12-01,Machine CNC,644,43,93.32
2025-12-01,Tour industriel,684,43,93.71
2025-12-01,Fraiseuse industrielle,740,45,93.92
2025-12-01,Perceuse a colonne,751,34,95.47
2025-12-01,Presse hydraulique,856,26,96.96
2025-12-01,Presse mecanique,868,17,98.04
2025-12-01,Machine de decoupe laser,937,10,98.93
2025-12-01,Machine de decoupe plasma,958,53,94.47
2025-12-01,Machine de soudage robotisee,1005,54,94.63
2025-12-01,Robot assemblage,1008,46,95.44
2025-12-01,Machine de moulage par injection,956,52,94.56
2025-12-01,Machine extrusion,1075,51,95.26
2025-12-01,Machine de pliage,1076,34,96.84
2025-12-01,Machine de polissage,1035,7,99.32
2025-12-01,Machine de peinture industrielle,978,54,94.48
2025-12-01,Machine emballage,990,44,95.56
2025-12-01,Etiqueteuse automatique,954,37,96.12
2025-12-01,Convoyeur industriel,956,38,96.03
2025-12-01,Machine de controle qualite par vision,998,44,95.59
2025-12-01,Machine de palettisation automatique,956,31,96.76
2025-12-02,Machine CNC,662,47,92.9
2025-12-02,Tour industriel,725,49,93.24
2025-12-02,Fraiseuse industrielle,753,39,94.82
2025-12-02,Perceuse a colonne,760,32,95.79
2025-12-02,Presse hydraulique,829,23,97.23
2025-12-02,Presse mecanique,917,10,98.91
2025-12-02,Machine de decoupe laser,909,7,99.23
2025-12-02,Machine de decoupe plasma,997,53,94.68
2025-12-02,Machine de soudage robotisee,940,49,94.79
2025-12-02,Robot assemblage,1031,51,95.05
2025-12-02,Machine de moulage par injection,1018,55,94.6
2025-12-02,Machine extrusion,1026,49,95.22
2025-12-02,Machine de pliage,986,31,96.86
2025-12-02,Machine de polissage,1009,11,98.91
2025-12-02,Machine de peinture industrielle,998,51,94.89
2025-12-02,Machine emballage,987,42,95.74
2025-12-02,Etiqueteuse automatique,935,37,96.04
2025-12-02,Convoyeur industriel,1004,36,96.41
2025-12-02,Machine de controle qualite par vision,954,51,94.65
2025-12-02,Machine de palettisation automatique,960,38,96.04
2025-12-03,Machine CNC,665,47,92.93
2025-12-03,Tour industriel,746,55,92.63
2025-12-03,Fraiseuse industrielle,776,44,94.33
2025-12-03,Perceuse a colonne,891,39,95.62
2025-12-03,Presse hydraulique,890,25,97.19
2025-12-03,Presse mecanique,914,15,98.36
2025-12-03,Machine de decoupe laser,923,4,99.57
2025-12-03,Machine de decoupe plasma,940,52,94.47
2025-12-03,Machine de soudage robotisee,917,54,94.11
2025-12-03,Robot assemblage,1038,68,93.45
2025-12-03,Machine de moulage par injection,973,45,95.38
2025-12-03,Machine extrusion,968,45,95.35
2025-12-03,Machine de pliage,912,23,97.48
2025-12-03,Machine de polissage,980,13,98.67
2025-12-03,Machine de peinture industrielle,930,51,94.52
2025-12-03,Machine emballage,949,43,95.47
2025-12-03,Etiqueteuse automatique,923,39,95.77
2025-12-03,Convoyeur industriel,973,36,96.3
2025-12-03,Machine de controle qualite par vision,1006,37,96.32
2025-12-03,Machine de palettisation automatique,1059,41,96.13
2025-12-04,Machine CNC,737,53,92.81
2025-12-04,Tour industriel,742,54,92.72
2025-12-04,Fraiseuse industrielle,795,52,93.46
2025-12-04,Perceuse a colonne,821,37,95.49
2025-12-04,Presse hydraulique,873,23,97.37
2025-12-04,Presse mecanique,879,12,98.63
2025-12-04,Machine de decoupe laser,903,3,99.67
2025-12-04,Machine de decoupe plasma,905,54,94.03
2025-12-04,Machine de soudage robotisee,865,42,95.14
2025-12-04,Robot assemblage,945,57,93.97
2025-12-04,Machine de moulage par injection,909,54,94.06
2025-12-04,Machine extrusion,921,38,95.87
2025-12-04,Machine de pliage,943,29,96.92
2025-12-04,Machine de polissage,931,23,97.53
2025-12-04,Machine de peinture industrielle,972,48,95.06
2025-12-04,Machine emballage,1041,40,96.16
2025-12-04,Etiqueteuse automatique,988,41,95.85
2025-12-04,Convoyeur industriel,1006,45,95.53
2025-12-04,Machine de controle qualite par vision,1038,49,95.28
2025-12-04,Machine de palettisation automatique,1073,35,96.74
2025-12-05,Machine CNC,710,50,92.96
2025-12-05,Tour industriel,760,53,93.03
2025-12-05,Fraiseuse industrielle,786,41,94.78
2025-12-05,Perceuse a colonne,787,30,96.19
2025-12-05,Presse hydraulique,812,18,97.78
2025-12-05,Presse mecanique,832,7,99.16
2025-12-05,Machine de decoupe laser,912,7,99.23
2025-12-05,Machine de decoupe plasma,934,56,94.0
2025-12-05,Machine de soudage robotisee,931,53,94.31
2025-12-05,Robot assemblage,913,60,93.43
2025-12-05,Machine de moulage par injection,831,41,95.07
2025-12-05,Machine extrusion,937,36,96.16
2025-12-05,Machine de pliage,1020,31,96.96
2025-12-05,Machine de polissage,1005,14,98.61
2025-12-05,Machine de peinture industrielle,988,50,94.94
2025-12-05,Machine emballage,1007,40,96.03
2025-12-05,Etiqueteuse automatique,1066,49,95.4
2025-12-05,Convoyeur industriel,1028,30,97.08
2025-12-05,Machine de controle qualite par vision,1071,46,95.7
2025-12-05,Machine de palettisation automatique,1103,34,96.92
2025-12-06,Machine CNC,663,44,93.36
2025-12-06,Tour industriel,750,44,94.13
2025-12-06,Fraiseuse industrielle,758,33,95.65
2025-12-06,Perceuse a colonne,809,32,96.04
2025-12-06,Presse hydraulique,776,14,98.2
2025-12-06,Presse mecanique,829,13,98.43
2025-12-06,Machine de decoupe laser,890,4,99.55
2025-12-06,Machine de decoupe plasma,848,51,93.99
2025-12-06,Machine de soudage robotisee,892,58,93.5
2025-12-06,Robot assemblage,936,54,94.23
2025-12-06,Machine de moulage par injection,956,52,94.56
2025-12-06,Machine extrusion,1026,45,95.61
2025-12-06,Machine de pliage,1015,29,97.14
2025-12-06,Machine de polissage,1033,16,98.45
2025-12-06,Machine de peinture industrielle,995,62,93.77
2025-12-06,Machine emballage,1017,45,95.58
2025-12-06,Etiqueteuse automatique,1065,43,95.96
2025-12-06,Convoyeur industriel,1031,43,95.83
2025-12-06,Machine de controle qualite par vision,1032,38,96.32
2025-12-06,Machine de palettisation automatique,1028,49,95.23
2025-12-07,Machine CNC,628,48,92.36
2025-12-07,Tour industriel,692,45,93.5
2025-12-07,Fraiseuse industrielle,714,38,94.68
2025-12-07,Perceuse a colonne,755,28,96.29
2025-12-07,Presse hydraulique,769,21,97.27
2025-12-07,Presse mecanique,810,12,98.52
2025-12-07,Machine de decoupe laser,857,4,99.53
2025-12-07,Machine de decoupe plasma,938,60,93.6
2025-12-07,Machine de soudage robotisee,886,47,94.7
2025-12-07,Robot assemblage,966,52,94.62
2025-12-07,Machine de moulage par injection,983,60,93.9
2025-12-07,Machine extrusion,981,43,95.62
2025-12-07,Machine de pliage,1046,30,97.13
2025-12-07,Machine de polissage,1043,12,98.85
2025-12-07,Machine de peinture industrielle,959,43,95.52
2025-12-07,Machine emballage,992,44,95.56
2025-12-07,Etiqueteuse automatique,1033,46,95.55
2025-12-07,Convoyeur industriel,1007,48,95.23
2025-12-07,Machine de controle qualite par vision,1029,39,96.21
2025-12-07,Machine de palettisation automatique,985,28,97.16
2025-12-08,Machine CNC,658,46,93.01
2025-12-08,Tour industriel,706,44,93.77
2025-12-08,Fraiseuse industrielle,715,40,94.41
2025-12-08,Perceuse a colonne,770,27,96.49
2025-12-08,Presse hydraulique,855,24,97.19
2025-12-08,Presse mecanique,867,14,98.39
2025-12-08,Machine de decoupe laser,904,11,98.78
2025-12-08,Machine de decoupe plasma,961,62,93.55
2025-12-08,Machine de soudage robotisee,999,61,93.89
2025-12-08,Robot assemblage,1001,55,94.51
2025-12-08,Machine de moulage par injection,1059,50,95.28
2025-12-08,Machine extrusion,1053,36,96.58
2025-12-08,Machine de pliage,1066,21,98.03
2025-12-08,Machine de polissage,1027,11,98.93
2025-12-08,Machine de peinture industrielle,993,54,94.56
2025-12-08,Machine emballage,981,53,94.6
2025-12-08,Etiqueteuse automatique,991,46,95.36
2025-12-08,Convoyeur industriel,986,51,94.83
2025-12-08,Machine de controle qualite par vision,972,47,95.16
2025-12-08,Machine de palettisation automatique,966,43,95.55
2025-12-09,Machine CNC,648,47,92.75
2025-12-09,Tour industriel,717,47,93.44
2025-12-09,Fraiseuse industrielle,758,38,94.99
2025-12-09,Perceuse a colonne,830,25,96.99
2025-12-09,Presse hydraulique,829,17,97.95
2025-12-09,Presse mecanique,931,23,97.53
2025-12-09,Machine de decoupe laser,932,4,99.57
2025-12-09,Machine de decoupe plasma,955,58,93.93
2025-12-09,Machine de soudage robotisee,988,61,93.83
2025-12-09,Robot assemblage,981,58,94.09
2025-12-09,Machine de moulage par injection,963,57,94.08
2025-12-09,Machine extrusion,988,40,95.95
2025-12-09,Machine de pliage,998,16,98.4
2025-12-09,Machine de polissage,916,12,98.69
2025-12-09,Machine de peinture industrielle,921,44,95.22
2025-12-09,Machine emballage,907,41,95.48
2025-12-09,Etiqueteuse automatique,959,46,95.2
2025-12-09,Convoyeur industriel,921,44,95.22
2025-12-09,Machine de controle qualite par vision,993,40,95.97
2025-12-09,Machine de palettisation automatique,1001,37,96.3
2025-12-10,Machine CNC,728,57,92.17
2025-12-10,Tour industriel,740,52,92.97
2025-12-10,Fraiseuse industrielle,764,46,93.98
2025-12-10,Perceuse a colonne,830,27,96.75
2025-12-10,Presse hydraulique,880,16,98.18
2025-12-10,Presse mecanique,943,12,98.73
2025-12-10,Machine de decoupe laser,962,7,99.27
2025-12-10,Machine de decoupe plasma,954,60,93.71
2025-12-10,Machine de soudage robotisee,984,62,93.7
2025-12-10,Robot assemblage,1010,60,94.06
2025-12-10,Machine de moulage par injection,957,53,94.46
2025-12-10,Machine extrusion,933,33,96.46
2025-12-10,Machine de pliage,964,23,97.61
2025-12-10,Machine de polissage,961,15,98.44
2025-12-10,Machine de peinture industrielle,970,46,95.26
2025-12-10,Machine emballage,918,45,95.1
2025-12-10,Etiqueteuse automatique,938,46,95.1
2025-12-10,Convoyeur industriel,967,55,94.31
2025-12-10,Machine de controle qualite par vision,982,53,94.6
2025-12-10,Machine de palettisation automatique,1041,30,97.12
2025-12-11,Machine CNC,761,59,92.25
2025-12-11,Tour industriel,806,52,93.55
2025-12-11,Fraiseuse industrielle,831,44,94.71
2025-12-11,Perceuse a colonne,831,27,96.75
2025-12-11,Presse hydraulique,880,21,97.61
2025-12-11,Presse mecanique,897,8,99.11
2025-12-11,Machine de decoupe laser,910,13,98.57
2025-12-11,Machine de decoupe plasma,916,60,93.45
2025-12-11,Machine de soudage robotisee,945,54,94.29
2025-12-11,Robot assemblage,922,61,93.38
2025-12-11,Machine de moulage par injection,920,48,94.78
2025-12-11,Machine extrusion,877,33,96.24
2025-12-11,Machine de pliage,937,21,97.76
2025-12-11,Machine de polissage,960,6,99.38
2025-12-11,Machine de peinture industrielle,965,49,94.92
2025-12-11,Machine emballage,951,45,95.27
2025-12-11,Etiqueteuse automatique,974,55,94.35
2025-12-11,Convoyeur industriel,1036,43,95.85
2025-12-11,Machine de controle qualite par vision,1015,39,96.16
2025-12-11,Machine de palettisation automatique,1090,48,95.6
2025-12-12,Machine CNC,725,57,92.14
2025-12-12,Tour industriel,739,38,94.86
2025-12-12,Fraiseuse industrielle,779,40,94.87
2025-12-12,Perceuse a colonne,816,22,97.3
2025-12-12,Presse hydraulique,833,17,97.96
2025-12-12,Presse mecanique,843,10,98.81
2025-12-12,Machine de decoupe laser,893,13,98.54
2025-12-12,Machine de decoupe plasma,831,52,93.74
2025-12-12,Machine de soudage robotisee,894,55,93.85
2025-12-12,Robot assemblage,861,56,93.5
2025-12-12,Machine de moulage par injection,932,52,94.42
2025-12-12,Machine extrusion,926,29,96.87
2025-12-12,Machine de pliage,959,19,98.02
2025-12-12,Machine de polissage,1010,10,99.01
2025-12-12,Machine de peinture industrielle,956,44,95.4
2025-12-12,Machine emballage,1014,47,95.36
2025-12-12,Etiqueteuse automatique,996,49,95.08
2025-12-12,Convoyeur industriel,1051,59,94.39
2025-12-12,Machine de controle qualite par vision,1057,46,95.65
2025-12-12,Machine de palettisation automatique,1078,33,96.94
2025-12-13,Machine CNC,701,55,92.15
2025-12-13,Tour industriel,708,50,92.94
2025-12-13,Fraiseuse industrielle,765,39,94.9
2025-12-13,Perceuse a colonne,778,26,96.66
2025-12-13,Presse hydraulique,809,19,97.65
2025-12-13,Presse mecanique,864,9,98.96
2025-12-13,Machine de decoupe laser,893,14,98.43
2025-12-13,Machine de decoupe plasma,898,61,93.21
2025-12-13,Machine de soudage robotisee,904,61,93.25
2025-12-13,Robot assemblage,900,54,94.0
2025-12-13,Machine de moulage par injection,939,49,94.78
2025-12-13,Machine extrusion,999,37,96.3
2025-12-13,Machine de pliage,983,13,98.68
2025-12-13,Machine de polissage,985,3,99.7
2025-12-13,Machine de peinture industrielle,1040,52,95.0
2025-12-13,Machine emballage,995,43,95.68
2025-12-13,Etiqueteuse automatique,1045,61,94.16
2025-12-13,Convoyeur industriel,1039,53,94.9
2025-12-13,Machine de controle qualite par vision,1013,47,95.36
2025-12-13,Machine de palettisation automatique,1039,27,97.4
2025-12-14,Machine CNC,704,46,93.47
2025-12-14,Tour industriel,725,49,93.24
2025-12-14,Fraiseuse industrielle,783,38,95.15
2025-12-14,Perceuse a colonne,741,26,96.49
2025-12-14,Presse hydraulique,854,18,97.89
2025-12-14,Presse mecanique,867,10,98.85
2025-12-14,Machine de decoupe laser,894,13,98.55
2025-12-14,Machine de decoupe plasma,884,63,92.87
2025-12-14,Machine de soudage robotisee,980,68,93.06
2025-12-14,Robot assemblage,1017,57,94.4
2025-12-14,Machine de moulage par injection,1037,49,95.27
2025-12-14,Machine extrusion,970,26,97.32
2025-12-14,Machine de pliage,1029,10,99.03
2025-12-14,Machine de polissage,1009,7,99.31
2025-12-14,Machine de peinture industrielle,985,48,95.13
2025-12-14,Machine emballage,1025,54,94.73
2025-12-14,Etiqueteuse automatique,986,51,94.83
2025-12-14,Convoyeur industriel,1023,55,94.62
2025-12-14,Machine de controle qualite par vision,1016,49,95.18
2025-12-14,Machine de palettisation automatique,1039,31,97.02
2025-12-15,Machine CNC,661,50,92.44
2025-12-15,Tour industriel,721,39,94.59
2025-12-15,Fraiseuse industrielle,747,35,95.31
2025-12-15,Perceuse a colonne,765,23,96.99
2025-12-15,Presse hydraulique,819,13,98.41
2025-12-15,Presse mecanique,871,13,98.51
2025-12-15,Machine de decoupe laser,895,22,97.54
2025-12-15,Machine de decoupe plasma,928,66,92.89
2025-12-15,Machine de soudage robotisee,985,64,93.5
2025-12-15,Robot assemblage,999,64,93.59
2025-12-15,Machine de moulage par injection,1002,51,94.91
2025-12-15,Machine extrusion,998,26,97.39
2025-12-15,Machine de pliage,1018,9,99.12
2025-12-15,Machine de polissage,1058,4,99.62
2025-12-15,Machine de peinture industrielle,1015,50,95.07
2025-12-15,Machine emballage,942,44,95.33
2025-12-15,Etiqueteuse automatique,1023,54,94.72
2025-12-15,Convoyeur industriel,908,41,95.48
2025-12-15,Machine de controle qualite par vision,913,37,95.95
2025-12-15,Machine de palettisation automatique,945,29,96.93
2025-12-16,Machine CNC,694,49,92.94
2025-12-16,Tour industriel,733,45,93.86
2025-12-16,Fraiseuse industrielle,726,33,95.45
2025-12-16,Perceuse a colonne,763,18,97.64
2025-12-16,Presse hydraulique,899,17,98.11
2025-12-16,Presse mecanique,879,10,98.86
2025-12-16,Machine de decoupe laser,946,10,98.94
2025-12-16,Machine de decoupe plasma,927,69,92.56
2025-12-16,Machine de soudage robotisee,991,62,93.74
2025-12-16,Robot assemblage,1035,60,94.2
2025-12-16,Machine de moulage par injection,1031,46,95.54
2025-12-16,Machine extrusion,1001,26,97.4
2025-12-16,Machine de pliage,969,11,98.86
2025-12-16,Machine de polissage,953,6,99.37
2025-12-16,Machine de peinture industrielle,991,50,94.95
2025-12-16,Machine emballage,961,49,94.9
2025-12-16,Etiqueteuse automatique,937,52,94.45
2025-12-16,Convoyeur industriel,988,57,94.23
2025-12-16,Machine de controle qualite par vision,931,36,96.13
2025-12-16,Machine de palettisation automatique,999,34,96.6
2025-12-17,Machine CNC,693,51,92.64
2025-12-17,Tour industriel,745,45,93.96
2025-12-17,Fraiseuse industrielle,810,43,94.69
2025-12-17,Perceuse a colonne,877,23,97.38
2025-12-17,Presse hydraulique,856,24,97.2
2025-12-17,Presse mecanique,NaN,13,98.55
2025-12-17,Machine de decoupe laser,970,21,97.84
2025-12-17,Machine de decoupe plasma,991,68,NaN
2025-12-17,Machine de soudage robotisee,945,62,93.44
2025-12-17,Robot assemblage,948,56,94.09
2025-12-17,Machine de moulage par injection,945,39,95.87
2025-12-17,Machine extrusion,930,35,96.24
2025-12-17,Machine de pliage,947,19,97.99
2025-12-17,Machine de polissage,943,3,99.68
2025-12-17,Machine de peinture industrielle,901,51,94.34
2025-12-17,Machine emballage,937,56,94.02
2025-12-17,Etiqueteuse automatique,923,59,93.61
2025-12-17,Convoyeur industriel,996,55,94.48
2025-12-17,Machine de controle qualite par vision,968,38,96.07
2025-12-17,Machine de palettisation automatique,1030,25,97.57
2025-12-18,Machine CNC,763,53,93.05
2025-12-18,Tour industriel,805,42,94.78
2025-12-18,Fraiseuse industrielle,781,30,96.16
2025-12-18,Perceuse a colonne,795,28,96.48
2025-12-18,Presse hydraulique,878,15,98.29
2025-12-18,Presse mecanique,867,16,98.15
2025-12-18,Machine de decoupe laser,876,11,98.74
2025-12-18,Machine de decoupe plasma,891,69,92.26
2025-12-18,Machine de soudage robotisee,904,68,92.48
2025-12-18,Robot assemblage,908,51,94.38
2025-12-18,Machine de moulage par injection,885,43,95.14
2025-12-18,Machine extrusion,928,27,97.09
2025-12-18,Machine de pliage,944,5,99.47
2025-12-18,Machine de polissage,979,3,99.69
2025-12-18,Machine de peinture industrielle,923,58,93.72
2025-12-18,Machine emballage,947,53,94.4
2025-12-18,Etiqueteuse automatique,973,55,94.35
2025-12-18,Convoyeur industriel,993,55,94.46
2025-12-18,Machine de controle qualite par vision,1047,39,96.28
2025-12-18,Machine de palettisation automatique,1054,27,97.44
2025-12-19,Machine CNC,720,58,91.94
2025-12-19,Tour industriel,784,42,94.64
2025-12-19,Fraiseuse industrielle,813,36,95.57
2025-12-19,Perceuse a colonne,852,30,96.48
2025-12-19,Presse hydraulique,851,13,98.47
2025-12-19,Presse mecanique,870,18,NaN
2025-12-19,Machine de decoupe laser,858,12,98.6
2025-12-19,Machine de decoupe plasma,926,57,NaN
2025-12-19,Machine de soudage robotisee,900,54,94.0
2025-12-19,Robot assemblage,909,47,94.83
2025-12-19,Machine de moulage par injection,966,35,96.38
2025-12-19,Machine extrusion,892,20,97.76
2025-12-19,Machine de pliage,937,15,98.4
2025-12-19,Machine de polissage,983,4,99.59
2025-12-19,Machine de peinture industrielle,999,54,94.59
2025-12-19,Machine emballage,981,62,93.68
2025-12-19,Etiqueteuse automatique,1006,59,94.14
2025-12-19,Convoyeur industriel,1044,52,95.02
2025-12-19,Machine de controle qualite par vision,1070,55,94.86
2025-12-19,Machine de palettisation automatique,1022,29,97.16
2025-12-20,Machine CNC,746,53,92.9
2025-12-20,Tour industriel,759,44,94.2
2025-12-20,Fraiseuse industrielle,763,36,95.28
2025-12-20,Perceuse a colonne,758,15,98.02
2025-12-20,Presse hydraulique,780,12,98.46
2025-12-20,Presse mecanique,831,17,97.95
2025-12-20,Machine de decoupe laser,881,22,97.5
2025-12-20,Machine de decoupe plasma,868,61,92.97
2025-12-20,Machine de soudage robotisee,908,61,93.28
2025-12-20,Robot assemblage,919,46,94.99
2025-12-20,Machine de moulage par injection,1003,40,96.01
2025-12-20,Machine extrusion,930,23,97.53
2025-12-20,Machine de pliage,978,7,99.28
2025-12-20,Machine de polissage,970,7,99.28
2025-12-20,Machine de peinture industrielle,977,53,94.58
2025-12-20,Machine emballage,1019,59,94.21
2025-12-20,Etiqueteuse automatique,1047,63,93.98
2025-12-20,Convoyeur industriel,1051,59,94.39
2025-12-20,Machine de controle qualite par vision,990,41,95.86
2025-12-20,Machine de palettisation automatique,1036,29,97.2
2025-12-21,Machine CNC,673,44,93.46
2025-12-21,Tour industriel,684,33,95.18
2025-12-21,Fraiseuse industrielle,763,24,96.85
2025-12-21,Perceuse a colonne,777,12,98.46
2025-12-21,Presse hydraulique,778,20,97.43
2025-12-21,Presse mecanique,847,17,97.99
2025-12-21,Machine de decoupe laser,845,21,97.51
2025-12-21,Machine de decoupe plasma,916,66,92.79
2025-12-21,Machine de soudage robotisee,892,60,93.27
2025-12-21,Robot assemblage,994,50,94.97
2025-12-21,Machine de moulage par injection,952,37,96.11
2025-12-21,Machine extrusion,1022,25,97.55
2025-12-21,Machine de pliage,1039,12,98.85
2025-12-21,Machine de polissage,1016,12,98.82
2025-12-21,Machine de peinture industrielle,1014,60,94.08
2025-12-21,Machine emballage,1074,61,94.32
2025-12-21,Etiqueteuse automatique,1014,63,93.79
2025-12-21,Convoyeur industriel,990,45,95.45
2025-12-21,Machine de controle qualite par vision,973,38,96.09
2025-12-21,Machine de palettisation automatique,972,22,97.74
2025-12-22,Machine CNC,667,46,93.1
2025-12-22,Tour industriel,681,31,95.45
2025-12-22,Fraiseuse industrielle,756,30,96.03
2025-12-22,Perceuse a colonne,746,19,97.45
2025-12-22,Presse hydraulique,831,20,97.59
2025-12-22,Presse mecanique,847,12,NaN
2025-12-22,Machine de decoupe laser,960,22,97.71
2025-12-22,Machine de decoupe plasma,921,59,93.59
2025-12-22,Machine de soudage robotisee,1008,67,93.35
2025-12-22,Robot assemblage,1041,52,95.0
2025-12-22,Machine de moulage par injection,994,35,96.48
2025-12-22,Machine extrusion,986,21,97.87
2025-12-22,Machine de pliage,1051,15,98.57
2025-12-22,Machine de polissage,960,12,98.75
2025-12-22,Machine de peinture industrielle,1055,68,93.55
2025-12-22,Machine emballage,964,65,93.26
2025-12-22,Etiqueteuse automatique,975,50,94.87
2025-12-22,Convoyeur industriel,981,42,95.72
2025-12-22,Machine de controle qualite par vision,1017,42,95.87
2025-12-22,Machine de palettisation automatique,1018,16,98.43
2025-12-23,Machine CNC,607,39,93.57
2025-12-23,Tour industriel,672,35,94.79
2025-12-23,Fraiseuse industrielle,787,32,95.93
2025-12-23,Perceuse a colonne,837,24,97.13
2025-12-23,Presse hydraulique,922,22,97.61
2025-12-23,Presse mecanique,931,19,97.96
2025-12-23,Machine de decoupe laser,1004,23,97.71
2025-12-23,Machine de decoupe plasma,996,67,93.27
2025-12-23,Machine de soudage robotisee,972,60,93.83
2025-12-23,Robot assemblage,1042,58,94.43
2025-12-23,Machine de moulage par injection,1075,43,96.0
2025-12-23,Machine extrusion,952,23,97.58
2025-12-23,Machine de pliage,959,14,98.54
2025-12-23,Machine de polissage,1029,14,98.64
2025-12-23,Machine de peinture industrielle,904,58,93.58
2025-12-23,Machine emballage,911,57,93.74
2025-12-23,Etiqueteuse automatique,934,57,93.9
2025-12-23,Convoyeur industriel,894,45,94.97
2025-12-23,Machine de controle qualite par vision,930,35,96.24
2025-12-23,Machine de palettisation automatique,987,9,99.09
2025-12-24,Machine CNC,701,46,93.44
2025-12-24,Tour industriel,790,41,94.81
2025-12-24,Fraiseuse industrielle,766,33,95.69
2025-12-24,Perceuse a colonne,888,25,97.18
2025-12-24,Presse hydraulique,913,20,97.81
2025-12-24,Presse mecanique,937,30,96.8
2025-12-24,Machine de decoupe laser,924,24,97.4
2025-12-24,Machine de decoupe plasma,980,70,92.86
2025-12-24,Machine de soudage robotisee,927,65,92.99
2025-12-24,Robot assemblage,1004,54,94.62
2025-12-24,Machine de moulage par injection,939,36,96.17
2025-12-24,Machine extrusion,946,26,97.25
2025-12-24,Machine de pliage,938,13,98.61
2025-12-24,Machine de polissage,907,13,98.57
2025-12-24,Machine de peinture industrielle,932,58,93.78
2025-12-24,Machine emballage,936,54,94.23
2025-12-24,Etiqueteuse automatique,941,47,95.01
2025-12-24,Convoyeur industriel,1013,50,95.06
2025-12-24,Machine de controle qualite par vision,969,32,96.7
2025-12-24,Machine de palettisation automatique,1027,16,98.44
2025-12-25,Machine CNC,683,39,94.29
2025-12-25,Tour industriel,817,33,95.96
2025-12-25,Fraiseuse industrielle,804,25,96.89
2025-12-25,Perceuse a colonne,866,31,96.42
2025-12-25,Presse hydraulique,900,18,98.0
2025-12-25,Presse mecanique,883,19,97.85
2025-12-25,Machine de decoupe laser,908,23,97.47
2025-12-25,Machine de decoupe plasma,915,67,92.68
2025-12-25,Machine de soudage robotisee,932,63,93.24
2025-12-25,Robot assemblage,914,41,95.51
2025-12-25,Machine de moulage par injection,896,23,97.43
2025-12-25,Machine extrusion,896,15,98.33
2025-12-25,Machine de pliage,937,17,98.19
2025-12-25,Machine de polissage,897,12,98.66
2025-12-25,Machine de peinture industrielle,974,58,94.05
2025-12-25,Machine emballage,1008,74,92.66
2025-12-25,Etiqueteuse automatique,1010,64,93.66
2025-12-25,Convoyeur industriel,1041,51,95.1
2025-12-25,Machine de controle qualite par vision,1029,33,96.79
2025-12-25,Machine de palettisation automatique,1052,14,98.67
2025-12-26,Machine CNC,759,47,93.81
2025-12-26,Tour industriel,749,35,95.33
2025-12-26,Fraiseuse industrielle,812,28,96.55
2025-12-26,Perceuse a colonne,787,22,97.2
2025-12-26,Presse hydraulique,865,17,98.03
2025-12-26,Presse mecanique,841,20,97.62
2025-12-26,Machine de decoupe laser,840,23,97.26
2025-12-26,Machine de decoupe plasma,899,66,92.66
2025-12-26,Machine de soudage robotisee,902,56,93.79
2025-12-26,Robot assemblage,906,41,95.47
2025-12-26,Machine de moulage par injection,911,17,98.13
2025-12-26,Machine extrusion,930,21,97.74
2025-12-26,Machine de pliage,989,3,99.7
2025-12-26,Machine de polissage,949,3,99.68
2025-12-26,Machine de peinture industrielle,978,63,93.56
2025-12-26,Machine emballage,918,61,93.36
2025-12-26,Etiqueteuse automatique,1012,65,93.58
2025-12-26,Convoyeur industriel,1069,50,95.32
2025-12-26,Machine de controle qualite par vision,1025,24,97.66
2025-12-26,Machine de palettisation automatique,1044,10,99.04
2025-12-27,Machine CNC,717,46,93.58
2025-12-27,Tour industriel,755,38,94.97
2025-12-27,Fraiseuse industrielle,771,25,96.76
2025-12-27,Perceuse a colonne,772,19,97.54
2025-12-27,Presse hydraulique,884,21,97.62
2025-12-27,Presse mecanique,872,31,96.44
2025-12-27,Machine de decoupe laser,850,26,96.94
2025-12-27,Machine de decoupe plasma,869,73,91.6
2025-12-27,Machine de soudage robotisee,934,57,93.9
2025-12-27,Robot assemblage,874,36,95.88
2025-12-27,Machine de moulage par injection,933,30,96.78
2025-12-27,Machine extrusion,914,13,98.58
2025-12-27,Machine de pliage,977,11,98.87
2025-12-27,Machine de polissage,1008,19,98.12
2025-12-27,Machine de peinture industrielle,1019,67,93.42
2025-12-27,Machine emballage,944,62,93.43
2025-12-27,Etiqueteuse automatique,1019,62,93.92
2025-12-27,Convoyeur industriel,1033,45,95.64
2025-12-27,Machine de controle qualite par vision,1035,32,96.91
2025-12-27,Machine de palettisation automatique,1055,15,98.58
2025-12-28,Machine CNC,651,37,94.32
2025-12-28,Tour industriel,714,29,95.94
2025-12-28,Fraiseuse industrielle,759,32,95.78
2025-12-28,Perceuse a colonne,705,23,96.74
2025-12-28,Presse hydraulique,828,20,97.58
2025-12-28,Presse mecanique,834,18,97.84
2025-12-28,Machine de decoupe laser,850,22,97.41
2025-12-28,Machine de decoupe plasma,906,67,92.6
2025-12-28,Machine de soudage robotisee,924,51,94.48
2025-12-28,Robot assemblage,954,38,96.02
2025-12-28,Machine de moulage par injection,947,28,97.04
2025-12-28,Machine extrusion,962,19,98.02
2025-12-28,Machine de pliage,988,23,97.67
2025-12-28,Machine de polissage,986,12,98.78
2025-12-28,Machine de peinture industrielle,1037,66,93.64
2025-12-28,Machine emballage,1016,65,93.6
2025-12-28,Etiqueteuse automatique,952,57,NaN
2025-12-28,Convoyeur industriel,958,45,95.3
2025-12-28,Machine de controle qualite par vision,974,32,96.71
2025-12-28,Machine de palettisation automatique,896,13,98.55
2025-12-29,Machine CNC,634,40,93.69
2025-12-29,Tour industriel,765,34,95.56
2025-12-29,Fraiseuse industrielle,736,24,96.74
2025-12-29,Perceuse a colonne,798,26,96.74
2025-12-29,Presse hydraulique,831,27,96.75
2025-12-29,Presse mecanique,834,22,97.36
2025-12-29,Machine de decoupe laser,929,21,97.74
2025-12-29,Machine de decoupe plasma,904,62,93.14
2025-12-29,Machine de soudage robotisee,1012,67,93.38
2025-12-29,Robot assemblage,972,NaN,95.37
2025-12-29,Machine de moulage par injection,940,28,97.02
2025-12-29,Machine extrusion,1004,18,98.21
2025-12-29,Machine de pliage,1022,16,98.43
2025-12-29,Machine de polissage,997,15,98.5
2025-12-29,Machine de peinture industrielle,990,65,93.43
2025-12-29,Machine emballage,1021,60,94.12
2025-12-29,Etiqueteuse automatique,955,57,94.03
2025-12-29,Convoyeur industriel,959,48,94.99
2025-12-29,Machine de controle qualite par vision,990,32,96.77
2025-12-29,Machine de palettisation automatique,972,23,97.63
2025-12-30,Machine CNC,702,41,94.16
2025-12-30,Tour industriel,765,34,95.56
2025-12-30,Fraiseuse industrielle,793,34,95.71
2025-12-30,Perceuse a colonne,856,31,96.38
2025-12-30,Presse hydraulique,888,25,97.18
2025-12-30,Presse mecanique,907,31,96.58
2025-12-30,Machine de decoupe laser,957,30,96.87
2025-12-30,Machine de decoupe plasma,967,63,93.49
2025-12-30,Machine de soudage robotisee,994,53,94.67
2025-12-30,Robot assemblage,1041,57,94.52
2025-12-30,Machine de moulage par injection,989,30,96.97
2025-12-30,Machine extrusion,988,26,97.37
2025-12-30,Machine de pliage,990,13,98.69
2025-12-30,Machine de polissage,983,14,98.58
2025-12-30,Machine de peinture industrielle,931,61,93.45
2025-12-30,Machine emballage,952,56,94.12
2025-12-30,Etiqueteuse automatique,905,56,93.81
2025-12-30,Convoyeur industriel,928,38,95.91
2025-12-30,Machine de controle qualite par vision,918,26,97.17
2025-12-30,Machine de palettisation automatique,983,7,99.29
2025-12-31,Machine CNC,723,46,93.64
2025-12-31,Tour industriel,760,35,95.39
2025-12-31,Fraiseuse industrielle,791,27,96.59
2025-12-31,Perceuse a colonne,849,29,96.58
2025-12-31,Presse hydraulique,892,29,96.75
2025-12-31,Presse mecanique,911,31,96.6
2025-12-31,Machine de decoupe laser,983,26,97.36
2025-12-31,Machine de decoupe plasma,961,72,92.51
2025-12-31,Machine de soudage robotisee,980,55,94.39
2025-12-31,Robot assemblage,958,40,95.82
2025-12-31,Machine de moulage par injection,932,19,97.96
2025-12-31,Machine extrusion,952,23,97.58
2025-12-31,Machine de pliage,977,12,98.77
2025-12-31,Machine de polissage,835,14,98.32
2025-12-31,Machine de peinture industrielle,944,69,92.69
2025-12-31,Machine emballage,963,55,94.29
2025-12-31,Etiqueteuse automatique,918,48,94.77
2025-12-31,Convoyeur industriel,948,38,95.99
2025-12-31,Machine de controle qualite par vision,975,29,97.03
2025-12-31,Machine de palettisation automatique,1010,19,98.12
